employee_id,employee_name,age,gender,department,job_role,education,location,hire_date,years_at_company,manager_id,attendance_date,attendance_status,check_in,check_out,late_minutes,working_hours,gps_checkin,face_recognition,biometric_status,qr_checkin,shift_type,overtime_hours,shift_swap_requested,leave_type,leave_days_taken,leave_balance,leave_approval,timesheet_hours,project_hours,billable_hours,basic_salary,bonus,deduction,net_salary,kpi_score,goal_completion_percent,productivity_score,performance_rating,training_hours,skill,skill_gap_score,engagement_score,sentiment,attrition_status,attrition_risk_score,absenteeism_risk,workforce_forecast_need,manager_alert,hr_alert,work_anniversary,birthday_month
EMP00001,Employee_1,58,Female,HR,Analyst,Bachelor,Bangalore,2019-04-02,7,MGR065,2026-08-01,Present,08:35,18:45,0,8.9,Yes,Failed,Success,Yes,Morning,2.9,No,Sick,4,25,Approved,8.3,4.6,4.5,113696,17870,1424,130142,67,49,63,2,43,SQL,11,64,Positive,No,55,44,High,Leave,None,2026-04-02,12
EMP00002,Employee_2,57,Male,Operations,Analyst,Bachelor,Chennai,2023-02-25,7,MGR038,2026-08-01,WFH,10:54,18:55,63,7.3,Yes,Verified,Success,Yes,Night,1.5,No,Casual,12,11,Pending,6.6,5.1,7.6,97357,9606,5925,101038,91,44,88,2,21,Excel,20,69,Neutral,No,44,81,High,Late,Payroll,2026-02-25,1
EMP00003,Employee_3,34,Female,Sales,Coordinator,B.Tech,Bangalore,2020-07-27,8,MGR018,2026-08-01,Present,08:35,20:16,0,9.2,Yes,Verified,Failed,Yes,Evening,3.7,No,Casual,2,4,Rejected,7.5,7.0,7.2,144686,18585,5155,158116,59,80,60,3,54,SQL,49,64,Negative,No,69,67,Medium,None,None,2026-07-27,11
EMP00004,Employee_4,31,Female,HR,Coordinator,MBA,Delhi,2024-01-09,5,MGR065,2026-08-01,Absent,09:55,20:19,0,9.5,Yes,Failed,Failed,Yes,Morning,1.1,Yes,Sick,20,24,Approved,7.6,7.1,5.2,39621,9617,7123,42115,50,78,70,4,62,Python,14,99,Neutral,No,49,30,Low,Late,None,2026-01-09,2
EMP00005,Employee_5,31,Female,Marketing,Specialist,B.Tech,Bangalore,2023-06-14,17,MGR026,2026-08-01,Present,08:25,20:41,0,8.1,Yes,Failed,Success,Yes,Morning,5.4,Yes,Casual,4,2,Pending,6.1,6.2,5.5,111474,15574,9007,118041,50,44,95,3,80,Python,29,44,Positive,No,52,9,High,Late,Payroll,2026-06-14,11
EMP00006,Employee_6,51,Male,Support,Executive,B.Tech,Bangalore,2023-06-12,3,MGR013,2026-08-01,Present,09:22,19:26,0,8.4,Yes,Failed,Success,Yes,Night,2.7,Yes,None,17,12,Rejected,7.0,7.4,3.5,119811,18711,9440,129082,62,74,78,3,17,HRMS,23,57,Neutral,No,41,9,Medium,None,None,2026-06-12,11
EMP00007,Employee_7,34,Female,HR,Engineer,B.Tech,Bhubaneswar,2024-01-24,12,MGR034,2026-08-01,Absent,08:50,19:18,0,8.3,Yes,Failed,Failed,Yes,Night,7.5,No,Casual,7,6,Pending,6.7,4.2,6.4,78269,15913,7886,86296,53,87,70,3,7,Python,74,70,Negative,No,77,20,Low,None,Compliance,2026-01-24,2
EMP00008,Employee_8,58,Male,Marketing,Analyst,B.Tech,Chennai,2024-09-03,18,MGR073,2026-08-01,Present,08:59,19:13,0,9.0,Yes,Verified,Success,Yes,Evening,2.1,No,Casual,7,21,Rejected,6.9,5.3,6.5,40713,18667,4033,55347,54,40,79,5,79,SQL,9,74,Positive,No,74,33,Low,Leave,None,2026-09-03,4
EMP00009,Employee_9,27,Male,Finance,Analyst,Bachelor,Chennai,2022-02-22,17,MGR020,2026-08-01,Present,09:38,18:45,0,8.0,Yes,Failed,Failed,Yes,Evening,5.1,No,Sick,9,28,Approved,6.3,5.7,3.7,112538,18173,4905,125806,50,61,99,2,16,Java,20,87,Neutral,No,80,90,Medium,None,None,2026-02-22,2
EMP00010,Employee_10,23,Female,IT,Coordinator,Master,Chennai,2019-09-03,3,MGR046,2026-08-01,Present,10:56,19:39,61,9.2,Yes,Verified,Success,Yes,Morning,6.2,No,None,11,5,Rejected,8.8,7.1,4.5,81333,4176,685,84824,92,95,97,3,31,Java,20,90,Negative,Yes,23,48,Low,Performance,Compliance,2026-09-03,4
EMP00011,Employee_11,42,Female,Support,Analyst,MBA,Hyderabad,2023-03-01,20,MGR066,2026-08-01,Present,09:53,20:21,0,9.8,Yes,Verified,Success,Yes,Morning,1.8,No,None,7,3,Rejected,7.3,6.9,3.9,28101,6328,6528,27901,88,72,57,3,49,Excel,32,42,Negative,No,65,0,High,Late,Payroll,2026-03-01,7
EMP00012,Employee_12,53,Female,Operations,Executive,MBA,Pune,2018-10-14,9,MGR071,2026-08-01,Present,09:26,20:24,0,9.0,Yes,Verified,Failed,Yes,Night,6.4,No,Earned,19,17,Approved,6.9,4.8,6.7,111951,4083,4920,111114,88,81,70,4,59,SAP,56,83,Positive,No,75,60,High,Late,None,2026-10-14,5
EMP00013,Employee_13,22,Male,IT,Executive,MCA,Bhubaneswar,2023-10-13,14,MGR054,2026-08-01,Absent,10:36,18:45,70,9.1,Yes,Verified,Success,Yes,Morning,7.1,Yes,None,7,28,Approved,8.3,4.9,6.8,54444,6525,2414,58555,94,73,79,4,6,Excel,15,69,Positive,No,69,85,High,Leave,Attrition,2026-10-13,10
EMP00014,Employee_14,49,Female,Support,Engineer,MBA,Delhi,2023-08-30,15,MGR031,2026-08-01,Present,09:04,20:18,0,7.7,Yes,Verified,Success,Yes,Night,5.7,Yes,Casual,17,4,Approved,7.1,4.6,3.3,142598,5215,7777,140036,76,66,71,5,69,SAP,53,43,Positive,No,63,49,High,None,Attrition,2026-08-30,8
EMP00015,Employee_15,48,Female,HR,Executive,MBA,Chennai,2018-01-25,12,MGR022,2026-08-01,Present,09:58,18:39,0,8.6,Yes,Verified,Failed,Yes,Night,2.4,Yes,None,13,20,Pending,6.4,5.8,2.3,88993,7190,4471,91712,74,60,63,3,58,AWS,43,88,Neutral,No,45,96,Medium,Leave,None,2026-01-25,8
EMP00016,Employee_16,22,Male,IT,Analyst,MCA,Bangalore,2018-03-21,7,MGR017,2026-08-01,Present,10:07,20:13,61,8.4,Yes,Verified,Success,Yes,Morning,4.9,Yes,Casual,11,30,Pending,6.3,4.1,3.9,110215,2248,659,111804,93,98,74,3,50,Excel,9,77,Negative,No,90,31,Low,Leave,None,2026-03-21,10
EMP00017,Employee_17,27,Female,Finance,Coordinator,B.Tech,Chennai,2018-06-18,4,MGR056,2026-08-01,Present,09:33,20:17,0,8.8,Yes,Failed,Success,Yes,Evening,0.1,No,Sick,2,10,Approved,8.5,4.3,7.3,26658,13764,8031,32391,65,88,79,4,72,HRMS,43,41,Neutral,No,51,23,Medium,Late,Payroll,2026-06-18,5
EMP00018,Employee_18,33,Male,IT,Coordinator,B.Tech,Pune,2021-10-26,17,MGR031,2026-08-01,Present,09:41,20:31,0,8.3,Yes,Verified,Success,Yes,Evening,2.4,Yes,Earned,19,22,Approved,6.9,6.3,4.8,97848,332,8464,89716,83,62,77,4,70,AWS,45,84,Neutral,No,44,39,Medium,Late,None,2026-10-26,12
EMP00019,Employee_19,58,Female,HR,Engineer,MBA,Bangalore,2020-02-28,11,MGR023,2026-08-01,Present,09:45,20:08,0,7.8,Yes,Verified,Failed,Yes,Evening,4.8,Yes,Earned,5,3,Approved,7.7,5.9,4.6,53361,15866,4530,64697,61,43,66,3,61,SQL,8,65,Neutral,No,19,73,High,None,Compliance,2026-02-28,3
EMP00020,Employee_20,59,Male,Support,Specialist,B.Tech,Pune,2024-04-24,14,MGR039,2026-08-01,Absent,09:27,19:36,0,8.9,Yes,Failed,Failed,Yes,Morning,4.7,Yes,Casual,2,8,Rejected,6.2,5.0,5.3,40525,18286,6818,51993,60,40,76,3,57,SAP,37,42,Positive,No,46,90,Medium,Performance,None,2026-04-24,11
EMP00021,Employee_21,30,Female,Support,Engineer,Bachelor,Bhubaneswar,2020-08-14,5,MGR040,2026-08-01,Present,09:52,20:58,0,7.9,Yes,Verified,Success,Yes,Night,3.7,No,Earned,6,30,Pending,7.5,6.0,2.5,40043,17844,3683,54204,52,96,77,5,41,Java,3,45,Positive,No,83,75,Low,Leave,None,2026-08-14,3
EMP00022,Employee_22,52,Male,Sales,Manager,B.Tech,Hyderabad,2023-04-12,10,MGR014,2026-08-01,Absent,10:21,19:44,80,8.5,Yes,Failed,Success,Yes,Night,0.3,Yes,Earned,14,2,Pending,6.8,4.5,6.6,48788,19180,7141,60827,82,92,50,4,69,SAP,52,43,Positive,No,76,46,High,Performance,Attrition,2026-04-12,1
EMP00023,Employee_23,36,Male,Finance,Specialist,Bachelor,Delhi,2020-04-13,13,MGR012,2026-08-01,Present,09:53,18:29,0,9.8,Yes,Failed,Success,Yes,Evening,0.0,No,Sick,14,13,Pending,8.9,5.0,5.3,40915,945,9975,31885,74,52,88,5,65,Power BI,8,57,Neutral,No,53,100,High,Leave,None,2026-04-13,5
EMP00024,Employee_24,43,Female,Marketing,Specialist,B.Tech,Pune,2021-05-07,10,MGR025,2026-08-01,WFH,10:15,20:24,78,7.7,Yes,Verified,Success,Yes,Evening,1.6,No,Earned,15,12,Rejected,8.4,6.6,2.9,83529,17648,7935,93242,52,48,82,3,75,AWS,12,95,Neutral,No,22,67,Medium,None,Compliance,2026-05-07,7
EMP00025,Employee_25,55,Female,Finance,Coordinator,B.Tech,Delhi,2019-09-25,1,MGR080,2026-08-01,Present,08:40,20:58,0,7.9,Yes,Verified,Failed,Yes,Morning,0.0,No,None,10,24,Rejected,8.1,4.4,3.0,110175,2631,5383,107423,69,97,51,5,5,AWS,7,58,Neutral,No,57,55,Low,Late,Attrition,2026-09-25,10
EMP00026,Employee_26,52,Male,IT,Executive,MBA,Pune,2020-01-08,8,MGR002,2026-08-01,Absent,09:29,19:43,0,8.6,Yes,Verified,Success,Yes,Evening,4.0,No,Earned,5,22,Pending,7.4,5.2,8.0,104887,12535,3945,113477,80,46,65,2,48,AWS,73,58,Negative,No,47,2,High,Performance,Payroll,2026-01-08,1
EMP00027,Employee_27,33,Female,Operations,Coordinator,Master,Chennai,2024-05-07,3,MGR006,2026-08-01,Present,08:28,18:37,0,8.1,Yes,Verified,Success,Yes,Evening,5.8,No,Earned,9,5,Approved,6.4,6.2,7.8,104569,11544,3588,112525,83,72,67,3,21,Java,61,91,Neutral,No,53,14,Medium,None,Compliance,2026-05-07,4
EMP00028,Employee_28,28,Female,Finance,Coordinator,MBA,Delhi,2022-06-16,12,MGR048,2026-08-01,Present,10:14,19:01,71,8.9,Yes,Failed,Success,Yes,Night,1.2,Yes,None,2,20,Pending,8.7,5.2,4.4,26824,8665,8791,26698,58,42,52,5,38,SAP,14,46,Positive,No,78,17,Medium,Performance,Payroll,2026-06-16,11
EMP00029,Employee_29,38,Male,Operations,Manager,Master,Pune,2024-01-22,14,MGR031,2026-08-01,Absent,09:06,20:23,0,8.6,Yes,Failed,Success,Yes,Morning,0.3,No,Sick,13,6,Approved,8.8,7.3,2.6,134273,16034,6686,143621,63,81,90,2,76,Python,6,90,Neutral,No,41,16,High,Late,None,2026-01-22,9
EMP00030,Employee_30,21,Female,Support,Engineer,Master,Delhi,2020-04-28,8,MGR023,2026-08-01,Present,10:55,18:08,66,7.0,Yes,Verified,Failed,Yes,Evening,1.3,Yes,Casual,7,8,Approved,6.4,5.7,2.7,126498,4835,9764,121569,54,70,78,4,46,SQL,57,72,Positive,No,88,5,High,Leave,Attrition,2026-04-28,11
EMP00031,Employee_31,41,Male,HR,Engineer,MBA,Delhi,2018-05-08,20,MGR075,2026-08-01,Present,08:20,19:38,0,8.6,Yes,Verified,Failed,Yes,Night,6.9,No,None,13,25,Rejected,6.3,6.6,7.3,89260,14534,1204,102590,85,86,63,2,55,SAP,29,66,Neutral,No,68,51,Medium,None,Payroll,2026-05-08,7
EMP00032,Employee_32,26,Male,HR,Executive,Bachelor,Chennai,2021-07-04,11,MGR017,2026-08-01,Present,09:37,20:35,0,8.0,Yes,Verified,Success,Yes,Evening,3.0,No,None,11,30,Pending,7.8,5.4,5.5,115023,15540,1099,129464,63,49,92,3,61,Excel,13,62,Negative,No,57,14,Medium,Late,Attrition,2026-07-04,9
EMP00033,Employee_33,42,Female,HR,Engineer,Master,Delhi,2024-03-30,12,MGR009,2026-08-01,Present,08:40,18:05,0,9.2,Yes,Verified,Success,Yes,Evening,0.7,No,Sick,8,5,Pending,6.9,5.3,7.6,48647,8954,5062,52539,88,45,53,2,19,Power BI,96,79,Positive,No,20,34,Medium,Performance,Attrition,2026-03-30,10
EMP00034,Employee_34,43,Female,HR,Manager,MCA,Pune,2022-12-16,16,MGR040,2026-08-01,Present,09:25,20:03,0,7.0,Yes,Verified,Success,Yes,Morning,1.1,No,Sick,8,10,Approved,6.0,7.0,3.1,123951,16788,1864,138875,74,74,95,3,29,AWS,9,65,Negative,No,15,55,Low,Performance,None,2026-12-16,6
EMP00035,Employee_35,41,Male,Support,Specialist,B.Tech,Chennai,2024-06-16,11,MGR012,2026-08-01,Present,09:06,18:27,0,8.8,Yes,Failed,Success,Yes,Evening,0.2,No,Sick,13,7,Pending,8.3,4.3,5.8,40096,13272,341,53027,83,72,62,4,44,AWS,93,92,Negative,No,28,30,Low,Late,Payroll,2026-06-16,4
EMP00036,Employee_36,57,Female,Operations,Specialist,MCA,Hyderabad,2019-12-12,20,MGR041,2026-08-01,Present,10:04,19:28,64,8.9,Yes,Verified,Failed,Yes,Morning,1.6,No,None,20,9,Pending,7.4,4.2,7.0,48218,16191,7601,56808,54,81,55,2,78,HRMS,59,77,Negative,No,15,57,High,Late,Payroll,2026-12-12,10
EMP00037,Employee_37,36,Female,Sales,Specialist,MCA,Delhi,2023-05-03,5,MGR047,2026-08-01,Present,10:18,19:26,64,9.3,Yes,Failed,Failed,Yes,Morning,5.1,No,None,10,10,Approved,7.7,5.5,3.5,91132,5654,641,96145,92,98,88,2,19,AWS,10,77,Negative,No,28,44,Medium,Performance,Compliance,2026-05-03,10
EMP00038,Employee_38,54,Male,Operations,Coordinator,B.Tech,Delhi,2018-12-14,11,MGR003,2026-08-01,Present,09:11,18:21,0,9.8,Yes,Verified,Success,Yes,Morning,2.4,Yes,Casual,17,2,Pending,8.5,4.4,6.6,109343,10763,2093,118013,97,96,83,5,4,AWS,98,79,Positive,No,86,48,Low,Late,Compliance,2026-12-14,12
EMP00039,Employee_39,35,Male,Finance,Executive,Master,Hyderabad,2019-11-10,18,MGR057,2026-08-01,Present,09:18,19:32,0,8.6,Yes,Verified,Success,Yes,Night,4.8,Yes,Sick,7,1,Rejected,7.4,5.5,7.6,105031,9336,7355,107012,95,94,83,5,15,Java,10,88,Positive,No,44,57,High,Late,Attrition,2026-11-10,2
EMP00040,Employee_40,53,Female,IT,Executive,Bachelor,Hyderabad,2020-06-28,7,MGR004,2026-08-01,Present,09:06,20:41,0,8.0,Yes,Verified,Success,Yes,Morning,3.5,No,Earned,11,22,Approved,8.3,5.9,5.7,79381,1745,6495,74631,55,41,66,2,27,Power BI,70,100,Negative,No,87,67,Medium,None,Payroll,2026-06-28,4
EMP00041,Employee_41,59,Male,Operations,Specialist,MCA,Bangalore,2021-05-18,4,MGR038,2026-08-01,Present,08:39,19:15,0,8.7,Yes,Verified,Failed,Yes,Night,5.0,Yes,Sick,19,2,Rejected,7.6,7.1,5.0,33232,3632,8189,28675,51,64,80,5,5,HRMS,47,56,Negative,No,12,45,Low,Leave,Compliance,2026-05-18,12
EMP00042,Employee_42,32,Female,Operations,Executive,Master,Bangalore,2019-03-01,2,MGR059,2026-08-01,Present,10:12,18:50,70,7.6,Yes,Verified,Success,Yes,Evening,3.6,No,Earned,4,8,Approved,8.3,4.8,4.1,71176,17891,5546,83521,99,43,91,2,42,Java,15,91,Neutral,No,65,51,High,Performance,Attrition,2026-03-01,6
EMP00043,Employee_43,26,Female,Marketing,Engineer,MCA,Hyderabad,2020-02-05,10,MGR014,2026-08-01,Present,09:42,19:19,0,8.3,Yes,Failed,Success,Yes,Morning,2.3,No,Sick,16,14,Approved,8.2,7.6,5.7,130008,2707,6955,125760,77,57,90,4,7,SQL,85,80,Neutral,No,56,65,High,Late,None,2026-02-05,3
EMP00044,Employee_44,44,Female,Marketing,Analyst,MCA,Bangalore,2024-10-24,14,MGR048,2026-08-01,Present,09:48,18:36,0,7.4,Yes,Verified,Success,Yes,Evening,1.2,No,Casual,1,30,Approved,6.1,4.7,5.1,33812,7733,6001,35544,85,47,66,3,33,SAP,27,79,Neutral,No,72,25,Low,Late,None,2026-10-24,8
EMP00045,Employee_45,55,Female,Finance,Engineer,Master,Hyderabad,2019-12-09,16,MGR029,2026-08-01,Present,09:12,18:15,0,9.4,Yes,Verified,Success,Yes,Night,6.6,No,Earned,10,25,Rejected,6.4,7.5,2.4,118000,2127,9011,111116,75,85,96,4,61,HRMS,98,66,Negative,No,19,16,Medium,None,Attrition,2026-12-09,8
EMP00046,Employee_46,53,Male,Support,Analyst,MCA,Bangalore,2023-10-21,9,MGR022,2026-08-01,Present,09:59,20:14,0,8.0,Yes,Failed,Success,Yes,Morning,2.9,No,Casual,4,20,Rejected,6.8,6.5,5.7,125634,4228,7088,122774,55,72,91,3,21,Power BI,21,82,Negative,No,87,43,High,None,None,2026-10-21,2
EMP00047,Employee_47,40,Female,IT,Coordinator,B.Tech,Hyderabad,2018-07-06,14,MGR010,2026-08-01,Present,10:10,19:26,68,8.5,Yes,Verified,Success,Yes,Night,1.0,Yes,Sick,13,27,Rejected,7.0,8.0,4.1,90278,17877,4745,103410,75,48,98,2,47,SQL,40,55,Neutral,No,25,34,Medium,Late,Compliance,2026-07-06,2
EMP00048,Employee_48,57,Female,IT,Engineer,B.Tech,Delhi,2018-07-27,14,MGR064,2026-08-01,Absent,09:31,18:05,0,9.8,Yes,Failed,Success,Yes,Morning,0.2,Yes,Sick,12,1,Approved,6.8,6.4,7.1,57541,5233,5364,57410,93,70,68,5,68,Python,13,67,Positive,No,43,93,Medium,Performance,Payroll,2026-07-27,1
EMP00049,Employee_49,49,Female,Support,Specialist,MCA,Bhubaneswar,2022-06-29,4,MGR013,2026-08-01,Present,08:50,19:35,0,9.8,Yes,Verified,Success,Yes,Night,1.8,No,None,17,1,Approved,6.4,5.3,4.8,34637,12659,8261,39035,79,49,88,4,65,Power BI,41,99,Negative,No,50,20,Medium,Leave,Payroll,2026-06-29,9
EMP00050,Employee_50,42,Male,Sales,Specialist,MBA,Chennai,2023-09-19,20,MGR004,2026-08-01,Present,10:16,20:50,75,9.9,Yes,Failed,Failed,Yes,Morning,2.4,Yes,Earned,18,5,Rejected,7.9,6.5,7.0,87245,545,6035,81755,59,92,93,4,31,Python,73,100,Negative,No,24,24,Low,Performance,Payroll,2026-09-19,7
EMP00051,Employee_51,54,Male,Marketing,Manager,B.Tech,Delhi,2019-09-13,12,MGR041,2026-08-01,WFH,09:29,20:21,0,8.6,Yes,Failed,Failed,Yes,Night,2.2,No,Earned,19,6,Approved,6.8,5.2,7.6,139401,2040,2262,139179,69,89,68,5,26,SAP,40,70,Neutral,No,81,92,Medium,Leave,None,2026-09-13,10
EMP00052,Employee_52,23,Female,Operations,Analyst,MBA,Pune,2024-02-03,20,MGR033,2026-08-01,Present,09:13,18:52,0,8.6,Yes,Failed,Failed,Yes,Evening,1.1,Yes,None,12,19,Rejected,7.8,5.0,6.0,126327,4799,4758,126368,83,54,90,4,29,Python,12,66,Neutral,No,70,12,High,Late,None,2026-02-03,9
EMP00053,Employee_53,41,Female,Operations,Analyst,Bachelor,Chennai,2019-10-09,18,MGR030,2026-08-01,Present,09:46,18:58,0,9.8,Yes,Verified,Success,Yes,Morning,0.6,No,Earned,15,5,Rejected,8.9,7.7,7.3,110267,6535,4706,112096,50,59,86,5,77,SQL,42,58,Neutral,No,92,69,High,Performance,Compliance,2026-10-09,9
EMP00054,Employee_54,37,Male,HR,Coordinator,MBA,Hyderabad,2023-04-02,18,MGR025,2026-08-01,Present,09:54,20:57,0,8.2,Yes,Verified,Failed,Yes,Evening,0.0,Yes,Earned,6,21,Approved,6.6,4.6,3.9,68343,5324,7518,66149,65,40,66,2,49,Excel,57,88,Neutral,No,52,38,High,None,Payroll,2026-04-02,11
EMP00055,Employee_55,28,Female,Finance,Specialist,Master,Bangalore,2022-01-12,4,MGR062,2026-08-01,Present,09:47,20:23,0,8.2,Yes,Failed,Success,Yes,Night,3.9,Yes,Casual,9,21,Rejected,8.6,4.3,4.7,78138,16466,5095,89509,95,63,54,3,72,SQL,7,93,Negative,No,74,25,High,Late,Compliance,2026-01-12,6
EMP00056,Employee_56,26,Female,Support,Analyst,B.Tech,Bangalore,2023-11-02,16,MGR054,2026-08-01,Present,09:03,20:29,0,9.0,Yes,Verified,Failed,Yes,Morning,3.4,No,Sick,3,26,Approved,8.2,6.3,2.3,118967,19108,8008,130067,72,84,54,3,69,Python,8,99,Neutral,No,14,36,Medium,Late,Compliance,2026-11-02,11
EMP00057,Employee_57,43,Male,IT,Specialist,B.Tech,Delhi,2022-09-18,4,MGR029,2026-08-01,Present,09:48,18:19,0,8.4,Yes,Failed,Failed,Yes,Evening,5.0,No,Casual,12,7,Pending,7.0,5.1,7.6,35518,17671,2178,51011,96,88,57,5,4,HRMS,78,89,Positive,No,40,26,Low,None,None,2026-09-18,8
EMP00058,Employee_58,55,Male,Support,Analyst,Master,Delhi,2024-09-14,9,MGR030,2026-08-01,Present,08:46,20:20,0,8.7,Yes,Failed,Success,Yes,Morning,2.9,No,Casual,7,21,Rejected,6.7,5.2,2.4,77725,14383,3839,88269,87,96,97,2,22,HRMS,71,71,Positive,No,54,82,High,Performance,Payroll,2026-09-14,12
EMP00059,Employee_59,30,Female,HR,Specialist,B.Tech,Pune,2022-09-02,17,MGR068,2026-08-01,Present,09:15,19:13,0,8.0,Yes,Verified,Success,Yes,Evening,4.2,Yes,Casual,17,1,Pending,7.1,6.4,2.2,56584,7384,4927,59041,54,52,98,5,75,Excel,61,53,Neutral,No,48,1,Low,Late,None,2026-09-02,12
EMP00060,Employee_60,41,Female,Sales,Executive,MCA,Chennai,2023-05-16,11,MGR040,2026-08-01,Present,09:32,19:29,0,7.3,Yes,Failed,Success,Yes,Evening,4.6,Yes,Sick,19,10,Pending,6.1,7.5,6.4,76987,7842,9045,75784,51,56,85,3,74,HRMS,37,49,Positive,No,52,29,Medium,Late,Attrition,2026-05-16,9
EMP00061,Employee_61,31,Male,Operations,Specialist,B.Tech,Bangalore,2021-10-14,17,MGR008,2026-08-01,Present,09:53,18:52,0,9.0,Yes,Verified,Success,Yes,Morning,3.2,Yes,None,20,22,Approved,6.0,6.0,4.2,85401,5512,5770,85143,89,80,92,5,78,SAP,84,71,Positive,No,10,68,High,Performance,None,2026-10-14,1
EMP00062,Employee_62,32,Male,HR,Specialist,Master,Bangalore,2023-12-09,6,MGR080,2026-08-01,Present,09:52,19:17,0,9.4,Yes,Verified,Success,Yes,Evening,0.7,No,Casual,17,22,Approved,6.9,7.3,2.5,27246,16456,7054,36648,91,88,52,4,11,HRMS,48,64,Negative,No,70,7,High,None,Compliance,2026-12-09,2
EMP00063,Employee_63,51,Female,HR,Analyst,MBA,Delhi,2023-08-10,18,MGR005,2026-08-01,Present,09:54,19:01,0,9.9,Yes,Failed,Success,Yes,Night,1.9,No,None,3,9,Approved,7.7,6.3,7.1,55115,6927,9286,52756,93,97,84,2,42,HRMS,96,87,Positive,No,20,64,High,Leave,None,2026-08-10,2
EMP00064,Employee_64,41,Male,Operations,Manager,B.Tech,Pune,2022-11-26,7,MGR046,2026-08-01,Present,09:24,19:11,0,9.0,Yes,Failed,Success,Yes,Morning,1.6,No,Casual,2,22,Approved,6.2,4.6,6.3,104320,19516,6499,117337,90,49,97,4,49,AWS,46,46,Positive,No,10,39,Medium,Leave,Payroll,2026-11-26,2
EMP00065,Employee_65,43,Male,Marketing,Specialist,MBA,Pune,2019-06-27,0,MGR038,2026-08-01,Present,08:49,18:46,0,9.7,Yes,Verified,Failed,Yes,Night,3.8,Yes,Earned,17,5,Approved,6.8,5.1,2.9,38538,860,1468,37930,60,67,67,5,53,Java,61,90,Positive,No,56,32,Low,Performance,Compliance,2026-06-27,8
EMP00066,Employee_66,60,Female,Support,Manager,B.Tech,Hyderabad,2019-03-15,13,MGR077,2026-08-01,Present,09:20,20:44,0,7.6,Yes,Verified,Success,Yes,Evening,5.0,No,Sick,9,23,Rejected,7.9,7.9,6.7,149364,12966,5443,156887,70,64,67,2,50,AWS,14,99,Negative,No,35,75,High,Late,None,2026-03-15,12
EMP00067,Employee_67,40,Male,Finance,Coordinator,Master,Chennai,2023-03-06,13,MGR049,2026-08-01,Present,09:38,19:37,0,8.2,Yes,Failed,Failed,Yes,Evening,1.5,Yes,Sick,2,22,Rejected,7.8,7.7,2.7,113208,16361,2280,127289,65,82,92,5,45,Power BI,82,79,Positive,No,82,82,High,Performance,Payroll,2026-03-06,7
EMP00068,Employee_68,56,Male,Sales,Manager,B.Tech,Pune,2019-03-10,18,MGR065,2026-08-01,Present,08:01,19:06,0,7.9,Yes,Verified,Success,Yes,Night,3.6,Yes,Sick,3,9,Pending,7.4,4.8,4.9,54098,16733,8499,62332,80,46,78,4,57,AWS,8,59,Positive,No,24,2,Medium,None,Compliance,2026-03-10,12
EMP00069,Employee_69,32,Female,Sales,Analyst,MCA,Bangalore,2020-09-26,14,MGR076,2026-08-01,Present,10:00,20:13,65,7.6,Yes,Failed,Success,Yes,Night,1.3,Yes,Casual,13,11,Pending,6.6,4.5,6.0,55389,13272,3022,65639,81,73,90,5,40,HRMS,78,65,Negative,No,24,44,Medium,Performance,Compliance,2026-09-26,11
EMP00070,Employee_70,40,Male,IT,Manager,Master,Delhi,2021-05-03,12,MGR054,2026-08-01,Present,10:36,19:27,78,7.6,Yes,Failed,Failed,Yes,Night,2.4,Yes,Casual,2,15,Pending,6.4,5.3,4.7,66049,3862,3908,66003,53,95,72,3,1,SAP,17,52,Neutral,No,81,64,High,Performance,Attrition,2026-05-03,11
EMP00071,Employee_71,39,Male,Finance,Engineer,MCA,Hyderabad,2023-07-08,5,MGR059,2026-08-01,Present,09:49,19:35,0,8.5,Yes,Failed,Success,Yes,Evening,2.5,No,None,5,24,Rejected,7.3,4.9,4.6,99107,1011,3613,96505,97,93,91,2,31,Java,4,68,Neutral,No,54,11,Medium,None,Compliance,2026-07-08,4
EMP00072,Employee_72,34,Male,Marketing,Manager,MCA,Hyderabad,2024-08-05,19,MGR069,2026-08-01,Present,09:45,19:18,0,8.7,Yes,Failed,Failed,Yes,Morning,0.9,Yes,Earned,19,29,Approved,9.0,7.5,2.8,46755,4562,3385,47932,58,55,59,5,41,Excel,97,93,Negative,No,60,62,Low,Leave,Attrition,2026-08-05,7
EMP00073,Employee_73,50,Female,Finance,Specialist,Bachelor,Chennai,2023-01-26,2,MGR059,2026-08-01,Present,08:44,19:54,0,7.2,Yes,Failed,Success,Yes,Morning,0.2,No,Casual,2,15,Pending,7.0,5.1,5.3,92582,9116,6046,95652,58,76,81,5,43,Python,5,46,Negative,No,68,2,Low,Late,Attrition,2026-01-26,8
EMP00074,Employee_74,38,Male,Operations,Manager,MBA,Bhubaneswar,2018-01-03,11,MGR022,2026-08-01,Present,09:40,19:46,0,9.1,Yes,Verified,Success,Yes,Night,0.0,Yes,None,6,0,Approved,7.4,4.5,3.4,140624,9891,2604,147911,93,68,50,3,1,AWS,15,95,Neutral,No,26,61,Low,Late,Attrition,2026-01-03,2
EMP00075,Employee_75,25,Male,Marketing,Coordinator,Master,Pune,2019-02-24,11,MGR028,2026-08-01,Present,08:09,19:39,0,9.1,Yes,Verified,Success,Yes,Morning,1.4,Yes,None,4,18,Rejected,7.2,7.9,3.9,126379,4362,2340,128401,58,55,67,5,10,Excel,70,78,Negative,No,87,36,High,None,Payroll,2026-02-24,4
EMP00076,Employee_76,52,Female,HR,Engineer,B.Tech,Chennai,2023-10-22,19,MGR010,2026-08-01,Present,10:00,19:59,76,7.9,Yes,Verified,Failed,Yes,Evening,6.8,No,Casual,6,24,Pending,8.9,7.1,2.1,63737,1788,3921,61604,54,40,66,5,27,Python,7,100,Neutral,No,74,36,High,Performance,Attrition,2026-10-22,12
EMP00077,Employee_77,53,Male,Support,Engineer,MCA,Hyderabad,2022-07-06,12,MGR076,2026-08-01,Present,08:53,20:43,0,8.9,Yes,Verified,Failed,Yes,Evening,1.4,Yes,None,4,7,Approved,8.8,4.5,5.7,35957,10155,1294,44818,53,59,92,4,22,SQL,1,85,Positive,No,11,20,Medium,Leave,Payroll,2026-07-06,3
EMP00078,Employee_78,48,Female,Marketing,Analyst,MBA,Chennai,2022-03-04,18,MGR010,2026-08-01,Present,09:32,19:03,0,8.5,Yes,Failed,Success,Yes,Evening,1.1,Yes,Sick,8,24,Approved,8.7,6.7,2.7,126112,961,5488,121585,97,72,50,2,5,Python,31,42,Neutral,No,56,49,Low,Late,None,2026-03-04,9
EMP00079,Employee_79,44,Male,Marketing,Coordinator,Bachelor,Bangalore,2022-09-14,7,MGR067,2026-08-01,WFH,09:25,18:56,0,8.4,Yes,Verified,Success,Yes,Evening,2.1,Yes,Earned,10,0,Pending,6.6,6.3,3.8,133265,2552,9364,126453,89,55,79,4,47,SAP,98,89,Positive,No,79,97,Low,Late,None,2026-09-14,7
EMP00080,Employee_80,21,Female,Support,Coordinator,MBA,Bhubaneswar,2018-04-08,6,MGR068,2026-08-01,WFH,09:26,19:03,0,9.9,Yes,Verified,Failed,Yes,Evening,4.9,Yes,None,17,29,Approved,8.7,6.1,6.2,108354,314,5488,103180,73,69,97,4,10,SQL,64,48,Negative,No,60,9,High,None,Attrition,2026-04-08,11
EMP00081,Employee_81,35,Male,IT,Engineer,MCA,Bhubaneswar,2019-06-20,4,MGR014,2026-08-01,Present,09:29,19:26,0,7.4,Yes,Verified,Success,Yes,Evening,2.0,No,Earned,12,8,Approved,6.3,7.2,3.8,66688,14835,4455,77068,95,84,88,4,5,Excel,41,49,Positive,No,41,45,Medium,None,Payroll,2026-06-20,5
EMP00082,Employee_82,27,Female,HR,Engineer,Bachelor,Bhubaneswar,2019-12-14,1,MGR029,2026-08-01,Present,08:52,19:23,0,9.1,Yes,Failed,Success,Yes,Night,6.8,No,None,12,0,Approved,6.6,6.6,6.9,97869,18026,4093,111802,55,97,71,5,15,Python,59,43,Positive,No,83,55,High,Performance,Attrition,2026-12-14,1
EMP00083,Employee_83,23,Male,Operations,Manager,B.Tech,Pune,2022-04-17,17,MGR062,2026-08-01,Present,09:17,19:08,0,8.3,Yes,Failed,Failed,Yes,Morning,3.6,Yes,Earned,5,25,Rejected,7.1,6.2,4.9,61681,14614,2435,73860,86,72,70,4,49,Java,23,41,Neutral,No,86,28,Low,Leave,None,2026-04-17,8
EMP00084,Employee_84,36,Female,Marketing,Coordinator,Bachelor,Bangalore,2023-12-09,18,MGR050,2026-08-01,Present,09:53,18:11,0,7.7,Yes,Verified,Failed,Yes,Night,4.2,No,None,18,22,Rejected,7.1,6.3,2.9,45922,3281,4060,45143,62,93,81,3,69,Java,22,71,Positive,No,21,7,Low,Late,None,2026-12-09,9
EMP00085,Employee_85,24,Male,IT,Specialist,Master,Bhubaneswar,2023-05-12,16,MGR047,2026-08-01,WFH,08:23,20:42,0,8.2,Yes,Verified,Success,Yes,Evening,1.6,No,Casual,4,5,Rejected,8.8,7.2,7.8,118970,5815,5301,119484,91,60,61,4,71,AWS,28,82,Negative,No,32,48,Medium,Leave,Compliance,2026-05-12,3
EMP00086,Employee_86,60,Male,Operations,Specialist,Bachelor,Pune,2018-01-08,4,MGR043,2026-08-01,Present,10:15,19:20,72,7.5,Yes,Verified,Failed,Yes,Night,5.4,No,Earned,18,0,Pending,6.6,6.8,4.1,48865,19739,5213,63391,100,46,96,2,0,Python,49,68,Negative,No,63,21,Medium,Performance,Attrition,2026-01-08,6
EMP00087,Employee_87,23,Female,HR,Manager,MBA,Bhubaneswar,2024-02-15,2,MGR044,2026-08-01,Present,09:24,18:46,0,7.2,Yes,Verified,Success,Yes,Night,4.8,No,None,18,13,Rejected,6.5,7.6,2.9,46319,14787,1207,59899,56,61,63,3,24,HRMS,89,75,Negative,No,79,33,High,Leave,Payroll,2026-02-15,4
EMP00088,Employee_88,21,Female,HR,Manager,MCA,Pune,2019-01-28,6,MGR013,2026-08-01,Present,08:10,20:18,0,9.9,Yes,Verified,Success,Yes,Evening,4.4,No,Earned,12,15,Rejected,6.8,6.6,4.3,45131,1786,5911,41006,73,96,74,5,47,Power BI,57,42,Neutral,No,66,59,Medium,Late,Payroll,2026-01-28,10
EMP00089,Employee_89,58,Male,Marketing,Analyst,B.Tech,Delhi,2018-09-10,13,MGR069,2026-08-01,Present,09:59,19:36,0,9.6,Yes,Verified,Success,Yes,Morning,3.0,No,None,2,16,Rejected,8.7,7.2,6.1,130929,17742,6782,141889,89,49,57,4,57,Power BI,21,53,Positive,No,26,5,Medium,None,Attrition,2026-09-10,4
EMP00090,Employee_90,46,Female,Support,Manager,MCA,Pune,2019-08-29,0,MGR080,2026-08-01,Present,10:50,19:07,68,8.2,Yes,Verified,Failed,Yes,Night,0.0,Yes,None,10,18,Approved,8.4,7.5,7.3,36406,12717,9115,40008,76,56,74,2,62,SAP,4,51,Neutral,No,61,18,High,Performance,None,2026-08-29,7
EMP00091,Employee_91,40,Female,Support,Executive,Bachelor,Bangalore,2021-09-19,4,MGR039,2026-08-01,WFH,09:28,19:17,0,9.2,Yes,Failed,Failed,Yes,Morning,5.2,Yes,Earned,8,6,Pending,8.2,7.0,7.2,27651,11071,4965,33757,53,72,100,4,20,SQL,39,85,Negative,No,61,17,High,None,Compliance,2026-09-19,4
EMP00092,Employee_92,33,Female,Finance,Executive,MCA,Pune,2020-04-02,20,MGR016,2026-08-01,Present,08:15,19:31,0,8.8,Yes,Verified,Success,Yes,Night,3.7,No,Sick,7,5,Pending,8.2,6.8,3.7,84827,1656,5904,80579,74,43,60,2,73,Excel,28,81,Positive,No,36,34,High,Performance,None,2026-04-02,11
EMP00093,Employee_93,40,Female,Sales,Executive,MBA,Pune,2018-02-06,8,MGR028,2026-08-01,Present,09:43,20:52,0,8.9,Yes,Failed,Success,Yes,Morning,5.5,No,Sick,19,9,Rejected,6.3,4.3,7.9,54329,8270,9967,52632,90,60,67,2,33,Java,24,49,Negative,No,40,7,High,Performance,Payroll,2026-02-06,11
EMP00094,Employee_94,46,Female,Operations,Analyst,MCA,Chennai,2019-07-28,18,MGR025,2026-08-01,Present,08:45,18:43,0,8.6,Yes,Verified,Failed,Yes,Evening,1.5,No,Casual,20,26,Rejected,8.6,4.7,2.6,63745,8500,6857,65388,58,87,66,5,71,Power BI,87,97,Neutral,No,93,11,Low,Leave,Compliance,2026-07-28,12
EMP00095,Employee_95,24,Male,Sales,Engineer,MCA,Bhubaneswar,2021-06-11,12,MGR068,2026-08-01,Present,09:03,18:08,0,10.0,Yes,Verified,Success,Yes,Night,3.4,No,Casual,8,10,Rejected,6.5,4.3,4.0,85786,3859,7709,81936,61,60,90,4,7,Python,57,57,Positive,No,31,73,Low,Performance,None,2026-06-11,3
EMP00096,Employee_96,23,Male,Operations,Manager,Bachelor,Hyderabad,2022-11-12,16,MGR025,2026-08-01,Present,09:00,20:46,0,7.7,Yes,Failed,Success,Yes,Evening,1.3,Yes,None,12,12,Rejected,7.8,4.7,6.9,87573,12560,76,100057,69,100,68,5,58,AWS,55,96,Negative,No,27,43,Medium,Leave,Compliance,2026-11-12,3
EMP00097,Employee_97,53,Male,HR,Manager,Bachelor,Pune,2022-07-11,20,MGR033,2026-08-01,Present,08:39,18:38,0,10.0,Yes,Failed,Success,Yes,Night,3.4,Yes,None,4,22,Approved,7.3,5.5,5.3,121216,718,9661,112273,80,84,59,3,26,Python,38,66,Negative,No,22,84,High,Leave,Compliance,2026-07-11,7
EMP00098,Employee_98,33,Male,Support,Manager,MCA,Bangalore,2019-03-06,11,MGR053,2026-08-01,Present,10:02,20:31,79,9.7,Yes,Failed,Success,Yes,Evening,6.2,Yes,None,3,0,Rejected,6.3,4.4,5.4,39943,3482,8154,35271,81,49,55,4,65,SQL,92,86,Positive,No,42,82,Low,Performance,Payroll,2026-03-06,5
EMP00099,Employee_99,28,Male,Support,Analyst,Bachelor,Bangalore,2023-03-17,20,MGR022,2026-08-01,Present,08:57,19:39,0,7.8,Yes,Failed,Success,Yes,Evening,4.0,No,Casual,1,3,Pending,7.2,5.8,7.0,72214,10246,6979,75481,94,94,80,4,53,Power BI,14,48,Negative,No,17,20,Low,Performance,Attrition,2026-03-17,10
EMP00100,Employee_100,29,Female,Sales,Analyst,B.Tech,Pune,2022-11-30,1,MGR009,2026-08-01,Present,09:20,18:45,0,9.6,Yes,Failed,Failed,Yes,Night,3.7,Yes,Sick,19,16,Rejected,8.1,6.5,4.6,127126,11750,472,138404,96,55,80,5,44,HRMS,19,93,Negative,No,88,6,Low,Late,Attrition,2026-11-30,8
EMP00101,Employee_101,56,Female,Sales,Engineer,Bachelor,Pune,2019-11-09,14,MGR074,2026-08-01,Present,08:54,19:28,0,7.9,Yes,Verified,Failed,Yes,Night,3.0,Yes,None,10,12,Pending,6.1,6.2,7.0,31599,16611,3648,44562,100,78,89,4,38,Excel,83,82,Neutral,No,53,46,Low,Late,Attrition,2026-11-09,6
EMP00102,Employee_102,27,Male,HR,Manager,MBA,Chennai,2024-04-13,9,MGR071,2026-08-01,Present,10:44,18:02,79,9.7,Yes,Verified,Success,Yes,Night,1.2,No,None,15,8,Rejected,6.6,4.5,7.1,118836,14828,1868,131796,63,69,100,4,24,AWS,13,88,Neutral,No,15,81,High,None,Attrition,2026-04-13,8
EMP00103,Employee_103,53,Male,Operations,Specialist,Master,Chennai,2024-08-10,4,MGR014,2026-08-01,Present,10:38,20:56,64,8.0,Yes,Verified,Success,Yes,Night,3.2,Yes,Sick,1,12,Pending,8.9,5.8,2.8,134945,19173,7912,146206,76,78,94,5,65,Java,89,75,Neutral,No,80,80,Low,Late,Compliance,2026-08-10,10
EMP00104,Employee_104,28,Female,Marketing,Executive,MCA,Delhi,2021-04-05,13,MGR069,2026-08-01,Present,09:54,19:51,0,7.0,Yes,Verified,Success,Yes,Evening,3.0,Yes,None,4,21,Approved,6.6,7.0,3.0,91046,17776,5281,103541,68,83,66,3,18,Python,88,90,Neutral,No,36,96,High,None,Payroll,2026-04-05,8
EMP00105,Employee_105,24,Female,Sales,Executive,MBA,Delhi,2019-02-24,1,MGR002,2026-08-01,Present,10:12,20:55,77,9.3,Yes,Verified,Success,Yes,Night,5.2,No,Casual,17,24,Rejected,8.9,5.2,3.1,56142,16741,4712,68171,93,44,61,5,22,SQL,48,42,Neutral,No,45,71,Medium,Late,Compliance,2026-02-24,10
EMP00106,Employee_106,30,Female,Marketing,Analyst,MCA,Chennai,2020-11-10,9,MGR063,2026-08-01,Present,08:35,19:04,0,9.4,Yes,Verified,Failed,Yes,Morning,0.5,Yes,None,10,25,Rejected,6.5,6.2,4.4,118020,5072,654,122438,72,54,63,5,42,AWS,46,58,Positive,No,89,67,Medium,None,None,2026-11-10,11
EMP00107,Employee_107,28,Female,Finance,Specialist,MBA,Bhubaneswar,2021-11-18,16,MGR048,2026-08-01,Present,09:32,19:31,0,7.1,Yes,Failed,Success,Yes,Evening,3.2,Yes,None,19,5,Rejected,7.6,6.5,3.3,30226,10516,6248,34494,90,89,63,3,54,SQL,26,74,Negative,No,65,82,Low,Late,None,2026-11-18,8
EMP00108,Employee_108,56,Male,Marketing,Engineer,MBA,Pune,2021-09-20,12,MGR058,2026-08-01,Present,08:27,19:01,0,8.2,Yes,Verified,Failed,Yes,Morning,5.9,Yes,None,2,22,Approved,7.1,6.0,3.7,32113,5832,4127,33818,93,59,88,2,11,Java,97,99,Neutral,No,58,50,High,None,Attrition,2026-09-20,3
EMP00109,Employee_109,44,Male,Marketing,Specialist,Master,Bhubaneswar,2023-12-26,1,MGR001,2026-08-01,Present,09:25,20:35,0,9.8,Yes,Verified,Success,Yes,Night,4.3,No,Casual,17,13,Rejected,8.6,4.6,3.1,108105,4721,4883,107943,89,93,66,4,24,SQL,23,82,Negative,No,16,96,High,Performance,None,2026-12-26,5
EMP00110,Employee_110,42,Female,IT,Coordinator,Master,Bhubaneswar,2018-10-03,9,MGR080,2026-08-01,Present,09:12,19:31,0,8.4,Yes,Failed,Failed,Yes,Evening,4.5,Yes,Sick,3,25,Pending,8.9,4.7,3.9,120104,19024,7982,131146,100,54,95,3,55,Java,46,48,Negative,No,52,61,Medium,Performance,Payroll,2026-10-03,5
EMP00111,Employee_111,37,Male,Operations,Analyst,Bachelor,Delhi,2023-06-18,20,MGR004,2026-08-01,Present,10:37,19:49,63,8.8,Yes,Verified,Failed,Yes,Evening,4.2,No,Casual,8,11,Pending,6.7,7.1,6.4,141824,17649,3218,156255,68,48,79,3,64,SQL,50,63,Negative,No,11,84,Low,Late,Compliance,2026-06-18,8
EMP00112,Employee_112,52,Male,HR,Manager,MBA,Bangalore,2019-10-15,1,MGR027,2026-08-01,Present,09:50,19:24,0,8.4,Yes,Verified,Success,Yes,Morning,5.4,No,None,18,22,Rejected,7.9,5.1,6.5,121458,15843,5878,131423,87,74,86,3,22,HRMS,83,64,Neutral,Yes,85,83,Low,Leave,Attrition,2026-10-15,4
EMP00113,Employee_113,53,Male,Sales,Engineer,Master,Bhubaneswar,2023-10-17,16,MGR036,2026-08-01,Present,09:11,18:23,0,8.8,Yes,Verified,Failed,Yes,Morning,0.6,No,Sick,15,23,Approved,7.4,5.9,3.3,141283,19798,108,160973,60,81,76,5,2,Excel,5,48,Negative,No,85,20,Low,None,Compliance,2026-10-17,1
EMP00114,Employee_114,39,Male,IT,Executive,MCA,Pune,2019-11-13,15,MGR022,2026-08-01,Present,09:26,20:09,0,9.4,Yes,Verified,Failed,Yes,Night,6.2,No,Casual,5,23,Rejected,7.0,5.8,5.5,103558,18468,305,121721,64,64,74,5,16,SQL,2,52,Negative,No,74,87,Medium,Late,None,2026-11-13,3
EMP00115,Employee_115,55,Male,Support,Coordinator,B.Tech,Delhi,2023-05-04,13,MGR048,2026-08-01,Absent,10:44,20:27,79,7.7,Yes,Verified,Success,Yes,Evening,6.4,Yes,Earned,16,4,Pending,7.4,4.9,7.2,37214,15802,2135,50881,68,78,84,2,52,Java,24,40,Negative,No,10,73,High,None,None,2026-05-04,7
EMP00116,Employee_116,58,Female,Finance,Specialist,B.Tech,Delhi,2020-04-21,11,MGR079,2026-08-01,Present,09:43,19:48,0,7.6,Yes,Failed,Failed,Yes,Evening,3.9,Yes,Sick,13,17,Rejected,7.5,8.0,5.5,38970,5071,6980,37061,99,85,75,4,17,SQL,95,54,Neutral,No,30,12,Low,Performance,Payroll,2026-04-21,9
EMP00117,Employee_117,26,Male,Finance,Engineer,MBA,Bhubaneswar,2018-08-02,19,MGR005,2026-08-01,Present,09:59,19:39,0,9.0,Yes,Verified,Failed,Yes,Night,0.8,Yes,Casual,2,20,Pending,7.3,4.8,5.9,86822,19668,7133,99357,83,58,62,3,4,Excel,78,50,Negative,No,14,46,Low,None,Compliance,2026-08-02,2
EMP00118,Employee_118,54,Male,Operations,Coordinator,Bachelor,Bhubaneswar,2021-02-04,17,MGR037,2026-08-01,Present,09:35,20:22,0,8.0,Yes,Verified,Success,Yes,Night,4.8,Yes,Earned,11,29,Pending,7.7,5.0,4.4,78143,19204,3281,94066,56,75,54,5,64,Java,43,100,Positive,No,75,32,High,Leave,Attrition,2026-02-04,7
EMP00119,Employee_119,51,Male,Finance,Analyst,B.Tech,Chennai,2024-04-25,7,MGR030,2026-08-01,Present,09:26,19:33,0,8.6,Yes,Failed,Success,Yes,Morning,3.4,No,None,14,12,Rejected,8.2,5.4,5.3,142509,19229,448,161290,61,70,70,5,45,Excel,73,57,Positive,No,34,63,High,Late,Compliance,2026-04-25,12
EMP00120,Employee_120,30,Male,HR,Analyst,B.Tech,Delhi,2020-09-18,0,MGR070,2026-08-01,WFH,09:54,19:23,0,8.9,Yes,Verified,Failed,Yes,Evening,0.0,No,Casual,6,24,Rejected,6.8,4.9,5.5,51577,8182,5833,53926,53,73,77,3,61,Python,64,62,Neutral,No,32,58,Low,Performance,Payroll,2026-09-18,12
EMP00121,Employee_121,56,Female,IT,Manager,B.Tech,Delhi,2018-02-04,10,MGR047,2026-08-01,Present,08:27,18:26,0,9.1,Yes,Verified,Success,Yes,Evening,2.1,No,Earned,3,5,Rejected,6.4,6.3,3.4,72395,8509,3066,77838,56,86,67,4,30,HRMS,48,52,Positive,No,29,60,Low,Late,Attrition,2026-02-04,8
EMP00122,Employee_122,57,Male,Sales,Analyst,Master,Bhubaneswar,2019-07-05,6,MGR033,2026-08-01,Present,10:40,18:28,77,9.2,Yes,Verified,Success,Yes,Evening,1.3,No,Sick,10,0,Pending,6.4,7.5,7.8,64326,8223,9210,63339,62,76,86,5,68,Power BI,99,58,Neutral,No,51,86,High,Performance,Attrition,2026-07-05,2
EMP00123,Employee_123,25,Male,IT,Manager,Master,Hyderabad,2022-04-10,10,MGR038,2026-08-01,Present,10:38,20:25,69,7.8,Yes,Verified,Success,Yes,Night,0.0,No,Earned,5,5,Approved,8.6,4.5,3.4,80288,18731,6631,92388,66,100,97,4,10,Excel,21,65,Positive,No,22,8,Medium,None,None,2026-04-10,7
EMP00124,Employee_124,45,Female,IT,Engineer,MBA,Pune,2023-11-17,20,MGR017,2026-08-01,Present,08:53,18:01,0,7.1,Yes,Verified,Success,Yes,Evening,4.1,No,Sick,3,17,Pending,6.4,7.8,5.2,106015,5088,1381,109722,87,78,79,4,80,HRMS,67,80,Negative,No,78,39,Medium,Performance,Compliance,2026-11-17,2
EMP00125,Employee_125,43,Female,Sales,Specialist,Bachelor,Chennai,2022-12-15,15,MGR062,2026-08-01,Present,09:49,19:51,0,7.9,Yes,Verified,Success,Yes,Night,2.0,No,Casual,9,13,Rejected,7.3,5.0,6.3,25012,17148,2233,39927,91,64,74,2,28,Java,10,67,Negative,No,40,66,High,Leave,Payroll,2026-12-15,11
EMP00126,Employee_126,29,Female,HR,Coordinator,B.Tech,Delhi,2023-12-19,14,MGR035,2026-08-01,Present,09:31,18:20,0,7.1,Yes,Verified,Failed,Yes,Morning,4.2,Yes,None,13,9,Pending,6.4,5.8,2.0,136867,2243,2988,136122,55,49,50,3,63,Excel,43,66,Neutral,No,73,47,Medium,None,Payroll,2026-12-19,2
EMP00127,Employee_127,45,Male,HR,Coordinator,Master,Pune,2019-08-22,14,MGR032,2026-08-01,Present,08:02,18:29,0,9.2,Yes,Verified,Failed,Yes,Night,2.8,Yes,Earned,17,12,Rejected,8.9,7.7,3.0,48803,6297,4097,51003,96,42,97,5,70,SQL,32,70,Negative,No,48,25,Medium,None,Compliance,2026-08-22,2
EMP00128,Employee_128,28,Female,Support,Engineer,Bachelor,Bhubaneswar,2020-08-24,18,MGR061,2026-08-01,Present,09:09,19:49,0,7.3,Yes,Verified,Success,Yes,Morning,5.0,No,None,10,1,Pending,7.9,6.8,6.7,46936,9047,9579,46404,58,71,64,2,40,AWS,56,86,Positive,No,12,88,Medium,Leave,Compliance,2026-08-24,5
EMP00129,Employee_129,55,Female,Finance,Coordinator,B.Tech,Hyderabad,2018-06-11,19,MGR071,2026-08-01,Present,09:33,18:28,0,7.9,Yes,Verified,Failed,Yes,Evening,2.3,No,None,17,24,Rejected,7.5,6.9,7.3,49874,18569,3057,65386,89,94,73,5,79,Excel,41,86,Positive,No,94,68,Medium,Late,Attrition,2026-06-11,9
EMP00130,Employee_130,27,Male,HR,Engineer,Master,Bhubaneswar,2019-09-24,6,MGR014,2026-08-01,Present,10:06,18:36,69,8.9,Yes,Verified,Failed,Yes,Evening,0.5,No,None,10,11,Approved,7.8,4.3,7.6,109004,10552,1809,117747,63,81,81,5,10,SAP,81,43,Neutral,No,81,95,Medium,Leave,None,2026-09-24,10
EMP00131,Employee_131,35,Female,IT,Engineer,MCA,Chennai,2020-12-24,7,MGR073,2026-08-01,Present,10:11,20:47,61,8.7,Yes,Failed,Success,Yes,Night,2.6,No,Earned,2,22,Rejected,7.3,4.4,6.8,93089,3182,1658,94613,85,65,82,3,43,Power BI,68,78,Neutral,No,55,40,High,Leave,Payroll,2026-12-24,7
EMP00132,Employee_132,45,Female,Finance,Executive,B.Tech,Pune,2022-10-30,0,MGR005,2026-08-01,WFH,09:38,18:33,0,7.4,Yes,Verified,Success,Yes,Evening,0.0,Yes,Casual,19,27,Pending,6.1,7.3,6.1,98812,17879,3504,113187,67,98,85,3,65,Power BI,12,42,Neutral,No,55,19,Low,Leave,Payroll,2026-10-30,10
EMP00133,Employee_133,41,Female,IT,Executive,MCA,Bhubaneswar,2020-10-20,19,MGR039,2026-08-01,Present,09:51,20:24,0,7.2,Yes,Verified,Success,Yes,Evening,2.9,No,Earned,18,29,Approved,8.6,4.9,5.9,99588,7124,1264,105448,88,99,50,5,80,HRMS,6,59,Negative,No,15,40,High,Late,Payroll,2026-10-20,9
EMP00134,Employee_134,53,Male,IT,Executive,MBA,Pune,2020-06-23,4,MGR017,2026-08-01,Present,09:30,20:47,0,7.1,Yes,Verified,Success,Yes,Morning,4.7,No,Earned,1,24,Rejected,6.4,4.5,5.4,83407,19501,9424,93484,81,65,91,5,73,Excel,71,79,Negative,No,77,31,Low,None,Payroll,2026-06-23,7
EMP00135,Employee_135,59,Male,Support,Manager,Master,Hyderabad,2021-08-17,19,MGR057,2026-08-01,Present,10:28,18:59,62,9.5,Yes,Verified,Failed,Yes,Evening,4.6,Yes,None,11,3,Rejected,6.2,7.8,7.6,49967,10509,5644,54832,68,40,71,4,14,Java,57,70,Positive,No,52,26,High,Late,Compliance,2026-08-17,9
EMP00136,Employee_136,45,Male,Finance,Engineer,Bachelor,Hyderabad,2023-11-14,6,MGR080,2026-08-01,Present,09:29,20:00,0,7.2,Yes,Failed,Success,Yes,Night,4.3,No,None,17,0,Pending,8.6,6.6,3.4,106663,4631,301,110993,74,72,95,5,12,AWS,62,95,Negative,No,78,11,Low,Late,Attrition,2026-11-14,9
EMP00137,Employee_137,43,Female,Finance,Coordinator,MBA,Bangalore,2018-03-30,16,MGR036,2026-08-01,Present,08:40,19:56,0,8.2,Yes,Verified,Failed,Yes,Evening,3.0,Yes,Casual,10,10,Pending,8.0,4.4,4.3,76563,5144,301,81406,93,79,90,5,29,HRMS,30,76,Positive,No,64,39,High,Leave,Attrition,2026-03-30,9
EMP00138,Employee_138,40,Male,Sales,Engineer,MCA,Bangalore,2019-06-24,10,MGR009,2026-08-01,Present,09:46,18:11,0,8.0,Yes,Verified,Failed,Yes,Morning,5.5,No,Earned,20,30,Pending,6.9,7.0,6.9,101156,17739,3314,115581,90,99,97,3,35,Power BI,99,52,Positive,No,26,23,Low,Leave,Compliance,2026-06-24,10
EMP00139,Employee_139,44,Male,Support,Executive,B.Tech,Pune,2020-08-09,4,MGR021,2026-08-01,Present,09:02,19:48,0,9.9,Yes,Verified,Success,Yes,Morning,2.3,Yes,Casual,15,2,Approved,8.8,7.9,7.2,90840,19815,7680,102975,81,84,70,3,58,Excel,54,65,Positive,No,87,94,Medium,Leave,Attrition,2026-08-09,10
EMP00140,Employee_140,50,Male,IT,Specialist,MCA,Pune,2024-05-31,1,MGR072,2026-08-01,Present,10:48,20:03,77,7.6,Yes,Verified,Success,Yes,Evening,1.3,No,Earned,16,5,Pending,6.9,7.7,6.1,93242,3582,7399,89425,59,69,91,2,57,SQL,92,72,Positive,No,33,99,High,Late,Attrition,2026-05-31,7
EMP00141,Employee_141,31,Male,HR,Analyst,B.Tech,Chennai,2021-08-17,11,MGR011,2026-08-01,Present,09:24,20:50,0,9.9,Yes,Failed,Success,Yes,Evening,5.2,No,None,6,24,Approved,8.7,6.3,6.0,36820,8194,5309,39705,59,50,59,5,22,Python,53,59,Neutral,No,67,36,High,Late,None,2026-08-17,3
EMP00142,Employee_142,52,Male,Marketing,Executive,Master,Bangalore,2020-04-10,18,MGR061,2026-08-01,Present,08:28,18:38,0,8.8,Yes,Verified,Failed,Yes,Evening,3.3,Yes,None,19,5,Approved,6.2,5.4,2.9,26600,15028,8153,33475,52,82,86,4,77,Java,42,98,Positive,No,16,13,Medium,Late,Compliance,2026-04-10,11
EMP00143,Employee_143,40,Female,Finance,Executive,Bachelor,Pune,2021-03-10,17,MGR009,2026-08-01,Present,10:08,18:44,79,9.6,Yes,Verified,Failed,Yes,Evening,0.7,Yes,Casual,14,19,Approved,6.3,6.9,5.8,147090,1174,1525,146739,55,70,96,4,77,Java,54,78,Neutral,No,43,67,High,Leave,Compliance,2026-03-10,10
EMP00144,Employee_144,35,Female,IT,Analyst,Bachelor,Bhubaneswar,2024-04-23,14,MGR016,2026-08-01,Present,09:13,20:26,0,8.2,Yes,Verified,Success,Yes,Night,1.9,Yes,None,16,20,Approved,8.1,5.0,2.4,89553,5895,9984,85464,69,72,85,5,41,Python,14,83,Neutral,No,53,50,High,None,Compliance,2026-04-23,4
EMP00145,Employee_145,30,Female,Support,Specialist,MBA,Pune,2021-09-15,13,MGR008,2026-08-01,Present,09:19,20:46,0,9.0,Yes,Failed,Failed,Yes,Morning,5.0,Yes,Sick,15,25,Pending,6.2,4.6,7.0,109626,4448,7888,106186,71,64,90,2,68,Power BI,73,78,Neutral,No,33,76,Low,Leave,Payroll,2026-09-15,12
EMP00146,Employee_146,49,Female,IT,Specialist,MBA,Bangalore,2018-05-10,3,MGR048,2026-08-01,Present,09:49,18:58,0,7.3,Yes,Failed,Success,Yes,Evening,1.9,Yes,Casual,13,10,Pending,8.2,6.1,6.7,90149,7787,6088,91848,59,89,56,2,66,Power BI,26,86,Positive,No,68,49,High,None,None,2026-05-10,5
EMP00147,Employee_147,34,Female,IT,Engineer,MBA,Hyderabad,2018-06-30,17,MGR041,2026-08-01,Present,10:42,18:17,62,7.4,Yes,Verified,Success,Yes,Morning,0.9,Yes,Casual,3,17,Pending,7.6,5.1,7.7,27946,18925,5114,41757,68,76,65,4,21,SQL,39,79,Neutral,No,79,56,Low,Late,None,2026-06-30,8
EMP00148,Employee_148,59,Female,Marketing,Manager,MBA,Hyderabad,2018-07-26,6,MGR069,2026-08-01,Present,08:59,19:36,0,7.4,Yes,Failed,Success,Yes,Morning,6.6,No,Sick,12,21,Rejected,8.1,5.9,3.4,36287,13974,6421,43840,64,49,89,2,33,AWS,50,51,Negative,Yes,95,42,Medium,Performance,Attrition,2026-07-26,1
EMP00149,Employee_149,57,Male,Marketing,Analyst,B.Tech,Chennai,2018-09-25,3,MGR042,2026-08-01,Present,09:04,19:34,0,8.4,Yes,Failed,Success,Yes,Morning,4.7,Yes,Casual,5,15,Pending,6.2,4.8,6.2,125655,11423,9903,127175,77,90,77,4,72,AWS,69,84,Positive,No,32,84,High,None,Attrition,2026-09-25,2
EMP00150,Employee_150,40,Female,HR,Specialist,Bachelor,Chennai,2024-08-22,19,MGR049,2026-08-01,Present,10:41,20:03,74,7.3,Yes,Verified,Failed,Yes,Night,4.5,Yes,Casual,10,21,Approved,7.4,5.2,5.7,132744,14588,2886,144446,78,52,63,2,40,Java,72,90,Negative,No,48,55,High,Leave,None,2026-08-22,10
EMP00151,Employee_151,21,Female,HR,Manager,Bachelor,Bangalore,2018-02-03,13,MGR076,2026-08-01,Present,10:20,20:24,76,8.2,Yes,Verified,Failed,Yes,Morning,2.1,Yes,Earned,9,4,Approved,7.7,7.4,4.2,73394,17985,870,90509,76,49,68,2,16,Power BI,1,44,Negative,No,12,18,High,Performance,Attrition,2026-02-03,3
EMP00152,Employee_152,48,Male,Sales,Specialist,B.Tech,Delhi,2018-12-13,14,MGR050,2026-08-01,Present,09:11,19:38,0,7.0,Yes,Verified,Failed,Yes,Morning,3.6,No,Earned,20,29,Rejected,7.7,4.1,2.2,137741,14943,9902,142782,80,85,73,5,14,SAP,88,45,Positive,No,77,96,Medium,Performance,None,2026-12-13,9
EMP00153,Employee_153,55,Male,Sales,Executive,MCA,Pune,2024-11-03,18,MGR043,2026-08-01,Present,08:51,19:18,0,7.5,Yes,Failed,Failed,Yes,Night,3.1,No,Sick,2,1,Rejected,7.4,4.7,2.3,105352,1729,5628,101453,68,91,97,4,79,Python,36,71,Positive,No,26,64,Low,Leave,Payroll,2026-11-03,3
EMP00154,Employee_154,32,Male,Operations,Executive,MBA,Bangalore,2021-02-24,8,MGR031,2026-08-01,Present,09:51,20:55,0,7.1,Yes,Verified,Success,Yes,Night,5.8,Yes,Earned,8,24,Pending,8.3,5.0,4.6,122180,3655,9893,115942,90,50,63,2,73,AWS,6,81,Neutral,No,24,6,Low,Performance,Attrition,2026-02-24,8
EMP00155,Employee_155,37,Male,Marketing,Executive,Bachelor,Hyderabad,2021-05-19,14,MGR049,2026-08-01,Present,09:33,20:02,0,7.3,Yes,Failed,Failed,Yes,Evening,2.9,No,Sick,17,10,Pending,6.8,4.4,5.9,74781,12781,7775,79787,75,69,99,3,30,Excel,66,61,Negative,No,33,40,High,None,None,2026-05-19,2
EMP00156,Employee_156,35,Female,Finance,Engineer,Bachelor,Bhubaneswar,2018-02-18,19,MGR012,2026-08-01,Present,09:38,20:57,0,9.5,Yes,Failed,Failed,Yes,Morning,0.0,Yes,None,3,27,Rejected,6.4,6.6,7.4,114849,14612,5759,123702,86,91,61,2,14,Power BI,32,58,Neutral,No,94,9,High,Performance,Payroll,2026-02-18,7
EMP00157,Employee_157,37,Female,IT,Executive,Bachelor,Pune,2021-08-17,6,MGR079,2026-08-01,Present,09:41,19:06,0,7.4,Yes,Verified,Success,Yes,Night,3.4,Yes,Earned,1,22,Pending,6.3,4.3,5.4,75933,10900,984,85849,66,89,78,5,2,SAP,19,81,Negative,No,10,4,High,Performance,Payroll,2026-08-17,3
EMP00158,Employee_158,48,Female,Support,Coordinator,Bachelor,Delhi,2021-09-12,7,MGR001,2026-08-01,Present,09:44,19:07,0,8.7,Yes,Verified,Success,Yes,Night,3.7,No,Earned,18,1,Rejected,9.0,6.6,4.2,92552,16078,7833,100797,71,45,79,2,37,Excel,22,75,Positive,No,59,84,Low,Leave,Attrition,2026-09-12,2
EMP00159,Employee_159,58,Male,Sales,Executive,Bachelor,Delhi,2022-01-11,20,MGR040,2026-08-01,Present,09:53,19:01,0,7.1,Yes,Verified,Success,Yes,Night,5.4,Yes,Earned,6,3,Approved,8.4,6.7,4.8,29679,6327,415,35591,93,95,84,3,19,Excel,9,42,Negative,No,28,62,High,None,Attrition,2026-01-11,10
EMP00160,Employee_160,40,Male,Sales,Specialist,Master,Delhi,2018-07-07,2,MGR014,2026-08-01,Present,09:38,20:14,0,7.2,Yes,Verified,Success,Yes,Evening,4.4,No,Sick,20,3,Rejected,7.7,4.5,7.0,26882,5644,818,31708,100,53,98,3,5,Power BI,42,44,Positive,No,45,18,Medium,Late,Payroll,2026-07-07,9
EMP00161,Employee_161,22,Female,HR,Analyst,Bachelor,Bangalore,2019-11-07,2,MGR076,2026-08-01,Absent,09:26,20:51,0,9.4,Yes,Verified,Failed,Yes,Morning,3.1,Yes,Casual,4,20,Pending,7.6,5.6,7.6,128684,12325,2584,138425,89,84,52,2,76,Power BI,91,71,Negative,No,21,80,Medium,Leave,Attrition,2026-11-07,1
EMP00162,Employee_162,55,Male,Sales,Coordinator,Master,Hyderabad,2024-04-03,1,MGR025,2026-08-01,Present,09:09,20:54,0,9.9,Yes,Verified,Success,Yes,Morning,5.6,Yes,None,6,1,Rejected,7.1,4.8,3.5,94494,3135,5929,91700,89,91,98,2,58,Python,13,87,Positive,No,78,22,Low,None,Attrition,2026-04-03,9
EMP00163,Employee_163,35,Male,Finance,Engineer,Bachelor,Bangalore,2019-04-21,13,MGR026,2026-08-01,Present,08:14,18:30,0,8.8,Yes,Verified,Success,Yes,Morning,5.5,Yes,Earned,18,5,Pending,7.1,5.8,3.2,79927,6512,5336,81103,72,57,62,4,42,Power BI,4,84,Negative,No,17,35,Low,None,Attrition,2026-04-21,8
EMP00164,Employee_164,31,Male,Marketing,Specialist,Master,Bhubaneswar,2022-09-10,13,MGR067,2026-08-01,Present,09:13,20:30,0,9.5,Yes,Verified,Success,Yes,Night,1.0,No,Casual,10,7,Pending,7.3,4.9,7.6,141183,9671,9889,140965,59,98,86,3,0,HRMS,5,42,Neutral,No,74,4,Medium,Performance,Attrition,2026-09-10,12
EMP00165,Employee_165,43,Female,IT,Coordinator,Bachelor,Bhubaneswar,2019-02-06,15,MGR040,2026-08-01,Present,09:29,20:47,0,8.8,Yes,Verified,Success,Yes,Morning,2.2,No,Casual,0,25,Pending,7.9,6.8,2.0,149509,7143,2174,154478,90,44,74,5,42,Python,37,67,Neutral,No,88,69,High,Late,None,2026-02-06,10
EMP00166,Employee_166,45,Female,Sales,Specialist,Bachelor,Hyderabad,2021-10-07,11,MGR023,2026-08-01,Present,08:45,18:35,0,9.1,Yes,Verified,Success,Yes,Evening,3.0,Yes,None,16,20,Pending,8.2,7.0,7.2,141389,1689,1818,141260,94,53,98,4,28,AWS,45,97,Neutral,No,74,87,Medium,Leave,None,2026-10-07,2
EMP00167,Employee_167,39,Female,Marketing,Manager,Bachelor,Bangalore,2022-03-08,14,MGR012,2026-08-01,Present,09:57,18:18,0,9.9,Yes,Verified,Success,Yes,Morning,0.7,No,None,3,22,Approved,7.5,7.5,5.1,118038,17429,8730,126737,90,41,68,5,53,Power BI,60,62,Neutral,No,66,94,High,None,Payroll,2026-03-08,4
EMP00168,Employee_168,41,Female,Marketing,Coordinator,MCA,Delhi,2018-09-15,14,MGR059,2026-08-01,Present,08:08,19:10,0,9.4,Yes,Verified,Success,Yes,Evening,3.7,No,None,7,4,Pending,6.9,7.8,5.7,78961,18962,5616,92307,60,85,84,4,36,Power BI,22,93,Negative,No,95,19,Low,Late,None,2026-09-15,1
EMP00169,Employee_169,30,Female,Sales,Specialist,Master,Delhi,2021-07-20,9,MGR016,2026-08-01,Absent,10:25,19:49,64,7.4,Yes,Verified,Success,Yes,Morning,1.2,Yes,Sick,6,20,Rejected,6.9,7.6,7.8,112235,10385,5633,116987,98,76,92,2,18,SAP,43,84,Positive,No,71,5,Low,None,Payroll,2026-07-20,1
EMP00170,Employee_170,59,Male,Marketing,Specialist,Master,Hyderabad,2022-07-04,6,MGR003,2026-08-01,Present,10:54,19:43,67,9.0,Yes,Verified,Failed,Yes,Evening,3.7,Yes,Earned,14,10,Rejected,7.8,7.8,7.5,37121,10694,901,46914,73,65,59,4,54,AWS,49,63,Positive,No,46,44,Medium,Leave,Attrition,2026-07-04,9
EMP00171,Employee_171,47,Male,Support,Specialist,MCA,Bhubaneswar,2018-12-25,4,MGR027,2026-08-01,Present,09:55,20:21,0,7.2,Yes,Failed,Success,Yes,Morning,2.7,Yes,Earned,13,20,Pending,7.2,6.2,6.3,62831,5367,6944,61254,98,98,58,5,25,Power BI,48,58,Negative,No,72,5,Medium,Leave,Attrition,2026-12-25,9
EMP00172,Employee_172,51,Male,Operations,Coordinator,MBA,Pune,2023-03-14,5,MGR063,2026-08-01,Absent,09:41,18:01,0,7.4,Yes,Verified,Success,Yes,Morning,0.9,No,Earned,0,18,Pending,8.6,6.5,4.9,45188,8607,4917,48878,94,92,57,2,47,Python,33,50,Negative,No,17,18,Medium,Performance,Compliance,2026-03-14,6
EMP00173,Employee_173,25,Male,Support,Coordinator,Master,Bhubaneswar,2019-10-31,19,MGR022,2026-08-01,Present,08:55,19:52,0,9.5,Yes,Verified,Success,Yes,Night,2.7,No,None,11,17,Rejected,7.1,4.6,2.8,62992,9557,8677,63872,68,63,99,2,62,HRMS,43,98,Positive,No,23,27,Low,Late,Compliance,2026-10-31,9
EMP00174,Employee_174,29,Male,Sales,Manager,MBA,Chennai,2023-11-24,11,MGR018,2026-08-01,Present,10:56,20:33,77,9.3,Yes,Verified,Success,Yes,Night,5.1,No,None,3,23,Approved,6.7,7.4,2.9,85357,2503,1909,85951,64,59,58,5,26,Power BI,10,67,Negative,No,24,9,Low,Performance,Attrition,2026-11-24,1
EMP00175,Employee_175,40,Male,Support,Analyst,Bachelor,Delhi,2020-03-15,6,MGR076,2026-08-01,Absent,08:11,20:22,0,7.1,Yes,Verified,Failed,Yes,Evening,5.9,No,Sick,18,5,Rejected,8.3,6.5,5.0,86483,3896,4145,86234,54,46,87,2,1,Excel,91,52,Neutral,Yes,31,96,High,None,None,2026-03-15,4
EMP00176,Employee_176,43,Female,Sales,Engineer,MCA,Bangalore,2023-08-28,13,MGR015,2026-08-01,Present,09:20,18:29,0,7.3,Yes,Verified,Success,Yes,Evening,3.6,No,None,11,2,Pending,7.5,5.5,4.7,82627,3516,2963,83180,97,59,93,3,56,Excel,70,66,Neutral,No,64,24,Low,Performance,Payroll,2026-08-28,3
EMP00177,Employee_177,46,Male,Operations,Engineer,Bachelor,Hyderabad,2018-02-22,6,MGR044,2026-08-01,Present,09:54,19:07,0,7.7,Yes,Verified,Failed,Yes,Evening,2.1,No,Sick,16,24,Rejected,8.8,5.4,6.0,40626,4697,6468,38855,75,71,82,2,35,Power BI,98,69,Positive,No,25,32,Medium,Performance,Compliance,2026-02-22,11
EMP00178,Employee_178,22,Male,Sales,Specialist,MBA,Bangalore,2019-07-06,9,MGR080,2026-08-01,Present,08:48,18:42,0,9.3,Yes,Verified,Success,Yes,Morning,1.2,No,Earned,3,15,Rejected,6.8,5.4,7.2,133830,2235,8161,127904,84,41,98,2,4,HRMS,15,64,Neutral,No,50,48,Medium,Performance,None,2026-07-06,1
EMP00179,Employee_179,28,Female,Operations,Specialist,MCA,Delhi,2019-12-26,15,MGR061,2026-08-01,Present,10:10,20:03,69,8.2,Yes,Verified,Failed,Yes,Evening,3.9,No,Sick,13,10,Approved,6.1,4.2,7.0,65954,12749,7986,70717,72,91,97,3,74,Python,97,97,Negative,No,53,48,Low,Performance,Payroll,2026-12-26,6
EMP00180,Employee_180,58,Male,Operations,Analyst,MBA,Bhubaneswar,2022-08-15,10,MGR022,2026-08-01,Present,09:20,18:29,0,9.0,Yes,Verified,Failed,Yes,Night,2.2,No,Sick,1,0,Rejected,7.4,4.1,3.9,57455,7688,5113,60030,86,64,70,3,73,SQL,62,46,Negative,No,36,43,Medium,Leave,Compliance,2026-08-15,10
EMP00181,Employee_181,39,Female,HR,Manager,MCA,Pune,2021-05-11,7,MGR080,2026-08-01,Present,09:05,20:54,0,8.7,Yes,Failed,Success,Yes,Evening,4.3,Yes,Earned,20,13,Approved,7.0,4.3,6.9,135150,17558,3507,149201,82,91,69,2,55,AWS,25,66,Neutral,No,42,79,High,Performance,Compliance,2026-05-11,1
EMP00182,Employee_182,55,Female,Marketing,Coordinator,Bachelor,Delhi,2023-10-16,6,MGR047,2026-08-01,Present,09:15,18:47,0,9.1,Yes,Verified,Success,Yes,Evening,2.7,No,None,18,20,Approved,8.5,5.1,3.7,52912,15312,4389,63835,60,56,93,5,76,Excel,51,55,Positive,No,29,24,Low,Late,Payroll,2026-10-16,8
EMP00183,Employee_183,37,Female,Operations,Specialist,Master,Chennai,2023-06-12,1,MGR063,2026-08-01,Present,10:03,18:20,73,8.8,Yes,Verified,Success,Yes,Evening,0.0,Yes,Earned,6,30,Rejected,8.5,4.9,5.4,60744,4470,477,64737,82,99,57,3,66,Java,63,96,Positive,No,40,76,Low,Leave,Payroll,2026-06-12,10
EMP00184,Employee_184,34,Female,Sales,Executive,MBA,Delhi,2022-05-17,1,MGR063,2026-08-01,Present,09:44,18:20,0,8.6,Yes,Verified,Failed,Yes,Morning,5.0,No,Casual,13,11,Pending,8.1,7.3,2.1,43910,3500,2869,44541,88,42,97,3,6,Excel,32,75,Neutral,No,49,81,High,Leave,None,2026-05-17,9
EMP00185,Employee_185,40,Male,Support,Engineer,B.Tech,Chennai,2020-08-26,10,MGR053,2026-08-01,Present,09:17,18:52,0,9.3,Yes,Verified,Success,Yes,Night,0.0,No,Sick,12,22,Pending,8.6,7.3,6.9,64438,2957,3857,63538,94,56,82,4,8,AWS,53,78,Negative,No,80,94,Medium,Performance,None,2026-08-26,1
EMP00186,Employee_186,41,Male,HR,Engineer,Master,Delhi,2020-01-23,20,MGR017,2026-08-01,Present,09:43,19:50,0,9.8,Yes,Verified,Success,Yes,Night,5.8,Yes,Sick,20,5,Rejected,7.8,5.3,3.7,25403,13128,3278,35253,55,66,73,3,23,HRMS,48,100,Negative,No,38,2,Low,Late,None,2026-01-23,8
EMP00187,Employee_187,26,Female,IT,Specialist,Bachelor,Bhubaneswar,2020-03-23,16,MGR056,2026-08-01,Present,09:59,19:52,0,9.0,Yes,Verified,Success,Yes,Night,2.6,Yes,Casual,12,30,Pending,6.9,6.0,2.8,103694,8524,2445,109773,63,78,63,5,36,Excel,53,51,Neutral,No,28,3,Medium,Leave,Compliance,2026-03-23,10
EMP00188,Employee_188,29,Female,Operations,Executive,Master,Chennai,2023-01-22,12,MGR055,2026-08-01,Present,09:16,18:06,0,8.7,Yes,Verified,Success,Yes,Morning,1.8,No,Sick,11,19,Rejected,8.9,6.4,6.5,36237,338,7682,28893,52,40,66,5,64,HRMS,38,65,Negative,No,57,16,High,None,Compliance,2026-01-22,5
EMP00189,Employee_189,30,Female,HR,Manager,Bachelor,Bangalore,2019-11-27,15,MGR036,2026-08-01,Present,10:59,19:18,75,9.7,Yes,Verified,Failed,Yes,Evening,6.7,No,Earned,4,28,Approved,6.9,8.0,6.6,66591,17380,7093,76878,59,75,92,2,56,Python,24,49,Positive,No,39,23,Low,Performance,Payroll,2026-11-27,3
EMP00190,Employee_190,56,Female,Sales,Executive,Bachelor,Chennai,2023-03-29,4,MGR016,2026-08-01,Present,09:13,19:11,0,9.5,Yes,Failed,Failed,Yes,Evening,1.3,Yes,None,3,16,Rejected,6.5,7.7,3.5,30346,14467,5841,38972,81,83,56,5,42,Python,36,83,Negative,No,25,50,Medium,None,Payroll,2026-03-29,3
EMP00191,Employee_191,21,Female,HR,Coordinator,MCA,Pune,2018-04-29,10,MGR073,2026-08-01,Present,08:55,18:51,0,8.9,Yes,Verified,Success,Yes,Night,0.0,Yes,Earned,15,2,Pending,6.8,5.0,6.6,107359,8825,9735,106449,75,45,51,5,26,Power BI,49,89,Neutral,No,46,82,High,Late,None,2026-04-29,5
EMP00192,Employee_192,53,Male,Sales,Executive,B.Tech,Pune,2023-07-04,8,MGR073,2026-08-01,Present,09:05,19:51,0,8.1,Yes,Verified,Success,Yes,Night,3.8,No,None,9,1,Rejected,7.0,5.9,3.3,72060,3149,6020,69189,93,85,59,3,63,SQL,37,69,Neutral,No,20,61,Medium,Late,Compliance,2026-07-04,11
EMP00193,Employee_193,27,Female,Sales,Analyst,B.Tech,Chennai,2021-05-15,18,MGR033,2026-08-01,Present,09:37,18:49,0,8.5,Yes,Verified,Failed,Yes,Night,1.3,No,Casual,1,25,Approved,8.5,4.2,4.5,145232,1477,8411,138298,95,59,70,2,75,SAP,96,82,Neutral,No,89,33,Medium,Late,Compliance,2026-05-15,3
EMP00194,Employee_194,46,Male,HR,Engineer,B.Tech,Pune,2018-11-17,12,MGR078,2026-08-01,Present,10:19,20:52,68,9.9,Yes,Verified,Failed,Yes,Night,2.8,No,Sick,3,2,Approved,6.4,4.8,6.9,95041,587,95,95533,94,52,51,5,26,SAP,83,49,Negative,No,40,55,High,Late,None,2026-11-17,5
EMP00195,Employee_195,51,Male,Support,Executive,MCA,Bangalore,2023-03-14,6,MGR038,2026-08-01,Present,09:53,19:03,0,8.0,Yes,Verified,Failed,Yes,Night,2.6,No,Earned,5,27,Pending,8.2,6.4,5.3,121833,14590,7947,128476,68,42,81,3,51,SAP,65,77,Negative,No,88,86,Medium,Late,None,2026-03-14,9
EMP00196,Employee_196,47,Female,HR,Executive,MCA,Chennai,2018-03-19,11,MGR058,2026-08-01,Present,09:01,18:18,0,9.2,Yes,Verified,Success,Yes,Evening,3.1,Yes,Casual,18,18,Rejected,7.0,6.4,7.1,97516,2081,4388,95209,92,69,58,4,37,HRMS,53,93,Negative,No,93,94,Medium,Performance,Compliance,2026-03-19,10
EMP00197,Employee_197,59,Female,HR,Executive,B.Tech,Hyderabad,2020-04-28,7,MGR027,2026-08-01,Present,09:01,19:56,0,7.8,Yes,Failed,Success,Yes,Morning,2.7,Yes,None,15,10,Pending,6.3,4.9,5.4,47713,6536,2561,51688,81,56,71,3,45,Python,98,96,Negative,No,44,19,High,None,None,2026-04-28,8
EMP00198,Employee_198,53,Male,IT,Coordinator,Bachelor,Bangalore,2023-02-16,11,MGR021,2026-08-01,Present,08:45,19:48,0,8.5,Yes,Failed,Success,Yes,Morning,2.2,No,Sick,3,26,Approved,6.4,4.8,7.8,132952,18431,687,150696,99,89,50,2,31,SAP,43,58,Negative,No,31,10,Medium,Leave,Attrition,2026-02-16,6
EMP00199,Employee_199,47,Female,Support,Specialist,MBA,Bhubaneswar,2020-10-02,14,MGR019,2026-08-01,Present,09:45,20:04,0,7.3,Yes,Verified,Success,Yes,Morning,3.0,No,None,7,12,Approved,8.0,6.6,7.4,130089,14051,6773,137367,53,80,95,3,66,Java,53,65,Negative,No,80,38,High,Leave,Payroll,2026-10-02,1
EMP00200,Employee_200,60,Female,Operations,Manager,B.Tech,Bangalore,2021-02-19,9,MGR011,2026-08-01,Present,10:21,19:46,79,9.2,Yes,Verified,Failed,Yes,Night,0.5,No,Casual,4,2,Rejected,7.7,6.1,6.5,83482,6721,8919,81284,60,41,51,5,69,Java,30,93,Neutral,No,64,64,Low,None,Payroll,2026-02-19,5
EMP00201,Employee_201,50,Female,IT,Coordinator,MCA,Delhi,2023-09-10,20,MGR069,2026-08-01,Present,09:14,19:19,0,7.9,Yes,Failed,Failed,Yes,Night,5.4,Yes,Earned,3,16,Rejected,6.7,5.3,5.5,64054,18757,85,82726,99,63,79,5,12,Power BI,91,67,Neutral,No,20,11,Low,Performance,Compliance,2026-09-10,8
EMP00202,Employee_202,58,Female,Support,Manager,MCA,Pune,2020-05-29,20,MGR055,2026-08-01,WFH,09:44,19:46,0,9.9,Yes,Verified,Success,Yes,Night,5.4,Yes,Earned,2,22,Pending,6.4,6.8,7.2,113712,17244,6598,124358,57,84,63,4,58,SAP,4,87,Positive,No,81,47,Low,Performance,None,2026-05-29,2
EMP00203,Employee_203,52,Male,Support,Engineer,Master,Delhi,2022-02-22,13,MGR007,2026-08-01,WFH,10:19,19:13,69,7.5,Yes,Failed,Success,Yes,Morning,4.1,Yes,Sick,11,2,Approved,7.3,6.3,5.4,74081,9937,4816,79202,71,90,74,4,60,Power BI,97,48,Negative,No,91,58,Medium,Performance,Compliance,2026-02-22,12
EMP00204,Employee_204,42,Male,Operations,Executive,MBA,Chennai,2021-08-25,2,MGR022,2026-08-01,Present,08:36,20:50,0,9.3,Yes,Verified,Failed,Yes,Night,3.3,Yes,None,19,6,Rejected,7.6,7.0,7.7,75755,7629,6478,76906,83,52,98,5,60,Python,15,82,Negative,No,33,2,Medium,Late,Compliance,2026-08-25,12
EMP00205,Employee_205,22,Female,Sales,Engineer,B.Tech,Bhubaneswar,2024-07-01,16,MGR041,2026-08-01,Present,09:05,18:06,0,8.6,Yes,Verified,Success,Yes,Morning,5.1,No,None,10,4,Pending,8.9,6.7,2.4,102187,1474,8052,95609,70,51,51,5,7,Java,49,46,Neutral,No,28,52,Medium,Leave,Attrition,2026-07-01,2
EMP00206,Employee_206,45,Male,Finance,Analyst,MBA,Pune,2018-08-01,17,MGR053,2026-08-01,Present,09:01,19:40,0,7.7,Yes,Verified,Success,Yes,Night,4.3,Yes,Casual,7,24,Rejected,8.0,4.5,5.4,89615,16666,8264,98017,78,45,90,3,64,Excel,100,49,Neutral,No,79,21,Low,Performance,Attrition,2026-08-01,1
EMP00207,Employee_207,37,Female,Finance,Coordinator,Master,Delhi,2018-01-05,16,MGR037,2026-08-01,Present,09:47,20:36,0,7.2,Yes,Verified,Success,Yes,Night,5.7,Yes,Casual,20,23,Rejected,9.0,7.5,3.3,25071,1971,7900,19142,82,91,70,3,43,Java,96,85,Neutral,Yes,44,31,High,Leave,Payroll,2026-01-05,4
EMP00208,Employee_208,51,Male,HR,Coordinator,Master,Pune,2023-02-27,17,MGR063,2026-08-01,Present,10:34,18:50,70,9.6,Yes,Failed,Success,Yes,Night,2.3,Yes,Earned,0,21,Approved,7.1,7.3,7.0,109730,67,9974,99823,72,64,61,3,1,SQL,59,63,Positive,No,66,1,Low,None,Payroll,2026-02-27,11
EMP00209,Employee_209,23,Female,Sales,Coordinator,MCA,Bangalore,2022-01-05,0,MGR026,2026-08-01,WFH,09:40,19:07,0,9.6,Yes,Failed,Failed,Yes,Evening,5.3,Yes,Casual,9,21,Rejected,7.7,6.7,5.4,55704,16181,5947,65938,54,77,58,3,8,Power BI,33,99,Negative,No,39,66,High,Leave,Compliance,2026-01-05,11
EMP00210,Employee_210,41,Female,Support,Executive,MBA,Bhubaneswar,2018-04-05,16,MGR060,2026-08-01,Present,10:33,18:56,79,9.2,Yes,Verified,Success,Yes,Evening,4.5,No,Sick,8,0,Pending,6.6,4.3,5.4,25256,13995,849,38402,51,87,64,5,54,SQL,31,52,Positive,No,52,39,Low,None,None,2026-04-05,8
EMP00211,Employee_211,36,Female,Support,Analyst,MBA,Delhi,2022-11-05,7,MGR010,2026-08-01,Present,08:39,19:48,0,7.3,Yes,Verified,Failed,Yes,Morning,0.7,Yes,None,10,29,Approved,7.1,7.6,6.2,57394,3533,7759,53168,100,48,53,4,56,Python,38,79,Negative,No,65,8,Low,None,None,2026-11-05,5
EMP00212,Employee_212,50,Female,Sales,Executive,MCA,Delhi,2022-04-12,3,MGR044,2026-08-01,Present,09:43,18:29,0,8.6,Yes,Failed,Success,Yes,Morning,1.5,Yes,None,3,19,Rejected,6.2,7.2,3.2,55554,19646,173,75027,86,48,90,5,65,Java,45,66,Neutral,No,89,56,Low,Late,Compliance,2026-04-12,1
EMP00213,Employee_213,30,Male,Sales,Manager,MCA,Hyderabad,2018-09-05,9,MGR048,2026-08-01,WFH,09:33,20:42,0,9.0,Yes,Verified,Success,Yes,Night,2.2,Yes,Earned,20,11,Approved,8.9,6.6,3.2,65788,19125,8866,76047,54,61,62,4,60,SAP,76,84,Neutral,No,84,72,Medium,Leave,Attrition,2026-09-05,6
EMP00214,Employee_214,35,Male,Sales,Specialist,Master,Bangalore,2019-10-27,15,MGR043,2026-08-01,Present,08:24,18:25,0,7.6,Yes,Verified,Success,Yes,Morning,5.0,Yes,Sick,14,0,Rejected,6.3,5.2,3.2,90002,7189,60,97131,87,98,98,2,46,Python,3,52,Positive,No,46,22,Low,Leave,Compliance,2026-10-27,6
EMP00215,Employee_215,28,Female,IT,Manager,B.Tech,Bangalore,2024-03-21,11,MGR048,2026-08-01,Present,09:33,20:56,0,8.3,Yes,Failed,Success,Yes,Morning,3.2,Yes,Casual,8,25,Approved,6.6,5.5,4.2,27751,4497,6208,26040,88,67,90,2,31,Python,97,79,Negative,No,34,68,Medium,Late,Payroll,2026-03-21,4
EMP00216,Employee_216,60,Male,IT,Specialist,B.Tech,Chennai,2018-08-07,16,MGR048,2026-08-01,Present,09:29,18:20,0,9.1,Yes,Failed,Failed,Yes,Evening,3.4,No,Earned,4,8,Rejected,7.2,7.7,5.5,52425,2667,7711,47381,52,53,64,5,25,SAP,30,65,Positive,No,49,54,Medium,Late,Payroll,2026-08-07,5
EMP00217,Employee_217,50,Female,Sales,Executive,B.Tech,Pune,2024-03-05,13,MGR048,2026-08-01,Present,08:20,19:24,0,7.1,Yes,Verified,Success,Yes,Evening,3.6,Yes,Sick,14,28,Approved,6.9,6.0,5.3,55169,19135,674,73630,55,90,67,4,29,SQL,15,44,Neutral,No,14,69,Low,Leave,Compliance,2026-03-05,11
EMP00218,Employee_218,55,Female,HR,Manager,MBA,Hyderabad,2021-09-10,12,MGR052,2026-08-01,Present,09:48,20:00,0,8.4,Yes,Failed,Success,Yes,Evening,3.6,Yes,Casual,9,23,Rejected,6.6,4.9,5.5,49987,19792,2258,67521,85,88,79,4,59,AWS,10,60,Positive,No,64,98,High,Performance,Compliance,2026-09-10,8
EMP00219,Employee_219,43,Female,IT,Executive,B.Tech,Chennai,2023-01-18,12,MGR069,2026-08-01,Present,10:37,18:36,60,9.4,Yes,Verified,Success,Yes,Evening,1.1,No,Earned,4,6,Pending,6.2,5.5,4.8,148647,317,8188,140776,71,76,78,4,38,SQL,21,46,Negative,No,80,22,Low,Performance,None,2026-01-18,3
EMP00220,Employee_220,54,Male,Sales,Analyst,MBA,Delhi,2020-03-26,0,MGR022,2026-08-01,Present,08:58,19:25,0,7.5,Yes,Verified,Success,Yes,Night,4.9,No,Earned,12,23,Approved,7.2,7.6,3.2,51986,7636,4769,54853,63,59,77,4,60,Power BI,77,76,Neutral,No,85,25,High,Performance,Payroll,2026-03-26,4
EMP00221,Employee_221,52,Female,Sales,Specialist,Bachelor,Chennai,2018-01-31,2,MGR037,2026-08-01,Present,09:58,19:22,0,9.1,Yes,Failed,Success,Yes,Evening,0.0,Yes,Earned,19,7,Approved,8.7,6.9,4.7,93925,10777,9326,95376,92,51,94,3,72,SQL,50,84,Positive,No,40,20,Medium,Leave,None,2026-01-31,12
EMP00222,Employee_222,53,Female,Sales,Executive,Master,Hyderabad,2020-06-08,6,MGR065,2026-08-01,Present,09:01,18:40,0,9.1,Yes,Failed,Success,Yes,Evening,4.2,No,Earned,13,27,Approved,7.2,4.0,2.7,73330,2507,1723,74114,58,60,92,2,59,SAP,59,44,Positive,No,80,84,Low,Performance,Compliance,2026-06-08,8
EMP00223,Employee_223,46,Male,HR,Coordinator,Bachelor,Chennai,2021-02-17,8,MGR020,2026-08-01,Present,09:11,18:45,0,7.1,Yes,Failed,Failed,Yes,Morning,3.2,No,None,3,26,Rejected,8.4,6.6,6.3,63554,4068,8759,58863,56,64,94,3,39,SAP,6,78,Positive,No,16,98,Medium,Late,Compliance,2026-02-17,6
EMP00224,Employee_224,42,Male,Operations,Coordinator,Bachelor,Bangalore,2020-09-04,3,MGR022,2026-08-01,Present,09:02,19:32,0,7.3,Yes,Verified,Success,Yes,Night,3.3,Yes,Casual,2,29,Rejected,7.2,5.7,3.4,80270,915,238,80947,56,62,70,2,22,Python,51,81,Neutral,No,11,49,Low,Performance,Compliance,2026-09-04,2
EMP00225,Employee_225,27,Male,Finance,Analyst,MCA,Hyderabad,2021-02-14,20,MGR050,2026-08-01,Present,10:49,20:08,71,8.0,Yes,Failed,Failed,Yes,Evening,7.0,No,None,13,10,Approved,7.8,6.3,4.3,125603,19623,8185,137041,90,87,64,4,64,Python,29,41,Negative,No,25,39,Low,Performance,Compliance,2026-02-14,10
EMP00226,Employee_226,30,Female,IT,Coordinator,Bachelor,Bangalore,2018-11-22,19,MGR057,2026-08-01,Present,08:21,18:17,0,8.0,Yes,Verified,Failed,Yes,Evening,4.1,No,None,4,7,Rejected,7.0,5.0,5.2,90369,9719,3309,96779,92,55,93,4,28,HRMS,66,60,Positive,No,66,80,Low,None,Attrition,2026-11-22,2
EMP00227,Employee_227,56,Male,IT,Specialist,Bachelor,Pune,2020-02-28,14,MGR040,2026-08-01,Present,08:12,18:27,0,7.5,Yes,Verified,Success,Yes,Evening,2.3,No,Casual,6,8,Pending,6.2,7.9,4.4,37027,5691,9709,33009,60,70,78,3,54,HRMS,97,49,Neutral,No,12,97,Medium,Performance,None,2026-02-28,5
EMP00228,Employee_228,40,Female,Finance,Executive,MCA,Delhi,2024-09-03,15,MGR010,2026-08-01,Present,10:45,19:12,64,7.5,Yes,Verified,Success,Yes,Morning,2.2,No,Earned,17,12,Pending,8.8,7.9,4.2,58723,12466,7596,63593,81,59,91,3,75,SQL,52,96,Positive,No,25,49,High,Late,Compliance,2026-09-03,7
EMP00229,Employee_229,36,Male,Sales,Analyst,MBA,Chennai,2020-11-11,0,MGR019,2026-08-01,Present,09:29,20:09,0,7.8,Yes,Failed,Failed,Yes,Night,0.7,Yes,None,11,3,Approved,7.9,7.7,4.4,110315,12626,6947,115994,87,97,55,2,66,Excel,54,50,Neutral,No,42,88,Medium,Performance,Payroll,2026-11-11,12
EMP00230,Employee_230,34,Female,Operations,Manager,Bachelor,Bangalore,2022-08-13,15,MGR001,2026-08-01,Present,08:49,20:26,0,8.6,Yes,Failed,Success,Yes,Night,2.9,No,Casual,3,5,Pending,6.6,4.5,4.9,131722,4676,4407,131991,82,100,57,4,57,Excel,23,52,Positive,No,33,97,Low,Leave,Attrition,2026-08-13,8
EMP00231,Employee_231,58,Male,Sales,Executive,Bachelor,Bhubaneswar,2019-03-24,1,MGR035,2026-08-01,Present,09:00,20:37,0,9.4,Yes,Verified,Success,Yes,Morning,3.7,Yes,Earned,3,19,Rejected,9.0,7.0,7.6,33423,11211,486,44148,80,88,71,4,77,HRMS,43,63,Negative,No,53,40,Low,Leave,Attrition,2026-03-24,7
EMP00232,Employee_232,29,Male,Marketing,Analyst,MCA,Hyderabad,2018-08-23,7,MGR048,2026-08-01,Present,09:43,20:55,0,8.4,Yes,Verified,Failed,Yes,Morning,3.4,Yes,Sick,10,0,Rejected,7.1,4.2,6.8,25404,14972,6583,33793,70,83,78,2,29,SAP,51,87,Negative,No,20,44,Medium,Performance,None,2026-08-23,12
EMP00233,Employee_233,40,Female,IT,Executive,Bachelor,Pune,2022-04-26,17,MGR031,2026-08-01,Present,09:10,20:44,0,7.3,Yes,Verified,Failed,Yes,Morning,0.5,Yes,Sick,16,28,Pending,8.3,4.9,3.5,41759,16316,1426,56649,80,100,92,2,15,Power BI,68,80,Negative,No,72,11,High,Leave,Compliance,2026-04-26,10
EMP00234,Employee_234,48,Male,IT,Manager,Bachelor,Hyderabad,2024-09-26,2,MGR015,2026-08-01,Present,08:47,20:59,0,7.6,Yes,Verified,Failed,Yes,Evening,1.0,Yes,Sick,20,30,Pending,7.7,4.0,2.4,74415,12505,9206,77714,84,52,74,4,54,AWS,98,63,Negative,No,26,66,High,Late,None,2026-09-26,7
EMP00235,Employee_235,59,Female,IT,Coordinator,Bachelor,Delhi,2018-02-07,10,MGR040,2026-08-01,Present,10:44,18:17,74,10.0,Yes,Failed,Failed,Yes,Evening,1.5,Yes,Earned,9,9,Rejected,8.9,4.2,6.9,90514,14935,2415,103034,59,92,95,3,26,Excel,89,87,Positive,No,32,62,High,Performance,Payroll,2026-02-07,11
EMP00236,Employee_236,43,Female,Sales,Analyst,MCA,Chennai,2019-10-15,9,MGR037,2026-08-01,Present,08:12,20:54,0,8.6,Yes,Verified,Success,Yes,Evening,6.4,Yes,Sick,17,14,Rejected,6.5,4.6,6.2,69225,13842,7756,75311,68,97,59,5,26,Excel,95,52,Negative,No,93,1,Medium,None,Compliance,2026-10-15,7
EMP00237,Employee_237,53,Female,Marketing,Executive,Master,Chennai,2022-10-16,12,MGR032,2026-08-01,Present,09:15,19:31,0,7.9,Yes,Failed,Success,Yes,Night,3.8,No,None,15,24,Pending,8.6,6.6,3.7,148871,1719,1922,148668,91,68,73,3,1,SQL,14,45,Positive,No,72,82,High,Late,None,2026-10-16,10
EMP00238,Employee_238,45,Female,Operations,Coordinator,B.Tech,Hyderabad,2024-06-04,18,MGR017,2026-08-01,Present,10:04,20:58,75,9.6,Yes,Failed,Success,Yes,Evening,2.6,Yes,Earned,8,17,Rejected,8.4,6.1,2.4,129116,19427,2967,145576,87,74,95,2,15,Excel,84,97,Positive,No,33,76,High,Late,None,2026-06-04,9
EMP00239,Employee_239,23,Male,HR,Specialist,MBA,Hyderabad,2023-01-06,17,MGR022,2026-08-01,Present,09:42,18:15,0,7.9,Yes,Failed,Success,Yes,Night,3.8,No,Casual,6,18,Pending,8.1,6.1,7.9,36510,18431,4206,50735,72,78,84,3,65,Excel,88,46,Negative,No,15,30,Low,Late,Compliance,2026-01-06,5
EMP00240,Employee_240,29,Female,HR,Specialist,MBA,Hyderabad,2020-05-31,12,MGR021,2026-08-01,Present,09:05,19:43,0,8.3,Yes,Failed,Success,Yes,Night,3.7,Yes,None,19,20,Rejected,6.8,6.5,5.9,102566,11765,4544,109787,95,63,86,3,65,Power BI,53,92,Positive,No,50,100,Medium,Performance,None,2026-05-31,10
EMP00241,Employee_241,44,Female,Support,Manager,Master,Bangalore,2020-10-10,8,MGR002,2026-08-01,Present,08:14,19:06,0,9.3,Yes,Verified,Success,Yes,Night,2.7,No,Earned,17,3,Rejected,7.0,6.3,3.7,33645,10792,1457,42980,67,78,56,5,6,Power BI,40,100,Neutral,No,33,44,High,Performance,Attrition,2026-10-10,10
EMP00242,Employee_242,45,Female,HR,Coordinator,MBA,Chennai,2019-06-07,7,MGR078,2026-08-01,Present,09:29,18:28,0,10.0,Yes,Verified,Failed,Yes,Evening,5.4,No,Earned,0,16,Rejected,8.6,7.3,3.8,111188,4140,2337,112991,55,100,69,3,52,AWS,11,80,Positive,No,19,93,Low,None,Compliance,2026-06-07,10
EMP00243,Employee_243,29,Female,Sales,Specialist,MCA,Chennai,2018-08-24,3,MGR052,2026-08-01,Present,08:12,20:00,0,9.1,Yes,Failed,Failed,Yes,Night,2.9,No,Casual,15,23,Rejected,8.9,7.3,7.3,149308,13893,8334,154867,83,83,88,2,5,SAP,21,83,Negative,No,38,22,Low,Leave,Compliance,2026-08-24,9
EMP00244,Employee_244,28,Female,Operations,Engineer,MCA,Bhubaneswar,2021-12-18,9,MGR039,2026-08-01,Present,08:16,18:00,0,9.2,Yes,Failed,Success,Yes,Morning,0.5,No,None,13,29,Pending,8.7,7.4,2.3,74688,5586,6115,74159,50,79,79,5,42,Java,45,46,Positive,No,54,92,Low,Performance,Payroll,2026-12-18,1
EMP00245,Employee_245,21,Male,Support,Coordinator,MBA,Bangalore,2019-02-20,15,MGR051,2026-08-01,Present,09:23,19:57,0,7.5,Yes,Verified,Success,Yes,Evening,2.2,No,Casual,16,4,Pending,8.2,4.0,7.3,78833,4058,7985,74906,95,52,57,3,24,Java,5,48,Neutral,No,63,95,Medium,None,Compliance,2026-02-20,11
EMP00246,Employee_246,52,Male,Finance,Executive,MCA,Chennai,2020-03-26,12,MGR017,2026-08-01,Present,09:06,18:08,0,7.5,Yes,Failed,Success,Yes,Night,3.0,Yes,None,8,21,Pending,7.3,6.4,2.0,80193,16025,9013,87205,80,58,68,2,62,SQL,97,67,Positive,No,89,19,High,Late,Compliance,2026-03-26,5
EMP00247,Employee_247,60,Male,IT,Specialist,Master,Bangalore,2019-04-17,3,MGR017,2026-08-01,Present,09:17,18:59,0,7.4,Yes,Verified,Failed,Yes,Morning,4.5,Yes,None,13,12,Pending,7.6,6.8,7.9,87114,3377,8230,82261,64,61,77,3,61,Python,65,67,Negative,No,16,38,Low,Leave,Payroll,2026-04-17,5
EMP00248,Employee_248,23,Male,HR,Coordinator,MBA,Bangalore,2021-12-08,9,MGR061,2026-08-01,Present,09:38,18:27,0,7.6,Yes,Verified,Success,Yes,Evening,2.9,No,None,7,3,Rejected,6.0,6.2,7.2,142323,1558,2977,140904,71,63,97,4,46,AWS,30,81,Neutral,No,36,74,Medium,None,None,2026-12-08,3
EMP00249,Employee_249,55,Female,Finance,Coordinator,B.Tech,Bangalore,2024-10-01,17,MGR020,2026-08-01,Present,08:12,19:35,0,9.1,Yes,Failed,Success,Yes,Evening,8.1,No,None,20,29,Pending,6.2,5.7,7.6,50287,14606,1616,63277,82,90,51,3,21,Java,89,48,Neutral,Yes,15,72,Low,Late,Attrition,2026-10-01,8
EMP00250,Employee_250,56,Female,Sales,Specialist,MBA,Bangalore,2023-12-21,5,MGR001,2026-08-01,Present,10:13,20:44,62,7.0,Yes,Failed,Success,Yes,Night,4.3,No,Sick,5,27,Approved,6.9,5.1,2.7,123399,16688,6293,133794,64,42,84,5,30,Java,5,80,Positive,No,45,17,Medium,None,Compliance,2026-12-21,4
EMP00251,Employee_251,37,Male,Sales,Specialist,MBA,Hyderabad,2023-12-30,1,MGR002,2026-08-01,Present,08:14,20:17,0,7.5,Yes,Verified,Failed,Yes,Night,4.8,Yes,Earned,19,30,Rejected,6.8,6.5,5.6,67540,2727,8999,61268,63,92,78,4,28,AWS,34,53,Negative,No,90,96,Medium,Late,Attrition,2026-12-30,4
EMP00252,Employee_252,50,Male,Support,Engineer,Master,Delhi,2022-11-13,15,MGR024,2026-08-01,Present,09:01,19:10,0,9.7,Yes,Verified,Failed,Yes,Night,3.0,Yes,None,4,4,Approved,7.3,5.8,5.9,37280,16251,2973,50558,75,46,96,5,67,Power BI,93,88,Positive,No,87,12,Medium,Performance,None,2026-11-13,2
EMP00253,Employee_253,21,Male,Marketing,Coordinator,MBA,Chennai,2018-02-25,2,MGR026,2026-08-01,Present,08:48,20:57,0,8.3,Yes,Verified,Success,Yes,Evening,5.3,No,Casual,8,7,Approved,7.6,5.1,5.3,148023,19648,221,167450,51,92,52,3,13,Java,13,72,Neutral,No,28,0,Low,None,Compliance,2026-02-25,7
EMP00254,Employee_254,52,Male,HR,Engineer,Bachelor,Hyderabad,2022-04-28,11,MGR010,2026-08-01,Present,09:07,19:59,0,9.8,Yes,Verified,Success,Yes,Night,5.5,Yes,Casual,11,13,Rejected,7.0,4.7,4.6,54607,12607,1841,65373,92,83,69,4,79,Java,44,96,Positive,No,44,63,High,Leave,Payroll,2026-04-28,12
EMP00255,Employee_255,51,Male,HR,Specialist,B.Tech,Chennai,2018-11-09,8,MGR019,2026-08-01,Present,08:08,18:49,0,8.2,Yes,Verified,Success,Yes,Evening,6.6,No,Earned,20,19,Rejected,7.0,7.2,5.9,66976,4842,6399,65419,65,64,76,3,70,SAP,68,74,Neutral,Yes,78,68,Low,Performance,None,2026-11-09,10
EMP00256,Employee_256,34,Male,Finance,Specialist,B.Tech,Bangalore,2022-09-24,3,MGR008,2026-08-01,Absent,10:23,18:18,78,8.4,Yes,Failed,Success,Yes,Morning,0.0,Yes,Casual,7,1,Rejected,6.4,7.8,6.2,55827,11852,46,67633,74,86,51,2,54,AWS,6,84,Positive,No,94,74,Low,Performance,Compliance,2026-09-24,1
EMP00257,Employee_257,29,Female,Sales,Executive,MBA,Pune,2019-08-25,20,MGR002,2026-08-01,Present,09:09,18:56,0,8.9,Yes,Failed,Success,Yes,Night,3.9,Yes,None,0,12,Pending,8.0,7.5,5.3,44623,5977,7696,42904,66,98,86,5,64,Java,90,54,Neutral,No,30,34,Low,Performance,Compliance,2026-08-25,12
EMP00258,Employee_258,56,Male,Support,Coordinator,B.Tech,Pune,2020-05-17,10,MGR052,2026-08-01,Present,09:10,18:51,0,8.1,Yes,Verified,Success,Yes,Evening,4.2,Yes,None,19,2,Pending,7.8,7.4,2.2,53692,12854,3009,63537,68,50,84,2,13,SQL,27,78,Positive,No,49,24,High,Late,None,2026-05-17,4
EMP00259,Employee_259,26,Female,HR,Manager,MBA,Pune,2021-01-07,16,MGR025,2026-08-01,Present,08:25,20:22,0,9.9,Yes,Failed,Failed,Yes,Morning,5.6,No,Earned,18,28,Rejected,7.5,6.0,6.7,30987,1574,5154,27407,51,77,100,5,48,SAP,75,95,Positive,No,47,20,Low,Performance,None,2026-01-07,11
EMP00260,Employee_260,54,Female,Sales,Engineer,MBA,Hyderabad,2019-01-18,11,MGR080,2026-08-01,Absent,09:27,18:57,0,9.1,Yes,Failed,Success,Yes,Morning,2.6,Yes,None,6,30,Approved,7.7,8.0,2.6,125771,5277,8218,122830,50,49,99,3,39,SQL,63,46,Neutral,No,50,21,Medium,Late,None,2026-01-18,5
EMP00261,Employee_261,29,Male,Marketing,Executive,Bachelor,Hyderabad,2024-06-19,9,MGR052,2026-08-01,Present,09:39,20:08,0,8.3,Yes,Failed,Failed,Yes,Evening,2.5,No,None,14,21,Pending,7.5,5.1,7.3,87031,8389,7242,88178,93,42,89,4,7,Excel,89,92,Negative,No,11,19,Low,Leave,Attrition,2026-06-19,3
EMP00262,Employee_262,43,Female,Sales,Coordinator,MCA,Pune,2024-05-24,3,MGR011,2026-08-01,Present,09:06,19:49,0,8.3,Yes,Verified,Success,Yes,Morning,3.6,No,Sick,2,19,Pending,6.6,7.0,2.7,75885,15147,1531,89501,79,42,84,3,19,SAP,18,80,Positive,No,50,72,Low,Performance,None,2026-05-24,6
EMP00263,Employee_263,26,Male,HR,Manager,B.Tech,Bhubaneswar,2022-10-28,9,MGR058,2026-08-01,Absent,09:33,18:42,0,9.7,Yes,Verified,Success,Yes,Morning,3.3,No,Sick,0,30,Pending,6.5,5.4,4.5,60369,8259,2885,65743,80,74,94,5,20,HRMS,45,98,Negative,No,83,49,Low,Late,None,2026-10-28,12
EMP00264,Employee_264,30,Female,Support,Manager,Bachelor,Chennai,2024-06-27,13,MGR034,2026-08-01,Present,10:00,19:53,64,9.6,Yes,Failed,Success,Yes,Night,4.3,Yes,None,10,6,Rejected,8.9,5.7,5.3,26859,4931,7514,24276,60,78,74,4,27,AWS,26,100,Positive,No,83,1,Medium,Leave,None,2026-06-27,5
EMP00265,Employee_265,55,Female,Marketing,Manager,Bachelor,Bangalore,2021-06-11,14,MGR055,2026-08-01,Present,10:35,20:10,63,8.6,Yes,Verified,Success,Yes,Night,2.1,No,Sick,14,22,Rejected,8.8,7.6,2.6,78790,11525,5770,84545,55,91,56,5,11,Python,78,99,Neutral,No,23,63,High,None,Attrition,2026-06-11,9
EMP00266,Employee_266,56,Female,HR,Engineer,B.Tech,Bhubaneswar,2024-07-08,11,MGR060,2026-08-01,Present,08:52,20:45,0,9.4,Yes,Verified,Success,Yes,Evening,0.3,Yes,Sick,9,8,Rejected,6.8,7.4,6.8,52770,7303,7448,52625,76,83,65,5,0,HRMS,4,40,Positive,No,29,47,High,Leave,Payroll,2026-07-08,3
EMP00267,Employee_267,48,Male,Operations,Executive,Master,Pune,2024-06-01,10,MGR067,2026-08-01,Present,09:14,18:45,0,9.4,Yes,Failed,Success,Yes,Night,3.3,No,Sick,6,26,Rejected,6.5,5.3,2.6,133599,1690,9467,125822,51,67,50,5,80,Power BI,3,79,Negative,No,79,10,High,Performance,None,2026-06-01,12
EMP00268,Employee_268,40,Male,Marketing,Engineer,B.Tech,Hyderabad,2019-06-19,1,MGR036,2026-08-01,Present,09:09,20:01,0,8.9,Yes,Failed,Success,Yes,Morning,8.4,No,None,20,3,Approved,6.8,7.6,2.6,49452,7855,3633,53674,81,94,73,4,26,HRMS,12,71,Positive,No,62,9,Medium,None,Compliance,2026-06-19,11
EMP00269,Employee_269,57,Male,HR,Manager,MBA,Pune,2022-09-16,19,MGR077,2026-08-01,Present,09:10,20:47,0,7.8,Yes,Verified,Success,Yes,Night,5.2,Yes,None,14,16,Rejected,8.3,4.9,4.2,48567,9789,166,58190,63,41,70,3,17,Excel,10,86,Negative,No,26,34,Medium,Performance,Compliance,2026-09-16,2
EMP00270,Employee_270,53,Female,IT,Manager,Master,Bangalore,2021-11-28,8,MGR051,2026-08-01,Present,10:50,20:19,80,7.5,Yes,Verified,Failed,Yes,Evening,1.2,No,Earned,9,13,Rejected,8.2,7.3,5.7,122674,16246,7144,131776,88,64,77,5,25,AWS,47,97,Negative,No,18,57,Low,None,Payroll,2026-11-28,10
EMP00271,Employee_271,32,Female,Sales,Engineer,MBA,Bangalore,2022-08-06,2,MGR028,2026-08-01,Present,09:23,18:49,0,7.9,Yes,Verified,Success,Yes,Night,0.0,Yes,Sick,16,6,Pending,7.7,5.3,3.4,77206,981,1878,76309,54,64,68,4,77,Excel,67,53,Positive,No,81,35,High,None,Attrition,2026-08-06,11
EMP00272,Employee_272,52,Male,Finance,Executive,Bachelor,Bhubaneswar,2022-11-18,14,MGR022,2026-08-01,Present,09:37,19:15,0,8.7,Yes,Verified,Success,Yes,Night,0.5,Yes,Earned,10,9,Approved,8.5,5.6,7.4,50837,1627,8092,44372,83,42,71,3,2,SQL,60,46,Neutral,No,48,35,Medium,Leave,Attrition,2026-11-18,2
EMP00273,Employee_273,60,Male,HR,Engineer,Bachelor,Bhubaneswar,2024-03-29,4,MGR014,2026-08-01,WFH,09:55,20:46,0,8.3,Yes,Verified,Success,Yes,Morning,2.4,No,None,9,29,Rejected,8.6,5.0,6.7,89662,3978,6126,87514,57,43,69,5,9,Java,42,84,Negative,No,58,34,High,Late,Compliance,2026-03-29,10
EMP00274,Employee_274,47,Female,Operations,Analyst,MCA,Delhi,2023-03-03,7,MGR074,2026-08-01,Present,08:31,19:20,0,9.3,Yes,Verified,Success,Yes,Morning,3.0,No,Sick,4,22,Approved,7.1,7.3,3.5,137970,4849,9570,133249,91,87,63,4,9,SQL,63,43,Positive,No,11,85,Low,Performance,Attrition,2026-03-03,4
EMP00275,Employee_275,30,Male,IT,Engineer,MBA,Pune,2023-06-21,14,MGR080,2026-08-01,Present,08:49,19:12,0,7.2,Yes,Verified,Success,Yes,Night,1.0,No,None,16,4,Pending,8.6,7.0,3.4,124678,10217,7438,127457,79,51,67,4,3,SAP,84,73,Neutral,No,55,33,Low,None,Payroll,2026-06-21,7
EMP00276,Employee_276,49,Female,Finance,Analyst,Bachelor,Chennai,2020-05-18,12,MGR055,2026-08-01,Present,09:12,19:11,0,8.8,Yes,Failed,Failed,Yes,Evening,6.1,No,None,12,21,Approved,7.9,7.8,3.3,91574,10935,870,101639,53,97,52,5,73,Java,30,44,Negative,No,22,35,Low,Performance,Attrition,2026-05-18,7
EMP00277,Employee_277,43,Female,Operations,Specialist,MBA,Chennai,2019-02-19,0,MGR013,2026-08-01,Present,09:58,20:39,0,8.4,Yes,Verified,Failed,Yes,Morning,2.6,Yes,Sick,8,21,Approved,6.5,5.3,4.7,51962,5604,3335,54231,50,82,80,5,54,AWS,2,51,Neutral,No,19,21,High,None,Payroll,2026-02-19,8
EMP00278,Employee_278,22,Female,Support,Engineer,MCA,Delhi,2024-07-16,5,MGR019,2026-08-01,Present,08:06,19:51,0,9.2,Yes,Verified,Success,Yes,Night,0.0,No,Sick,15,21,Pending,6.8,5.8,7.0,86940,3584,740,89784,69,85,71,3,66,SAP,14,57,Negative,No,76,93,High,None,Compliance,2026-07-16,7
EMP00279,Employee_279,33,Female,Operations,Analyst,MBA,Chennai,2020-06-21,17,MGR058,2026-08-01,WFH,09:56,20:11,0,7.8,Yes,Failed,Success,Yes,Evening,2.7,No,Earned,18,30,Pending,6.9,4.2,5.1,72109,6760,1462,77407,71,93,89,5,15,HRMS,58,76,Neutral,No,46,14,Low,Performance,Compliance,2026-06-21,8
EMP00280,Employee_280,25,Female,HR,Executive,Bachelor,Bangalore,2019-09-08,9,MGR076,2026-08-01,Present,10:31,19:00,69,8.3,Yes,Failed,Success,Yes,Morning,3.4,No,Casual,19,11,Pending,8.4,6.0,7.8,64799,15952,4722,76029,85,49,55,3,34,Power BI,93,52,Neutral,No,84,10,Medium,Late,None,2026-09-08,8
EMP00281,Employee_281,40,Female,IT,Specialist,B.Tech,Chennai,2021-12-23,10,MGR075,2026-08-01,Present,09:49,18:16,0,7.4,Yes,Failed,Success,Yes,Evening,4.1,No,None,13,9,Rejected,8.8,5.8,3.1,143510,3215,4280,142445,100,96,77,5,12,Power BI,67,68,Negative,No,50,64,High,Leave,Attrition,2026-12-23,6
EMP00282,Employee_282,22,Female,HR,Engineer,MCA,Hyderabad,2022-10-18,7,MGR075,2026-08-01,Present,09:08,20:34,0,9.7,Yes,Verified,Success,Yes,Evening,0.4,Yes,Earned,13,21,Approved,7.4,7.1,5.1,85461,906,9157,77210,53,45,53,5,34,SQL,42,78,Positive,No,47,72,Medium,Leave,None,2026-10-18,2
EMP00283,Employee_283,40,Female,Operations,Analyst,B.Tech,Delhi,2024-07-22,6,MGR015,2026-08-01,Present,10:09,20:56,61,7.4,Yes,Verified,Success,Yes,Morning,2.3,Yes,Earned,17,0,Rejected,7.3,4.2,2.7,42878,7325,2535,47668,75,70,61,5,30,Java,78,83,Neutral,No,94,78,Low,Performance,Compliance,2026-07-22,11
EMP00284,Employee_284,33,Female,Sales,Manager,MBA,Chennai,2018-03-30,3,MGR076,2026-08-01,Present,09:42,19:25,0,8.2,Yes,Verified,Success,Yes,Evening,0.7,No,Casual,4,0,Pending,7.4,6.3,2.1,47383,16761,8956,55188,69,42,91,3,79,SAP,5,98,Neutral,No,27,59,High,Performance,Payroll,2026-03-30,1
EMP00285,Employee_285,53,Male,IT,Coordinator,Master,Hyderabad,2019-10-11,20,MGR073,2026-08-01,Present,09:45,18:17,0,9.4,Yes,Failed,Success,Yes,Evening,0.0,Yes,Earned,6,12,Pending,7.8,4.7,6.3,143299,17205,6399,154105,82,89,92,4,67,Java,16,84,Neutral,No,85,74,Medium,Performance,None,2026-10-11,1
EMP00286,Employee_286,51,Female,Support,Engineer,Master,Bhubaneswar,2018-05-01,5,MGR050,2026-08-01,Present,09:26,18:03,0,8.8,Yes,Verified,Success,Yes,Night,3.0,Yes,Earned,7,24,Pending,7.8,7.4,7.5,112197,3480,8182,107495,70,46,94,2,57,HRMS,17,80,Negative,No,81,25,Low,Leave,Attrition,2026-05-01,8
EMP00287,Employee_287,27,Male,HR,Engineer,Bachelor,Hyderabad,2021-03-17,13,MGR073,2026-08-01,Present,09:04,19:11,0,9.0,Yes,Failed,Failed,Yes,Night,3.4,No,Casual,16,26,Approved,7.7,5.9,4.1,36274,19074,397,54951,89,97,85,3,17,SQL,56,67,Negative,No,58,9,High,None,Compliance,2026-03-17,9
EMP00288,Employee_288,55,Female,HR,Engineer,MBA,Hyderabad,2021-05-06,12,MGR046,2026-08-01,Present,08:55,18:18,0,7.2,Yes,Failed,Success,Yes,Night,4.1,No,Earned,3,19,Approved,7.6,7.6,5.5,55221,1686,9854,47053,66,81,51,5,4,AWS,53,56,Positive,No,52,97,Low,Late,Compliance,2026-05-06,9
EMP00289,Employee_289,59,Male,Marketing,Executive,Master,Hyderabad,2021-09-12,1,MGR014,2026-08-01,Present,08:32,18:41,0,8.1,Yes,Verified,Success,Yes,Morning,3.1,Yes,None,18,0,Approved,7.6,7.4,6.1,70330,2318,6819,65829,97,41,85,2,61,Python,49,89,Neutral,No,26,55,High,Performance,Compliance,2026-09-12,2
EMP00290,Employee_290,48,Male,IT,Engineer,Bachelor,Delhi,2022-11-29,0,MGR030,2026-08-01,Present,08:48,20:36,0,7.1,Yes,Verified,Failed,Yes,Morning,3.8,Yes,None,19,1,Approved,7.3,5.1,3.9,71109,6345,5621,71833,88,81,65,4,37,Power BI,77,65,Neutral,No,94,15,High,None,None,2026-11-29,5
EMP00291,Employee_291,56,Female,Support,Coordinator,Master,Delhi,2024-02-05,8,MGR041,2026-08-01,Present,09:32,18:03,0,8.0,Yes,Verified,Failed,Yes,Night,0.0,No,Sick,11,2,Approved,8.7,7.4,5.1,83135,9919,6011,87043,69,87,85,3,26,SQL,47,86,Positive,No,14,30,High,Performance,Attrition,2026-02-05,2
EMP00292,Employee_292,40,Male,HR,Manager,MCA,Pune,2018-03-29,15,MGR003,2026-08-01,Absent,09:24,19:02,0,7.7,Yes,Verified,Success,Yes,Night,3.1,No,None,1,21,Pending,6.1,7.1,7.6,61433,19275,6294,74414,88,88,71,4,33,Excel,96,41,Neutral,No,89,55,Medium,None,None,2026-03-29,9
EMP00293,Employee_293,37,Male,Sales,Executive,Master,Bangalore,2022-05-09,0,MGR036,2026-08-01,Present,09:17,18:15,0,9.3,Yes,Verified,Success,Yes,Night,6.0,No,None,14,19,Pending,7.1,6.6,6.7,100052,18622,8501,110173,99,78,50,5,15,Java,72,82,Neutral,No,43,22,Medium,Performance,None,2026-05-09,8
EMP00294,Employee_294,47,Male,Marketing,Analyst,MBA,Delhi,2018-02-06,17,MGR041,2026-08-01,WFH,09:28,18:16,0,9.3,Yes,Verified,Success,Yes,Evening,0.0,Yes,Casual,1,20,Approved,6.4,6.5,2.3,87941,18238,3569,102610,57,81,52,4,23,SAP,74,60,Positive,No,80,91,Low,None,Payroll,2026-02-06,5
EMP00295,Employee_295,49,Male,Marketing,Analyst,Master,Bangalore,2018-03-08,10,MGR074,2026-08-01,Present,09:52,20:26,0,7.2,Yes,Verified,Success,Yes,Morning,2.4,Yes,Sick,7,19,Pending,7.0,5.6,5.9,39308,2538,8305,33541,80,100,68,4,79,Python,20,63,Positive,No,47,19,High,None,None,2026-03-08,10
EMP00296,Employee_296,58,Male,Operations,Coordinator,Master,Pune,2020-05-16,20,MGR011,2026-08-01,WFH,09:59,18:36,0,8.5,Yes,Failed,Failed,Yes,Night,2.8,No,None,16,27,Rejected,8.4,6.4,6.0,148199,7040,6206,149033,83,68,70,4,34,Excel,73,58,Positive,No,52,31,Medium,Late,Attrition,2026-05-16,6
EMP00297,Employee_297,53,Male,Finance,Coordinator,B.Tech,Delhi,2019-04-18,7,MGR058,2026-08-01,Present,09:14,20:52,0,9.5,Yes,Verified,Failed,Yes,Morning,0.0,No,Casual,13,19,Pending,8.4,5.4,2.7,35445,11533,9182,37796,76,66,82,4,18,SAP,80,96,Positive,No,33,58,Low,Late,None,2026-04-18,7
EMP00298,Employee_298,22,Male,HR,Engineer,MCA,Delhi,2020-12-14,12,MGR055,2026-08-01,Present,10:25,20:35,75,7.7,Yes,Verified,Success,Yes,Evening,4.7,No,None,3,23,Approved,6.2,7.7,7.7,138961,1116,7068,133009,76,80,78,3,55,Java,96,70,Negative,No,27,93,Low,None,Compliance,2026-12-14,1
EMP00299,Employee_299,38,Male,IT,Manager,B.Tech,Hyderabad,2024-08-28,1,MGR073,2026-08-01,Present,10:33,20:32,71,9.5,Yes,Verified,Success,Yes,Evening,2.0,No,Sick,10,24,Approved,8.9,4.2,7.7,48163,16668,9635,55196,96,53,77,5,66,Java,73,96,Negative,No,50,12,Medium,Leave,Compliance,2026-08-28,2
EMP00300,Employee_300,37,Male,IT,Coordinator,MBA,Bangalore,2021-03-25,3,MGR027,2026-08-01,Present,09:32,18:01,0,8.8,Yes,Verified,Failed,Yes,Night,1.0,Yes,None,15,15,Approved,7.1,5.1,7.7,54312,5548,4726,55134,77,86,78,5,66,Power BI,58,58,Positive,No,25,56,Medium,Performance,Payroll,2026-03-25,2
EMP00301,Employee_301,41,Male,Marketing,Manager,MBA,Pune,2019-07-15,20,MGR066,2026-08-01,Present,09:04,20:44,0,7.9,Yes,Verified,Success,Yes,Morning,2.9,No,Casual,11,26,Rejected,8.0,7.5,2.2,122553,7288,1218,128623,90,80,50,2,31,Power BI,75,64,Positive,No,35,33,Medium,Late,Attrition,2026-07-15,3
EMP00302,Employee_302,34,Male,Sales,Analyst,B.Tech,Delhi,2023-07-28,19,MGR027,2026-08-01,Present,09:02,19:44,0,7.8,Yes,Verified,Failed,Yes,Night,2.0,Yes,Sick,4,15,Rejected,8.0,4.7,3.8,108200,2906,8459,102647,64,96,68,3,62,SAP,80,65,Negative,No,55,69,Medium,Leave,None,2026-07-28,4
EMP00303,Employee_303,41,Male,Finance,Coordinator,B.Tech,Chennai,2019-04-06,4,MGR062,2026-08-01,Present,09:55,19:38,0,8.2,Yes,Verified,Success,Yes,Evening,1.1,No,Casual,7,28,Pending,6.2,7.1,3.6,40180,5773,7614,38339,70,66,75,5,56,HRMS,51,56,Positive,No,44,62,High,Late,Payroll,2026-04-06,11
EMP00304,Employee_304,55,Male,Support,Coordinator,Bachelor,Delhi,2018-07-06,19,MGR043,2026-08-01,Present,09:34,18:46,0,7.1,Yes,Verified,Success,Yes,Night,4.1,No,Sick,14,24,Rejected,6.2,4.2,3.3,54007,18759,2728,70038,84,52,60,5,68,HRMS,91,54,Neutral,No,30,47,Medium,Performance,Compliance,2026-07-06,9
EMP00305,Employee_305,23,Male,Finance,Manager,Bachelor,Bangalore,2020-10-15,20,MGR032,2026-08-01,Present,08:47,18:52,0,9.4,Yes,Failed,Success,Yes,Morning,3.4,No,None,16,2,Approved,7.5,6.8,6.4,90732,13039,7944,95827,51,40,97,2,69,Power BI,12,87,Negative,No,60,24,High,Leave,Payroll,2026-10-15,7
EMP00306,Employee_306,37,Female,Sales,Manager,B.Tech,Bhubaneswar,2023-09-30,7,MGR053,2026-08-01,Present,08:30,19:58,0,9.1,Yes,Failed,Success,Yes,Evening,3.1,Yes,Earned,9,23,Pending,8.9,7.1,6.3,85149,6640,1633,90156,78,54,86,4,3,HRMS,98,54,Neutral,No,57,61,High,None,Payroll,2026-09-30,6
EMP00307,Employee_307,60,Female,Marketing,Coordinator,MCA,Bangalore,2019-08-12,1,MGR064,2026-08-01,Present,08:19,20:21,0,9.5,Yes,Verified,Success,Yes,Night,4.0,No,None,15,8,Rejected,6.6,6.2,4.9,35995,4631,6605,34021,81,60,91,3,30,AWS,59,85,Neutral,No,75,71,High,None,None,2026-08-12,7
EMP00308,Employee_308,31,Male,Sales,Analyst,Bachelor,Pune,2018-11-14,15,MGR022,2026-08-01,Present,09:33,19:08,0,9.2,Yes,Failed,Success,Yes,Evening,3.7,Yes,Sick,4,3,Pending,9.0,6.9,7.3,46245,17037,1990,61292,67,73,70,2,78,AWS,72,81,Positive,No,28,37,High,Late,Payroll,2026-11-14,9
EMP00309,Employee_309,21,Female,Sales,Engineer,Master,Pune,2024-10-12,2,MGR001,2026-08-01,Present,09:12,18:44,0,7.3,Yes,Verified,Success,Yes,Morning,1.6,Yes,Earned,10,19,Approved,6.2,6.5,7.3,46527,17182,7763,55946,72,80,50,3,24,Java,36,92,Neutral,No,84,93,Medium,Leave,Attrition,2026-10-12,5
EMP00310,Employee_310,34,Female,IT,Manager,MCA,Bhubaneswar,2024-04-17,4,MGR067,2026-08-01,Present,10:49,19:21,80,8.7,Yes,Failed,Failed,Yes,Evening,3.2,No,Casual,6,5,Approved,8.4,8.0,2.5,102678,4994,1687,105985,89,49,59,2,21,SAP,0,60,Positive,No,16,17,High,Performance,Attrition,2026-04-17,11
EMP00311,Employee_311,43,Female,Support,Specialist,MBA,Delhi,2023-04-17,2,MGR078,2026-08-01,Present,09:10,20:53,0,7.8,Yes,Verified,Success,Yes,Night,1.9,No,Earned,7,22,Pending,8.1,6.2,4.6,74454,12633,7773,79314,72,51,51,5,46,SAP,98,82,Neutral,No,64,27,High,Late,Attrition,2026-04-17,6
EMP00312,Employee_312,21,Female,Finance,Analyst,MBA,Hyderabad,2020-01-04,16,MGR002,2026-08-01,Present,08:02,20:17,0,8.9,Yes,Verified,Success,Yes,Night,6.2,No,Sick,6,20,Approved,8.9,7.3,7.2,72315,17236,3193,86358,80,78,90,5,58,SAP,22,70,Negative,No,92,96,High,None,None,2026-01-04,6
EMP00313,Employee_313,49,Male,Finance,Analyst,MCA,Hyderabad,2018-04-29,6,MGR079,2026-08-01,Present,10:21,20:54,64,9.7,Yes,Failed,Success,Yes,Night,2.7,No,None,4,30,Rejected,7.2,7.4,6.0,79994,3913,918,82989,54,52,98,2,64,Power BI,93,57,Positive,No,32,56,Low,Leave,Compliance,2026-04-29,12
EMP00314,Employee_314,43,Male,Finance,Executive,MCA,Chennai,2023-09-02,2,MGR073,2026-08-01,WFH,09:05,18:58,0,7.3,Yes,Failed,Success,Yes,Morning,1.8,No,None,5,24,Approved,8.4,4.9,4.2,65784,8970,9184,65570,55,96,96,2,31,Java,87,81,Positive,No,26,39,Low,Performance,Payroll,2026-09-02,3
EMP00315,Employee_315,39,Female,Operations,Executive,MBA,Bhubaneswar,2021-02-16,15,MGR046,2026-08-01,Present,09:22,20:33,0,8.3,Yes,Failed,Failed,Yes,Morning,1.1,Yes,Earned,6,4,Rejected,7.7,8.0,4.6,140811,6528,2901,144438,91,91,93,4,36,Excel,43,84,Negative,No,80,95,Medium,None,Compliance,2026-02-16,5
EMP00316,Employee_316,32,Female,IT,Executive,MCA,Hyderabad,2020-06-12,11,MGR073,2026-08-01,Present,09:37,18:20,0,9.1,Yes,Failed,Success,Yes,Morning,2.2,Yes,Earned,8,15,Pending,7.0,7.6,3.1,145837,3778,8471,141144,72,59,60,2,59,Power BI,96,41,Neutral,No,88,58,High,Performance,Attrition,2026-06-12,8
EMP00317,Employee_317,53,Male,Sales,Executive,MBA,Delhi,2020-09-24,12,MGR076,2026-08-01,Present,09:32,18:59,0,7.9,Yes,Failed,Failed,Yes,Night,2.5,Yes,Casual,15,4,Rejected,7.0,7.8,7.8,64344,1314,3838,61820,69,90,99,5,18,AWS,58,65,Positive,No,68,0,High,Late,Compliance,2026-09-24,3
EMP00318,Employee_318,26,Male,IT,Coordinator,MCA,Hyderabad,2021-05-19,0,MGR062,2026-08-01,Present,09:06,19:35,0,9.1,Yes,Failed,Success,Yes,Evening,0.3,No,Earned,2,22,Approved,8.3,4.4,2.8,55957,6662,7152,55467,98,99,58,3,51,AWS,36,92,Negative,No,64,76,Medium,None,Payroll,2026-05-19,8
EMP00319,Employee_319,21,Female,HR,Coordinator,Master,Bangalore,2024-07-30,15,MGR025,2026-08-01,Present,08:19,19:05,0,8.0,Yes,Failed,Success,Yes,Evening,3.5,Yes,Sick,7,9,Pending,8.0,5.9,3.6,72484,11136,8215,75405,76,51,60,4,50,SQL,59,91,Positive,No,54,87,High,None,Attrition,2026-07-30,1
EMP00320,Employee_320,52,Female,Sales,Analyst,MBA,Pune,2019-10-21,8,MGR015,2026-08-01,Present,09:51,19:32,0,8.1,Yes,Verified,Failed,Yes,Evening,5.7,No,None,4,25,Approved,8.9,6.1,4.3,114954,14899,189,129664,93,45,59,5,0,AWS,90,77,Neutral,No,35,65,High,Performance,Attrition,2026-10-21,1
EMP00321,Employee_321,37,Female,Finance,Coordinator,MBA,Bhubaneswar,2023-03-19,17,MGR035,2026-08-01,Present,09:22,19:01,0,8.3,Yes,Verified,Failed,Yes,Morning,6.9,Yes,Sick,14,23,Approved,7.6,5.6,3.1,31563,19638,6050,45151,84,46,58,4,18,SAP,55,97,Neutral,No,54,58,High,Late,Attrition,2026-03-19,1
EMP00322,Employee_322,45,Male,Finance,Coordinator,MBA,Pune,2018-11-10,12,MGR003,2026-08-01,Present,09:47,19:46,0,9.0,Yes,Verified,Success,Yes,Morning,4.0,Yes,Sick,11,9,Rejected,7.5,7.4,3.5,44234,19967,1656,62545,53,63,86,2,60,Excel,97,99,Neutral,No,45,95,High,Late,Payroll,2026-11-10,9
EMP00323,Employee_323,47,Male,Finance,Manager,B.Tech,Delhi,2018-07-07,20,MGR041,2026-08-01,Present,10:14,18:45,72,8.0,Yes,Verified,Failed,Yes,Evening,5.5,No,Earned,8,20,Rejected,7.0,5.6,7.6,78370,6787,306,84851,50,61,71,2,40,AWS,56,49,Neutral,No,73,26,High,Late,Attrition,2026-07-07,5
EMP00324,Employee_324,43,Male,IT,Coordinator,MCA,Hyderabad,2022-07-09,9,MGR038,2026-08-01,Present,08:28,20:29,0,7.1,Yes,Failed,Failed,Yes,Morning,1.4,No,Earned,18,13,Approved,8.3,5.1,6.5,107756,15942,9196,114502,65,64,84,2,16,HRMS,77,100,Positive,No,22,50,Low,Late,None,2026-07-09,10
EMP00325,Employee_325,59,Female,Finance,Manager,Bachelor,Chennai,2021-03-31,20,MGR041,2026-08-01,Present,09:34,19:14,0,9.6,Yes,Verified,Success,Yes,Evening,5.3,No,Casual,12,29,Approved,7.2,4.0,7.0,71140,7135,6851,71424,98,69,91,5,22,SQL,49,77,Negative,No,63,53,Medium,Late,None,2026-03-31,10
EMP00326,Employee_326,22,Female,Marketing,Engineer,Master,Delhi,2020-07-07,20,MGR061,2026-08-01,Present,09:23,18:47,0,8.8,Yes,Failed,Success,Yes,Night,0.4,Yes,Casual,19,14,Pending,8.2,5.0,4.8,103586,18696,6697,115585,95,98,62,2,41,Power BI,37,44,Positive,No,36,73,Medium,Performance,Compliance,2026-07-07,11
EMP00327,Employee_327,31,Male,Sales,Coordinator,Bachelor,Bhubaneswar,2024-10-06,1,MGR053,2026-08-01,Absent,09:30,19:04,0,9.3,Yes,Verified,Failed,Yes,Night,6.6,Yes,None,14,14,Pending,8.5,4.2,6.9,130340,19792,5427,144705,96,89,52,2,46,HRMS,91,99,Negative,No,90,83,Medium,Performance,None,2026-10-06,2
EMP00328,Employee_328,47,Female,IT,Engineer,B.Tech,Bangalore,2019-08-21,8,MGR013,2026-08-01,Present,09:44,18:29,0,9.7,Yes,Verified,Success,Yes,Evening,2.8,No,Sick,18,22,Pending,7.0,5.8,3.5,119633,5536,6004,119165,67,78,52,2,17,Power BI,66,58,Positive,No,38,47,High,Leave,Payroll,2026-08-21,5
EMP00329,Employee_329,59,Female,Support,Executive,MBA,Chennai,2019-10-11,7,MGR004,2026-08-01,Absent,10:37,19:09,80,8.8,Yes,Verified,Success,Yes,Night,1.9,No,Earned,9,19,Approved,8.9,6.6,5.5,122482,4212,2400,124294,82,60,83,3,47,HRMS,62,81,Positive,No,77,61,Low,Performance,Attrition,2026-10-11,1
EMP00330,Employee_330,38,Male,Operations,Engineer,MBA,Pune,2018-09-23,14,MGR073,2026-08-01,Absent,09:58,18:53,0,9.2,Yes,Failed,Success,Yes,Night,6.0,Yes,Sick,7,21,Approved,7.2,4.4,4.0,52057,7350,2459,56948,54,57,85,4,68,SQL,7,68,Negative,No,76,31,Low,Leave,Compliance,2026-09-23,12
EMP00331,Employee_331,33,Male,IT,Specialist,MBA,Bhubaneswar,2020-09-30,6,MGR030,2026-08-01,Present,09:48,20:30,0,8.4,Yes,Failed,Success,Yes,Evening,2.2,Yes,Casual,1,15,Approved,7.3,5.9,2.6,97348,9092,1496,104944,87,53,88,4,62,Java,72,40,Negative,No,65,14,High,Performance,Compliance,2026-09-30,10
EMP00332,Employee_332,32,Female,Marketing,Executive,MCA,Hyderabad,2023-02-12,20,MGR039,2026-08-01,Present,08:34,18:21,0,7.8,Yes,Failed,Failed,Yes,Evening,0.9,No,None,8,24,Approved,7.5,5.3,7.8,103820,8871,8070,104621,80,71,60,5,22,SQL,97,67,Negative,No,48,12,Medium,Leave,Compliance,2026-02-12,4
EMP00333,Employee_333,34,Male,Finance,Engineer,Master,Pune,2019-03-22,5,MGR021,2026-08-01,Present,09:10,19:33,0,9.9,Yes,Failed,Failed,Yes,Evening,3.5,No,Casual,10,29,Pending,7.4,7.4,3.8,38489,9832,9986,38335,59,59,71,5,45,AWS,57,59,Neutral,No,82,50,Medium,None,Attrition,2026-03-22,1
EMP00334,Employee_334,33,Male,Operations,Coordinator,MBA,Hyderabad,2022-08-02,11,MGR004,2026-08-01,Present,09:50,19:20,0,8.7,Yes,Failed,Success,Yes,Morning,5.3,No,Sick,20,3,Approved,6.7,5.3,4.9,84885,8985,319,93551,96,77,80,3,5,HRMS,88,98,Negative,No,72,31,Medium,Performance,None,2026-08-02,2
EMP00335,Employee_335,41,Female,Support,Engineer,Master,Delhi,2018-08-18,9,MGR074,2026-08-01,Present,09:05,19:15,0,8.0,Yes,Failed,Failed,Yes,Evening,2.7,No,None,9,4,Approved,8.6,6.8,6.4,86845,4400,1212,90033,73,97,99,2,57,Excel,23,60,Neutral,No,39,58,Medium,Leave,Compliance,2026-08-18,11
EMP00336,Employee_336,48,Female,Support,Executive,Bachelor,Delhi,2020-11-26,1,MGR066,2026-08-01,Present,09:36,19:02,0,9.9,Yes,Verified,Failed,Yes,Evening,4.9,No,Sick,19,20,Approved,8.2,6.3,7.8,43385,3905,6730,40560,99,47,84,2,20,SQL,73,99,Neutral,No,88,83,Low,None,Attrition,2026-11-26,5
EMP00337,Employee_337,42,Female,Marketing,Coordinator,B.Tech,Bhubaneswar,2023-03-23,12,MGR074,2026-08-01,Present,09:39,19:01,0,7.0,Yes,Verified,Success,Yes,Morning,7.9,No,Casual,4,18,Rejected,8.3,6.1,5.9,34571,5953,9424,31100,62,89,86,4,45,Power BI,24,89,Positive,No,36,39,Low,None,None,2026-03-23,9
EMP00338,Employee_338,35,Male,IT,Manager,Master,Pune,2024-10-01,8,MGR030,2026-08-01,WFH,08:13,19:01,0,7.4,Yes,Verified,Success,Yes,Evening,0.0,Yes,Earned,4,27,Rejected,8.6,4.8,2.3,34078,10730,5166,39642,78,65,62,4,26,HRMS,75,92,Positive,No,21,22,High,None,Compliance,2026-10-01,4
EMP00339,Employee_339,53,Female,Sales,Manager,MCA,Bhubaneswar,2019-05-08,14,MGR003,2026-08-01,Present,09:51,19:25,0,9.9,Yes,Verified,Success,Yes,Evening,2.9,No,None,10,13,Rejected,6.9,8.0,2.5,50032,6892,1487,55437,91,91,74,5,60,Python,35,86,Negative,No,51,5,Low,Late,Compliance,2026-05-08,10
EMP00340,Employee_340,24,Male,Support,Coordinator,MBA,Hyderabad,2018-02-07,19,MGR054,2026-08-01,Present,09:26,18:11,0,9.8,Yes,Verified,Failed,Yes,Night,1.1,Yes,Sick,16,28,Approved,8.4,4.1,3.2,43378,15394,638,58134,75,80,73,3,33,AWS,3,90,Positive,No,52,3,Medium,None,Compliance,2026-02-07,7
EMP00341,Employee_341,35,Male,Sales,Analyst,Bachelor,Pune,2018-07-10,14,MGR054,2026-08-01,Absent,10:34,19:08,72,9.6,Yes,Failed,Success,Yes,Evening,3.3,No,Earned,5,28,Pending,6.4,6.6,4.2,38122,489,5712,32899,89,82,95,3,12,SAP,63,87,Negative,No,35,16,Low,Late,Compliance,2026-07-10,4
EMP00342,Employee_342,35,Female,IT,Coordinator,MBA,Hyderabad,2018-12-03,14,MGR076,2026-08-01,Present,08:36,19:48,0,9.7,Yes,Verified,Success,Yes,Evening,0.0,Yes,None,12,23,Pending,7.9,7.2,7.9,141250,3448,4092,140606,50,49,90,4,4,Excel,20,65,Neutral,No,11,73,Medium,Performance,Payroll,2026-12-03,4
EMP00343,Employee_343,38,Female,Finance,Engineer,MBA,Hyderabad,2024-06-22,15,MGR071,2026-08-01,Present,09:06,20:54,0,8.0,Yes,Failed,Success,Yes,Morning,1.7,No,Earned,19,20,Approved,8.9,4.5,3.4,96549,14413,1930,109032,79,93,57,4,15,Java,16,95,Neutral,No,49,57,Medium,None,Compliance,2026-06-22,7
EMP00344,Employee_344,43,Male,Marketing,Specialist,MCA,Bhubaneswar,2023-09-24,17,MGR047,2026-08-01,Present,09:44,20:10,0,8.1,Yes,Verified,Failed,Yes,Morning,3.4,Yes,Casual,4,17,Rejected,7.3,4.8,2.3,126700,547,3255,123992,75,58,74,3,66,HRMS,60,69,Neutral,No,27,92,Medium,None,None,2026-09-24,5
EMP00345,Employee_345,30,Female,Support,Engineer,Master,Pune,2024-03-26,5,MGR054,2026-08-01,Present,09:12,18:53,0,8.1,Yes,Verified,Success,Yes,Morning,3.8,No,None,19,23,Rejected,7.8,6.7,3.2,32762,13447,2298,43911,59,83,67,2,41,Python,81,47,Negative,No,49,67,Low,Performance,Compliance,2026-03-26,11
EMP00346,Employee_346,38,Male,Sales,Manager,Bachelor,Chennai,2022-12-01,14,MGR055,2026-08-01,Present,09:56,20:44,0,9.6,Yes,Verified,Success,Yes,Morning,6.1,Yes,None,3,23,Rejected,8.9,7.5,3.4,45142,2306,5593,41855,92,71,94,5,55,HRMS,7,80,Positive,No,45,92,High,Leave,Payroll,2026-12-01,11
EMP00347,Employee_347,36,Female,IT,Specialist,B.Tech,Chennai,2023-09-12,8,MGR014,2026-08-01,WFH,09:52,20:31,0,8.7,Yes,Failed,Success,Yes,Night,0.0,No,None,11,19,Approved,7.8,7.2,7.7,26694,3313,7955,22052,86,46,57,2,30,AWS,74,83,Negative,No,87,53,Medium,None,Payroll,2026-09-12,11
EMP00348,Employee_348,22,Male,Marketing,Engineer,Bachelor,Chennai,2022-12-09,10,MGR013,2026-08-01,Present,09:26,18:46,0,8.4,Yes,Verified,Success,Yes,Night,4.8,No,Sick,18,30,Approved,6.8,7.1,3.9,148233,13064,7074,154223,94,80,66,2,20,Excel,71,89,Negative,No,92,41,High,Performance,Payroll,2026-12-09,3
EMP00349,Employee_349,26,Female,Finance,Specialist,B.Tech,Chennai,2023-08-10,5,MGR049,2026-08-01,Present,08:54,20:31,0,8.1,Yes,Verified,Success,Yes,Morning,1.6,Yes,Sick,7,0,Approved,6.6,5.2,5.0,133617,10021,1659,141979,91,75,68,4,71,Power BI,50,79,Negative,No,19,25,Low,None,Attrition,2026-08-10,5
EMP00350,Employee_350,27,Female,Marketing,Specialist,Bachelor,Hyderabad,2019-08-21,7,MGR057,2026-08-01,Present,09:15,20:09,0,9.0,Yes,Verified,Success,Yes,Evening,5.4,Yes,Casual,17,7,Approved,7.3,7.2,2.9,77003,4359,6311,75051,68,55,51,4,78,SAP,56,66,Negative,No,80,72,Low,Performance,Compliance,2026-08-21,9
EMP00351,Employee_351,48,Female,Finance,Engineer,MBA,Delhi,2024-07-07,11,MGR010,2026-08-01,WFH,09:08,19:55,0,9.5,Yes,Failed,Success,Yes,Night,0.1,Yes,None,12,29,Rejected,8.1,6.1,2.6,117634,11926,4318,125242,88,54,96,4,44,Excel,59,57,Negative,No,16,58,High,Performance,Attrition,2026-07-07,10
EMP00352,Employee_352,24,Female,Sales,Coordinator,Master,Bhubaneswar,2022-11-22,11,MGR009,2026-08-01,WFH,08:17,20:16,0,9.8,Yes,Failed,Success,Yes,Night,0.0,No,Earned,5,22,Approved,9.0,4.9,4.7,98394,14695,9158,103931,84,84,93,2,38,AWS,29,76,Negative,No,62,18,High,Leave,None,2026-11-22,10
EMP00353,Employee_353,33,Male,Marketing,Engineer,Master,Bhubaneswar,2018-08-05,20,MGR064,2026-08-01,Present,09:21,18:06,0,9.8,Yes,Failed,Failed,Yes,Night,0.1,No,Earned,2,12,Rejected,7.4,7.4,3.1,94438,13556,2641,105353,69,62,61,2,55,Java,63,45,Positive,No,43,51,Low,Late,Payroll,2026-08-05,11
EMP00354,Employee_354,59,Male,Marketing,Analyst,MBA,Bhubaneswar,2018-12-01,5,MGR001,2026-08-01,WFH,09:33,18:00,0,8.0,Yes,Verified,Success,Yes,Night,1.2,No,None,14,30,Approved,6.6,6.5,3.1,93664,8446,334,101776,63,62,56,2,19,AWS,73,51,Neutral,No,32,64,Low,Performance,None,2026-12-01,10
EMP00355,Employee_355,54,Male,HR,Executive,Master,Delhi,2018-06-08,4,MGR079,2026-08-01,Absent,10:29,20:35,63,9.5,Yes,Verified,Success,Yes,Night,3.6,Yes,Sick,9,7,Pending,6.4,7.8,4.9,70751,5911,9668,66994,100,65,52,2,45,Python,61,91,Negative,No,85,12,High,None,Payroll,2026-06-08,9
EMP00356,Employee_356,39,Female,IT,Executive,Master,Hyderabad,2024-04-25,20,MGR055,2026-08-01,Present,10:24,18:31,77,7.1,Yes,Verified,Success,Yes,Night,1.4,No,Earned,16,9,Pending,9.0,7.1,6.6,124211,17903,3292,138822,94,43,83,5,5,Excel,11,59,Negative,No,83,69,Low,Leave,None,2026-04-25,9
EMP00357,Employee_357,54,Male,Marketing,Manager,Bachelor,Bangalore,2018-04-25,3,MGR059,2026-08-01,WFH,08:57,18:45,0,8.0,Yes,Failed,Success,Yes,Evening,4.9,Yes,None,11,1,Pending,6.6,6.8,7.5,132970,14214,8329,138855,50,97,65,2,42,Power BI,49,92,Positive,No,57,51,Low,Late,Compliance,2026-04-25,10
EMP00358,Employee_358,21,Female,Support,Executive,B.Tech,Hyderabad,2020-10-05,6,MGR063,2026-08-01,Present,10:00,20:44,68,8.2,Yes,Failed,Success,Yes,Morning,2.6,Yes,None,13,20,Approved,6.3,7.6,4.9,51853,8933,6704,54082,61,74,70,4,21,Java,87,85,Negative,No,60,36,High,Leave,Payroll,2026-10-05,10
EMP00359,Employee_359,29,Male,Sales,Executive,Bachelor,Bhubaneswar,2020-12-07,7,MGR005,2026-08-01,Present,08:11,18:48,0,9.1,Yes,Verified,Success,Yes,Evening,3.1,No,Earned,6,23,Approved,7.3,7.1,6.0,97712,16317,3289,110740,82,89,62,2,26,AWS,5,76,Positive,No,29,43,Medium,Late,Payroll,2026-12-07,8
EMP00360,Employee_360,25,Male,IT,Coordinator,Master,Hyderabad,2020-04-01,14,MGR004,2026-08-01,Absent,08:04,18:38,0,8.6,Yes,Failed,Success,Yes,Morning,1.0,No,None,12,3,Rejected,6.2,6.1,2.1,45066,9561,8283,46344,96,50,96,5,41,AWS,4,49,Positive,No,39,0,Medium,None,None,2026-04-01,7
EMP00361,Employee_361,45,Female,Operations,Specialist,B.Tech,Pune,2024-05-11,7,MGR063,2026-08-01,Present,08:22,20:29,0,8.4,Yes,Verified,Success,Yes,Night,5.1,No,Casual,1,4,Pending,7.9,4.7,7.8,27594,15611,9363,33842,66,96,60,2,47,Python,55,91,Neutral,No,28,5,Medium,Performance,Compliance,2026-05-11,7
EMP00362,Employee_362,49,Female,Sales,Executive,MBA,Hyderabad,2019-05-28,10,MGR052,2026-08-01,Present,09:33,18:15,0,7.7,Yes,Verified,Failed,Yes,Morning,0.3,No,Earned,6,17,Pending,7.1,5.2,4.4,80199,13688,7546,86341,80,46,84,5,57,Java,99,95,Negative,No,62,6,Low,Late,Payroll,2026-05-28,9
EMP00363,Employee_363,57,Male,Finance,Coordinator,MCA,Bangalore,2019-10-04,20,MGR052,2026-08-01,Present,09:51,18:09,0,8.2,Yes,Verified,Success,Yes,Night,5.0,Yes,Earned,14,10,Rejected,8.8,6.4,6.4,115959,6765,6323,116401,52,83,56,2,8,SQL,2,40,Positive,No,52,11,Medium,Leave,Compliance,2026-10-04,12
EMP00364,Employee_364,49,Female,Finance,Coordinator,Master,Hyderabad,2019-09-09,9,MGR013,2026-08-01,Present,09:10,18:10,0,8.2,Yes,Failed,Failed,Yes,Evening,2.2,Yes,Earned,9,22,Pending,8.1,7.6,7.9,72571,10338,9559,73350,92,100,59,2,56,SQL,96,42,Positive,No,58,60,Medium,Performance,Compliance,2026-09-09,1
EMP00365,Employee_365,57,Female,Finance,Analyst,MBA,Bhubaneswar,2024-07-28,5,MGR018,2026-08-01,Present,09:43,19:58,0,7.4,Yes,Failed,Success,Yes,Night,5.4,No,Sick,5,22,Approved,7.1,7.9,5.0,142176,650,8057,134769,89,97,87,5,53,Power BI,46,94,Neutral,No,34,65,Medium,None,Attrition,2026-07-28,6
EMP00366,Employee_366,49,Female,Finance,Analyst,MBA,Chennai,2019-11-15,14,MGR011,2026-08-01,Present,08:02,18:55,0,9.9,Yes,Failed,Success,Yes,Night,1.9,Yes,Sick,20,12,Approved,8.7,5.5,2.2,116817,10047,4310,122554,93,57,94,3,48,AWS,46,91,Negative,No,64,52,High,Leave,Compliance,2026-11-15,6
EMP00367,Employee_367,28,Male,Support,Engineer,Bachelor,Bangalore,2020-12-07,2,MGR023,2026-08-01,Present,10:09,20:51,66,7.7,Yes,Verified,Success,Yes,Morning,1.4,Yes,Sick,14,27,Rejected,6.2,6.3,7.8,130575,10440,8336,132679,79,80,71,2,13,SQL,7,85,Positive,No,35,95,Low,Late,None,2026-12-07,12
EMP00368,Employee_368,45,Female,Operations,Specialist,Master,Pune,2019-01-11,6,MGR064,2026-08-01,Present,08:11,19:18,0,9.2,Yes,Failed,Success,Yes,Evening,3.1,Yes,None,13,2,Approved,8.9,5.1,7.3,52553,1638,1301,52890,86,52,94,3,15,SQL,24,51,Neutral,No,39,20,Medium,Leave,Attrition,2026-01-11,9
EMP00369,Employee_369,31,Male,HR,Analyst,B.Tech,Hyderabad,2021-03-15,1,MGR080,2026-08-01,Present,09:27,18:43,0,9.3,Yes,Failed,Success,Yes,Morning,0.0,Yes,Sick,7,18,Pending,8.1,6.4,7.8,110831,8246,4611,114466,86,56,96,2,40,SAP,45,87,Neutral,No,57,63,Medium,Performance,Payroll,2026-03-15,9
EMP00370,Employee_370,50,Female,Finance,Executive,B.Tech,Pune,2020-02-19,14,MGR020,2026-08-01,Present,09:48,19:26,0,9.8,Yes,Verified,Success,Yes,Evening,4.7,Yes,Earned,18,11,Approved,7.3,7.3,7.4,30596,11563,6713,35446,59,77,61,3,27,SQL,2,65,Neutral,No,29,34,Medium,Late,None,2026-02-19,8
EMP00371,Employee_371,59,Female,Sales,Executive,Master,Pune,2022-05-26,1,MGR046,2026-08-01,WFH,09:04,19:45,0,8.4,Yes,Verified,Success,Yes,Morning,1.4,No,Casual,17,13,Pending,6.0,5.2,3.0,54850,6224,7971,53103,90,59,93,4,79,HRMS,78,47,Negative,No,26,67,Medium,Leave,Payroll,2026-05-26,12
EMP00372,Employee_372,44,Female,IT,Engineer,MBA,Chennai,2019-06-09,7,MGR041,2026-08-01,Present,09:57,19:50,0,7.8,Yes,Verified,Failed,Yes,Evening,7.7,Yes,Casual,18,30,Pending,8.3,6.3,7.5,33273,580,7324,26529,95,77,89,5,30,Excel,62,76,Neutral,No,12,40,High,None,Attrition,2026-06-09,3
EMP00373,Employee_373,38,Male,Finance,Analyst,B.Tech,Bangalore,2021-08-10,7,MGR001,2026-08-01,Present,08:52,20:30,0,8.7,Yes,Verified,Success,Yes,Evening,0.8,No,Casual,8,26,Rejected,6.6,7.7,5.6,83914,12765,3165,93514,68,86,53,2,24,Java,31,90,Neutral,No,64,89,Low,Leave,Payroll,2026-08-10,4
EMP00374,Employee_374,44,Female,Support,Engineer,B.Tech,Chennai,2019-08-14,12,MGR072,2026-08-01,Present,09:28,19:06,0,9.8,Yes,Verified,Success,Yes,Morning,2.6,No,Sick,0,5,Rejected,6.4,7.8,2.7,110411,13809,1289,122931,70,75,80,2,47,Power BI,40,93,Negative,No,58,70,Low,Performance,Payroll,2026-08-14,7
EMP00375,Employee_375,23,Male,Operations,Coordinator,Master,Pune,2019-12-31,2,MGR009,2026-08-01,Present,09:06,20:10,0,9.8,Yes,Verified,Success,Yes,Evening,0.4,No,Sick,20,2,Pending,7.0,4.3,4.4,67469,18534,9314,76689,53,73,76,4,50,Power BI,70,92,Positive,No,36,57,Low,None,Payroll,2026-12-31,4
EMP00376,Employee_376,23,Male,IT,Engineer,Master,Bangalore,2020-09-07,16,MGR041,2026-08-01,Present,08:48,20:42,0,8.2,Yes,Failed,Success,Yes,Evening,0.8,Yes,Earned,20,17,Approved,6.1,6.4,3.3,31879,7389,7842,31426,87,71,50,2,44,SQL,74,96,Neutral,No,75,21,Medium,Late,Compliance,2026-09-07,9
EMP00377,Employee_377,37,Female,IT,Manager,MBA,Pune,2018-01-31,3,MGR037,2026-08-01,Present,10:28,20:41,69,9.0,Yes,Verified,Success,Yes,Morning,2.8,Yes,None,12,12,Approved,8.2,7.5,3.2,134421,6605,9955,131071,86,87,97,3,38,Excel,75,92,Neutral,No,56,59,Low,Late,Payroll,2026-01-31,4
EMP00378,Employee_378,34,Female,Operations,Executive,MBA,Pune,2023-09-25,12,MGR078,2026-08-01,Present,08:58,19:30,0,8.7,Yes,Verified,Failed,Yes,Morning,4.9,Yes,None,9,28,Approved,8.6,6.5,7.1,53367,5928,5471,53824,67,99,50,2,38,SAP,48,86,Negative,No,30,12,Low,Leave,Compliance,2026-09-25,11
EMP00379,Employee_379,23,Male,Finance,Engineer,MBA,Pune,2020-02-21,6,MGR016,2026-08-01,Absent,09:47,20:50,0,7.1,Yes,Verified,Success,Yes,Morning,2.9,Yes,None,8,23,Approved,7.4,7.5,6.2,110672,733,4873,106532,67,57,51,5,72,SAP,8,86,Negative,No,29,27,Low,Performance,Attrition,2026-02-21,1
EMP00380,Employee_380,57,Male,Operations,Analyst,MBA,Chennai,2018-06-02,9,MGR062,2026-08-01,Present,09:17,18:42,0,7.8,Yes,Verified,Success,Yes,Night,1.1,No,None,13,20,Approved,8.6,7.3,4.6,79057,5735,217,84575,94,71,100,5,29,Python,36,63,Positive,No,86,47,Medium,Performance,Compliance,2026-06-02,6
EMP00381,Employee_381,44,Female,Finance,Manager,Master,Chennai,2022-03-01,15,MGR070,2026-08-01,Present,10:27,18:38,77,7.8,Yes,Verified,Success,Yes,Evening,5.0,No,Earned,11,24,Rejected,8.6,4.7,2.3,47801,19012,6582,60231,82,98,90,5,18,AWS,69,80,Negative,No,30,73,Low,Late,Attrition,2026-03-01,2
EMP00382,Employee_382,56,Male,Operations,Engineer,MBA,Pune,2022-09-13,3,MGR042,2026-08-01,Present,08:51,19:35,0,9.8,Yes,Failed,Failed,Yes,Evening,5.6,Yes,Sick,16,23,Pending,8.1,8.0,3.4,93100,3401,9428,87073,91,69,59,2,24,Python,64,91,Positive,Yes,73,18,Low,Leave,Compliance,2026-09-13,7
EMP00383,Employee_383,28,Male,IT,Coordinator,Bachelor,Bhubaneswar,2021-05-25,8,MGR058,2026-08-01,WFH,09:27,19:42,0,8.2,Yes,Failed,Failed,Yes,Evening,2.1,No,Earned,6,11,Approved,6.9,6.5,7.5,27125,1019,4846,23298,90,79,87,2,5,SAP,4,71,Neutral,No,54,3,Medium,Performance,Attrition,2026-05-25,9
EMP00384,Employee_384,45,Male,Sales,Analyst,B.Tech,Hyderabad,2019-02-06,17,MGR012,2026-08-01,Present,09:46,20:40,0,9.8,Yes,Verified,Success,Yes,Night,2.8,No,Casual,18,19,Pending,6.1,5.2,6.7,149403,16066,447,165022,78,53,89,4,52,SQL,1,83,Positive,No,85,86,Low,Performance,None,2026-02-06,9
EMP00385,Employee_385,54,Female,IT,Executive,MBA,Bangalore,2020-01-13,1,MGR038,2026-08-01,Present,09:27,18:43,0,7.5,Yes,Verified,Success,Yes,Evening,2.6,No,Casual,17,0,Pending,8.3,7.2,7.4,58187,19190,1927,75450,99,64,52,2,38,Power BI,28,61,Negative,No,84,63,Low,Performance,None,2026-01-13,2
EMP00386,Employee_386,48,Male,Operations,Specialist,MBA,Chennai,2019-11-05,17,MGR014,2026-08-01,Present,09:02,19:27,0,8.7,Yes,Verified,Success,Yes,Morning,5.5,Yes,Sick,4,28,Rejected,7.1,5.6,7.5,82422,16257,6007,92672,58,47,51,2,20,SQL,73,51,Negative,No,35,57,High,Leave,Payroll,2026-11-05,8
EMP00387,Employee_387,29,Female,HR,Manager,Bachelor,Delhi,2018-10-01,0,MGR015,2026-08-01,Present,09:17,20:33,0,7.0,Yes,Verified,Success,Yes,Morning,2.1,No,Casual,1,6,Rejected,7.4,5.9,2.6,51535,4829,4920,51444,74,75,90,3,80,SQL,18,82,Positive,No,75,18,Low,Performance,None,2026-10-01,10
EMP00388,Employee_388,37,Female,HR,Executive,Bachelor,Hyderabad,2019-11-06,12,MGR004,2026-08-01,Present,09:46,19:25,0,8.3,Yes,Verified,Failed,Yes,Morning,2.5,No,Earned,20,20,Rejected,6.5,6.4,3.7,135070,11852,3692,143230,99,44,77,5,76,Python,53,44,Negative,No,20,90,Low,None,Payroll,2026-11-06,5
EMP00389,Employee_389,41,Female,Support,Executive,MCA,Pune,2022-05-30,12,MGR076,2026-08-01,Present,09:59,20:38,0,8.8,Yes,Failed,Success,Yes,Evening,0.0,No,None,10,22,Pending,8.9,6.1,5.7,134618,17540,9917,142241,54,56,90,4,34,Java,36,78,Negative,No,39,40,Medium,Late,Compliance,2026-05-30,6
EMP00390,Employee_390,48,Male,Support,Specialist,Master,Chennai,2021-06-08,9,MGR025,2026-08-01,Present,09:23,20:34,0,8.7,Yes,Verified,Success,Yes,Night,3.8,Yes,None,10,23,Rejected,8.6,6.6,3.2,61506,8647,9793,60360,100,80,71,5,23,SAP,47,55,Neutral,No,71,91,Medium,Performance,Payroll,2026-06-08,3
EMP00391,Employee_391,37,Female,Sales,Specialist,MCA,Hyderabad,2020-11-09,16,MGR073,2026-08-01,Present,10:17,18:27,62,8.9,Yes,Verified,Failed,Yes,Morning,2.9,No,Earned,17,12,Pending,6.4,4.7,4.2,25428,2180,3095,24513,53,42,54,5,35,SQL,70,74,Neutral,No,26,100,Low,Performance,Compliance,2026-11-09,1
EMP00392,Employee_392,48,Male,IT,Engineer,MCA,Delhi,2024-05-09,18,MGR035,2026-08-01,Absent,08:22,18:09,0,7.1,Yes,Failed,Success,Yes,Morning,8.2,Yes,Earned,0,6,Rejected,7.8,7.8,2.5,69250,9082,4656,73676,97,79,67,2,62,SQL,12,55,Neutral,No,38,30,Medium,Late,Compliance,2026-05-09,4
EMP00393,Employee_393,27,Male,Sales,Coordinator,B.Tech,Pune,2021-02-18,4,MGR050,2026-08-01,Absent,08:48,19:01,0,8.6,Yes,Verified,Success,Yes,Night,6.0,No,Earned,13,25,Rejected,7.0,4.1,5.0,83479,6992,3804,86667,74,93,78,5,77,Excel,47,49,Negative,No,19,76,High,Performance,Compliance,2026-02-18,7
EMP00394,Employee_394,39,Male,Sales,Specialist,B.Tech,Bhubaneswar,2020-04-28,18,MGR032,2026-08-01,Present,09:04,19:45,0,9.4,Yes,Verified,Failed,Yes,Evening,3.1,No,Earned,10,0,Pending,7.3,5.8,4.5,78097,8983,4075,83005,77,56,72,4,29,Java,46,98,Neutral,No,71,20,Low,Late,Compliance,2026-04-28,1
EMP00395,Employee_395,37,Male,Marketing,Manager,B.Tech,Bangalore,2022-04-12,9,MGR019,2026-08-01,Absent,09:17,18:14,0,8.2,Yes,Verified,Failed,Yes,Morning,4.4,Yes,None,5,19,Approved,7.7,7.1,7.2,105668,18114,820,122962,97,51,68,2,70,SAP,54,97,Positive,No,40,2,Low,None,None,2026-04-12,2
EMP00396,Employee_396,44,Male,IT,Specialist,Master,Bangalore,2021-01-07,0,MGR042,2026-08-01,Absent,09:49,19:32,0,9.4,Yes,Failed,Failed,Yes,Morning,3.4,No,Casual,17,5,Approved,7.4,7.4,3.5,127112,15156,9067,133201,88,93,73,2,73,Java,59,55,Neutral,No,32,90,Low,Late,Compliance,2026-01-07,11
EMP00397,Employee_397,46,Female,Marketing,Executive,MCA,Hyderabad,2024-10-18,19,MGR074,2026-08-01,Present,08:47,19:48,0,7.8,Yes,Verified,Success,Yes,Night,4.8,No,Casual,0,25,Approved,6.6,6.4,4.2,85394,17330,8027,94697,69,47,88,4,52,HRMS,48,59,Neutral,No,13,40,Medium,Late,None,2026-10-18,4
EMP00398,Employee_398,36,Male,HR,Engineer,B.Tech,Hyderabad,2022-11-19,15,MGR052,2026-08-01,Present,09:29,19:56,0,7.6,Yes,Verified,Success,Yes,Morning,3.8,Yes,Casual,14,28,Rejected,8.8,5.2,2.3,110075,9895,6493,113477,79,98,74,3,55,SQL,76,58,Neutral,No,75,70,Medium,None,Attrition,2026-11-19,2
EMP00399,Employee_399,38,Male,HR,Specialist,Master,Chennai,2021-12-14,16,MGR048,2026-08-01,Present,09:25,19:51,0,8.8,Yes,Verified,Failed,Yes,Evening,4.6,No,Sick,5,1,Rejected,7.8,7.5,6.6,38277,4782,9201,33858,77,88,82,2,4,SQL,19,99,Neutral,No,52,84,High,Performance,Payroll,2026-12-14,3
EMP00400,Employee_400,23,Male,Finance,Analyst,Master,Bangalore,2019-08-06,13,MGR073,2026-08-01,Present,09:51,18:27,0,8.6,Yes,Verified,Success,Yes,Morning,7.2,Yes,Casual,2,27,Approved,6.8,5.9,2.4,61144,12923,3608,70459,79,98,60,5,63,SQL,10,82,Neutral,No,53,78,High,Leave,Attrition,2026-08-06,5
EMP00401,Employee_401,54,Female,Support,Specialist,Master,Bangalore,2024-06-21,0,MGR056,2026-08-01,Present,10:21,20:19,77,8.5,Yes,Failed,Success,Yes,Morning,5.8,No,Sick,10,3,Approved,7.7,7.4,3.3,94036,5098,9662,89472,65,69,59,4,12,AWS,52,87,Neutral,No,63,72,Medium,Leave,None,2026-06-21,4
EMP00402,Employee_402,46,Female,IT,Executive,B.Tech,Bhubaneswar,2019-10-28,10,MGR048,2026-08-01,Present,10:15,19:56,75,10.0,Yes,Verified,Failed,Yes,Morning,0.6,No,Earned,2,27,Approved,6.9,6.4,3.0,146388,1864,7137,141115,60,78,70,4,75,HRMS,10,46,Positive,No,20,94,Low,Late,Attrition,2026-10-28,8
EMP00403,Employee_403,43,Male,HR,Engineer,MBA,Hyderabad,2019-01-14,3,MGR005,2026-08-01,WFH,09:05,18:39,0,7.0,Yes,Verified,Success,Yes,Evening,3.1,No,None,5,8,Rejected,6.9,7.3,2.4,42495,9549,6009,46035,89,58,58,2,8,SAP,77,94,Neutral,No,30,82,High,None,Attrition,2026-01-14,10
EMP00404,Employee_404,51,Female,Finance,Specialist,MBA,Hyderabad,2020-07-05,20,MGR052,2026-08-01,Present,09:59,18:50,0,10.0,Yes,Verified,Failed,Yes,Evening,3.0,Yes,Casual,1,14,Approved,8.1,4.1,2.4,136693,11097,2667,145123,57,49,56,5,57,Power BI,19,86,Positive,No,46,98,Medium,Leave,Compliance,2026-07-05,12
EMP00405,Employee_405,23,Female,IT,Executive,Master,Hyderabad,2023-05-27,2,MGR007,2026-08-01,Present,09:54,19:24,0,7.6,Yes,Verified,Success,Yes,Night,0.0,No,Sick,17,14,Approved,8.4,7.0,6.2,147871,6873,7753,146991,92,60,98,4,72,Power BI,0,95,Positive,No,42,53,Low,Performance,Payroll,2026-05-27,3
EMP00406,Employee_406,47,Male,Support,Analyst,MBA,Chennai,2018-06-22,10,MGR079,2026-08-01,Present,09:00,18:30,0,9.3,Yes,Failed,Success,Yes,Morning,5.5,Yes,Sick,7,21,Rejected,8.6,7.0,3.6,61419,6627,2957,65089,75,96,83,5,75,Excel,55,89,Negative,No,15,58,High,Leave,Attrition,2026-06-22,1
EMP00407,Employee_407,59,Male,Finance,Specialist,Master,Pune,2021-03-11,8,MGR039,2026-08-01,Absent,09:54,18:52,0,7.7,Yes,Failed,Success,Yes,Evening,5.7,No,None,2,16,Approved,6.1,7.8,4.7,133731,13672,7594,139809,75,40,77,5,6,SQL,35,74,Negative,No,63,2,High,Leave,None,2026-03-11,8
EMP00408,Employee_408,45,Female,IT,Specialist,Master,Bhubaneswar,2024-07-04,13,MGR011,2026-08-01,Present,09:15,19:01,0,7.3,Yes,Failed,Failed,Yes,Evening,3.3,Yes,Sick,17,21,Pending,7.2,7.6,3.2,127193,3796,3847,127142,60,63,56,4,36,Java,69,84,Negative,No,91,8,Low,Late,None,2026-07-04,1
EMP00409,Employee_409,28,Female,Marketing,Analyst,B.Tech,Chennai,2020-09-08,19,MGR036,2026-08-01,Present,08:22,18:22,0,7.5,Yes,Verified,Failed,Yes,Evening,3.6,Yes,None,8,2,Approved,6.4,4.6,6.9,39859,14787,5530,49116,84,52,80,3,80,AWS,3,61,Neutral,No,65,13,High,Performance,Compliance,2026-09-08,3
EMP00410,Employee_410,56,Female,Sales,Manager,MBA,Bangalore,2020-02-18,1,MGR005,2026-08-01,Present,10:00,20:22,80,7.1,Yes,Failed,Success,Yes,Night,0.0,No,Earned,15,23,Approved,8.9,7.4,2.5,122602,7430,8099,121933,56,78,83,2,71,SQL,75,48,Neutral,No,73,70,High,Leave,None,2026-02-18,10
EMP00411,Employee_411,40,Male,Operations,Manager,B.Tech,Bangalore,2018-05-14,8,MGR044,2026-08-01,Present,09:04,20:23,0,7.2,Yes,Verified,Failed,Yes,Evening,3.1,No,None,13,0,Pending,7.0,6.8,7.2,30103,3492,899,32696,83,78,88,4,12,AWS,14,46,Neutral,No,52,40,Low,Late,Compliance,2026-05-14,10
EMP00412,Employee_412,26,Female,Marketing,Coordinator,MBA,Bhubaneswar,2018-11-19,12,MGR006,2026-08-01,Present,09:56,19:05,0,9.0,Yes,Verified,Failed,Yes,Morning,5.5,Yes,None,1,3,Rejected,6.0,7.6,2.3,65827,18029,8868,74988,73,65,84,4,13,Java,20,77,Negative,No,41,10,Medium,Late,Compliance,2026-11-19,11
EMP00413,Employee_413,47,Male,Operations,Specialist,MBA,Delhi,2024-05-19,6,MGR064,2026-08-01,Present,08:03,19:13,0,8.8,Yes,Verified,Success,Yes,Night,2.7,No,Sick,6,4,Pending,8.9,5.6,5.5,47199,16701,3909,59991,67,55,89,3,15,HRMS,32,81,Negative,No,73,0,Low,Performance,Compliance,2026-05-19,12
EMP00414,Employee_414,36,Male,Operations,Analyst,Master,Bangalore,2020-11-02,1,MGR010,2026-08-01,Present,09:08,18:17,0,9.9,Yes,Failed,Success,Yes,Night,2.7,Yes,None,18,26,Rejected,6.0,4.4,3.2,131751,19012,1965,148798,59,49,96,3,15,AWS,41,66,Neutral,No,94,66,High,Leave,Attrition,2026-11-02,11
EMP00415,Employee_415,24,Female,HR,Executive,B.Tech,Bangalore,2020-04-05,1,MGR008,2026-08-01,Present,09:33,19:13,0,8.2,Yes,Verified,Success,Yes,Evening,3.5,No,Casual,7,13,Approved,7.4,7.1,2.4,89082,8975,7167,90890,79,62,69,5,28,SAP,25,84,Neutral,No,71,49,Medium,Late,Attrition,2026-04-05,4
EMP00416,Employee_416,35,Male,HR,Manager,MBA,Delhi,2022-11-30,8,MGR013,2026-08-01,Present,09:42,20:51,0,7.9,Yes,Verified,Success,Yes,Morning,4.8,Yes,Casual,0,28,Pending,6.8,5.0,7.7,109570,15922,6300,119192,85,94,89,3,73,Power BI,80,71,Negative,No,10,19,Low,Leave,Attrition,2026-11-30,10
EMP00417,Employee_417,33,Female,Operations,Specialist,MCA,Delhi,2021-10-29,11,MGR013,2026-08-01,Present,08:39,18:56,0,7.7,Yes,Verified,Success,Yes,Evening,1.7,No,Casual,9,17,Pending,7.5,5.7,5.4,57921,8910,9604,57227,94,44,56,5,72,Power BI,29,66,Positive,No,36,59,Medium,None,None,2026-10-29,11
EMP00418,Employee_418,44,Male,HR,Manager,Bachelor,Delhi,2024-02-25,13,MGR016,2026-08-01,WFH,09:41,20:56,0,8.3,Yes,Verified,Success,Yes,Evening,3.2,Yes,None,4,2,Pending,8.4,6.1,5.8,121734,7029,3579,125184,98,55,52,3,60,Java,69,50,Negative,No,10,62,Low,Performance,Payroll,2026-02-25,2
EMP00419,Employee_419,49,Male,HR,Coordinator,Bachelor,Chennai,2018-12-30,18,MGR003,2026-08-01,Present,10:12,18:52,78,7.5,Yes,Failed,Success,Yes,Night,3.3,Yes,Casual,0,26,Approved,6.6,5.2,2.4,116275,11434,5847,121862,78,54,89,5,17,Python,15,86,Negative,No,36,46,High,Leave,Attrition,2026-12-30,3
EMP00420,Employee_420,23,Male,Operations,Executive,Bachelor,Bhubaneswar,2018-09-17,5,MGR028,2026-08-01,Present,09:26,18:27,0,7.7,Yes,Verified,Success,Yes,Night,5.6,No,Earned,15,5,Rejected,7.6,6.3,7.7,25999,5615,6136,25478,77,51,89,5,56,Java,40,56,Negative,No,37,93,Low,Late,Attrition,2026-09-17,5
EMP00421,Employee_421,55,Male,Marketing,Executive,B.Tech,Chennai,2022-03-19,18,MGR018,2026-08-01,Present,10:11,20:56,74,7.7,Yes,Verified,Success,Yes,Morning,6.7,Yes,Casual,3,17,Rejected,6.3,6.1,2.6,143073,1762,3764,141071,66,61,85,3,17,Power BI,5,67,Neutral,No,36,17,Low,None,Compliance,2026-03-19,10
EMP00422,Employee_422,31,Female,Support,Manager,Bachelor,Bhubaneswar,2022-12-17,0,MGR004,2026-08-01,Present,08:44,18:55,0,9.4,Yes,Verified,Success,Yes,Evening,1.2,Yes,None,13,2,Rejected,6.6,7.8,2.6,121697,10546,7551,124692,100,97,84,2,47,Python,100,80,Negative,No,87,3,High,Late,Payroll,2026-12-17,6
EMP00423,Employee_423,55,Male,Marketing,Coordinator,MCA,Delhi,2022-04-02,15,MGR037,2026-08-01,Present,08:58,18:09,0,7.5,Yes,Verified,Failed,Yes,Night,3.7,Yes,Sick,9,12,Pending,6.1,5.7,2.2,59184,5219,1393,63010,88,43,50,4,33,Excel,48,62,Negative,No,53,11,Medium,Leave,Compliance,2026-04-02,7
EMP00424,Employee_424,35,Female,Finance,Coordinator,Bachelor,Hyderabad,2022-03-28,9,MGR022,2026-08-01,Present,10:24,20:02,63,8.7,Yes,Verified,Failed,Yes,Evening,0.7,Yes,Earned,7,6,Approved,7.2,7.4,5.3,44565,8828,8383,45010,89,62,100,5,2,Power BI,16,44,Positive,No,44,6,Low,Performance,Payroll,2026-03-28,9
EMP00425,Employee_425,36,Male,Sales,Coordinator,Master,Delhi,2019-05-24,20,MGR009,2026-08-01,Present,10:15,18:43,76,7.2,Yes,Failed,Success,Yes,Night,2.9,No,Casual,8,16,Rejected,7.9,6.7,3.8,96758,15520,8166,104112,69,50,51,3,31,HRMS,96,85,Positive,No,57,92,High,Performance,Compliance,2026-05-24,2
EMP00426,Employee_426,39,Female,IT,Manager,MBA,Hyderabad,2021-06-22,1,MGR024,2026-08-01,Present,09:14,20:43,0,8.1,Yes,Failed,Failed,Yes,Morning,1.4,No,Casual,2,30,Rejected,6.1,4.3,4.3,139484,1336,6392,134428,76,90,67,5,37,Python,98,54,Negative,No,23,47,Low,Late,Payroll,2026-06-22,6
EMP00427,Employee_427,36,Male,IT,Engineer,MBA,Bangalore,2019-07-04,16,MGR033,2026-08-01,Present,09:56,20:07,0,8.2,Yes,Verified,Success,Yes,Morning,0.6,Yes,None,10,22,Rejected,7.4,5.9,7.3,62971,1884,4773,60082,57,74,53,2,77,Excel,30,77,Positive,No,90,86,Low,Performance,Compliance,2026-07-04,3
EMP00428,Employee_428,25,Male,Support,Specialist,MCA,Pune,2022-07-17,10,MGR050,2026-08-01,Present,09:32,19:49,0,8.7,Yes,Failed,Success,Yes,Morning,1.0,Yes,Casual,7,26,Approved,9.0,4.1,2.6,140655,13325,569,153411,99,66,57,2,70,Power BI,76,73,Positive,No,41,88,Medium,Leave,Attrition,2026-07-17,11
EMP00429,Employee_429,60,Male,Sales,Manager,MCA,Hyderabad,2023-07-31,4,MGR008,2026-08-01,Present,09:38,18:51,0,7.4,Yes,Failed,Failed,Yes,Night,2.5,No,None,19,17,Pending,6.7,5.6,4.9,119998,13615,50,133563,51,77,58,2,52,Excel,21,92,Negative,No,30,27,High,Late,None,2026-07-31,4
EMP00430,Employee_430,37,Male,Operations,Coordinator,MBA,Bangalore,2023-01-23,16,MGR069,2026-08-01,Present,09:47,18:53,0,8.1,Yes,Verified,Success,Yes,Morning,0.0,No,Earned,10,13,Pending,8.9,7.0,5.1,79823,2514,1511,80826,56,47,97,4,16,HRMS,99,94,Positive,No,15,24,Low,Late,Payroll,2026-01-23,7
EMP00431,Employee_431,41,Male,HR,Engineer,Master,Hyderabad,2022-06-18,10,MGR046,2026-08-01,Present,10:27,20:35,62,7.6,Yes,Failed,Success,Yes,Evening,4.4,No,Earned,12,24,Rejected,7.9,4.6,3.3,114772,14930,1190,128512,83,93,66,3,37,Python,14,55,Neutral,No,80,0,High,Performance,Compliance,2026-06-18,6
EMP00432,Employee_432,35,Female,Marketing,Coordinator,Bachelor,Bhubaneswar,2021-05-07,3,MGR048,2026-08-01,Present,09:44,18:38,0,9.5,Yes,Failed,Success,Yes,Night,0.0,Yes,Sick,15,9,Rejected,6.5,4.1,8.0,78406,1511,3472,76445,66,77,60,3,51,HRMS,98,79,Negative,No,58,99,High,Leave,Attrition,2026-05-07,2
EMP00433,Employee_433,30,Female,Marketing,Analyst,MBA,Bhubaneswar,2023-11-09,16,MGR040,2026-08-01,Present,09:50,18:11,0,9.7,Yes,Verified,Success,Yes,Morning,5.1,No,Casual,18,24,Pending,7.2,6.2,7.6,108463,18637,4066,123034,76,79,94,5,2,SAP,19,65,Negative,No,25,58,Medium,None,Attrition,2026-11-09,3
EMP00434,Employee_434,59,Female,Operations,Engineer,MCA,Bangalore,2020-06-03,17,MGR003,2026-08-01,Present,09:18,18:57,0,8.0,Yes,Verified,Failed,Yes,Morning,5.8,Yes,Earned,17,10,Approved,7.6,7.4,2.9,93156,19881,3610,109427,87,88,72,3,69,Power BI,55,82,Neutral,Yes,21,100,High,Performance,Attrition,2026-06-03,6
EMP00435,Employee_435,30,Male,Support,Specialist,MBA,Delhi,2022-07-25,10,MGR016,2026-08-01,Present,08:12,19:25,0,8.6,Yes,Verified,Failed,Yes,Evening,4.2,No,None,17,27,Approved,8.5,4.7,6.5,131003,13957,1609,143351,50,40,92,5,65,HRMS,76,65,Neutral,No,18,7,Low,Performance,Compliance,2026-07-25,2
EMP00436,Employee_436,25,Female,Marketing,Analyst,MCA,Chennai,2018-11-29,8,MGR011,2026-08-01,Present,09:38,18:54,0,9.2,Yes,Verified,Success,Yes,Evening,2.4,Yes,Casual,19,27,Rejected,8.8,6.6,5.8,132945,835,785,132995,53,86,73,4,28,Java,34,41,Neutral,No,66,56,High,Leave,Attrition,2026-11-29,3
EMP00437,Employee_437,26,Female,Operations,Coordinator,B.Tech,Pune,2018-08-27,1,MGR021,2026-08-01,Present,09:59,20:04,0,9.3,Yes,Verified,Success,Yes,Evening,5.4,No,None,13,6,Approved,6.6,4.9,7.6,103159,4495,5645,102009,70,62,95,3,21,Excel,44,98,Neutral,Yes,23,59,High,None,Attrition,2026-08-27,1
EMP00438,Employee_438,45,Male,IT,Executive,Master,Delhi,2020-04-19,10,MGR017,2026-08-01,Present,09:34,20:22,0,8.1,Yes,Verified,Success,Yes,Evening,0.9,Yes,Sick,3,9,Pending,7.8,6.9,3.0,104026,5353,7,109372,87,60,53,2,18,HRMS,37,72,Positive,No,22,55,Medium,Leave,None,2026-04-19,4
EMP00439,Employee_439,50,Female,Operations,Specialist,Master,Bangalore,2023-01-25,2,MGR002,2026-08-01,Present,09:40,18:56,0,8.5,Yes,Failed,Failed,Yes,Morning,1.4,Yes,Casual,12,8,Rejected,8.8,5.7,5.4,95016,3548,2322,96242,71,87,81,5,77,SAP,29,88,Neutral,No,39,69,Low,None,Compliance,2026-01-25,9
EMP00440,Employee_440,22,Female,Support,Coordinator,MCA,Delhi,2021-07-28,20,MGR055,2026-08-01,Present,09:59,18:29,0,8.4,Yes,Verified,Success,Yes,Evening,0.0,Yes,Earned,0,16,Approved,8.6,4.1,6.6,55003,18757,7366,66394,74,74,59,4,10,Power BI,23,54,Negative,No,54,41,High,Late,None,2026-07-28,7
EMP00441,Employee_441,57,Male,Operations,Analyst,MCA,Chennai,2022-02-08,5,MGR010,2026-08-01,WFH,08:08,19:36,0,8.2,Yes,Verified,Failed,Yes,Morning,3.4,No,Casual,14,13,Rejected,7.8,5.2,5.3,115013,8680,6634,117059,51,100,60,2,16,Python,42,91,Positive,No,87,88,High,Late,Attrition,2026-02-08,12
EMP00442,Employee_442,59,Female,Support,Coordinator,MCA,Delhi,2024-09-16,17,MGR009,2026-08-01,Present,09:18,19:28,0,8.9,Yes,Failed,Success,Yes,Morning,0.5,No,None,16,11,Approved,6.7,6.2,4.7,109983,4259,4884,109358,80,52,84,4,23,Python,78,68,Neutral,No,58,99,Low,None,Attrition,2026-09-16,8
EMP00443,Employee_443,29,Female,Marketing,Specialist,Master,Pune,2024-11-05,1,MGR069,2026-08-01,Present,10:33,18:25,75,8.9,Yes,Failed,Failed,Yes,Morning,2.1,No,None,19,22,Pending,8.6,6.7,7.2,91296,16293,2521,105068,98,64,74,5,79,AWS,87,69,Negative,No,14,3,High,None,Compliance,2026-11-05,5
EMP00444,Employee_444,54,Female,Sales,Specialist,B.Tech,Bangalore,2024-01-29,4,MGR046,2026-08-01,Present,09:39,19:11,0,8.9,Yes,Failed,Success,Yes,Night,3.8,No,Earned,10,26,Approved,8.6,4.8,7.8,60169,8231,2990,65410,86,99,56,4,43,HRMS,21,56,Positive,No,51,23,High,Leave,Attrition,2026-01-29,3
EMP00445,Employee_445,54,Female,HR,Engineer,MCA,Bhubaneswar,2021-11-07,17,MGR051,2026-08-01,Present,09:01,20:31,0,8.6,Yes,Verified,Failed,Yes,Evening,4.3,Yes,Sick,12,24,Pending,8.3,5.1,3.6,138814,7283,5625,140472,50,52,69,3,80,SQL,86,97,Negative,No,83,9,Low,Performance,Attrition,2026-11-07,3
EMP00446,Employee_446,23,Male,Support,Manager,Master,Pune,2018-07-12,9,MGR012,2026-08-01,Present,09:29,18:20,0,9.5,Yes,Verified,Success,Yes,Morning,5.3,Yes,Sick,16,19,Approved,8.5,5.9,7.1,101280,7733,4409,104604,83,46,65,4,54,SAP,40,42,Positive,No,89,34,Low,None,Payroll,2026-07-12,2
EMP00447,Employee_447,51,Male,Marketing,Coordinator,Master,Pune,2018-05-25,0,MGR035,2026-08-01,Present,09:15,20:33,0,8.7,Yes,Verified,Success,Yes,Morning,3.9,Yes,Sick,16,17,Pending,7.2,7.8,7.2,116236,19389,8580,127045,87,72,76,2,57,SAP,35,59,Positive,No,27,63,High,Leave,Payroll,2026-05-25,12
EMP00448,Employee_448,32,Male,Finance,Specialist,Bachelor,Bhubaneswar,2021-02-19,13,MGR043,2026-08-01,Present,10:59,18:56,80,7.1,Yes,Verified,Success,Yes,Evening,4.8,Yes,Casual,10,2,Approved,6.4,7.5,7.3,72672,10398,4719,78351,57,91,70,5,40,SQL,26,40,Neutral,No,53,61,Low,Late,Attrition,2026-02-19,9
EMP00449,Employee_449,30,Female,Support,Coordinator,Master,Pune,2020-01-17,14,MGR057,2026-08-01,Present,08:18,20:26,0,7.4,Yes,Verified,Success,Yes,Evening,2.7,Yes,Sick,16,9,Approved,8.8,4.3,3.3,75570,19216,8038,86748,61,85,84,5,13,Power BI,24,93,Positive,No,26,25,High,Late,None,2026-01-17,11
EMP00450,Employee_450,54,Male,Sales,Manager,B.Tech,Bangalore,2021-06-02,6,MGR071,2026-08-01,Present,10:01,20:10,62,9.3,Yes,Verified,Failed,Yes,Night,4.6,Yes,Earned,1,5,Approved,8.7,5.9,3.9,121769,265,1472,120562,97,63,85,5,80,Java,61,48,Neutral,No,29,73,Low,Leave,Compliance,2026-06-02,10
EMP00451,Employee_451,32,Female,HR,Coordinator,B.Tech,Bangalore,2019-01-05,2,MGR059,2026-08-01,Present,10:12,19:50,74,9.2,Yes,Verified,Failed,Yes,Night,0.8,Yes,None,7,10,Approved,6.5,6.3,5.4,76445,1739,9000,69184,89,53,97,2,52,Power BI,12,86,Neutral,No,51,84,High,None,Payroll,2026-01-05,4
EMP00452,Employee_452,57,Male,Finance,Specialist,MBA,Hyderabad,2024-03-15,13,MGR016,2026-08-01,Present,10:41,19:47,64,9.2,Yes,Verified,Success,Yes,Morning,5.0,No,Sick,7,7,Approved,7.7,5.0,3.5,67611,11917,4006,75522,99,71,89,3,14,Power BI,57,78,Negative,No,66,0,Low,Late,Attrition,2026-03-15,2
EMP00453,Employee_453,28,Male,Sales,Coordinator,MBA,Bangalore,2019-10-26,18,MGR072,2026-08-01,WFH,08:33,18:08,0,7.4,Yes,Failed,Success,Yes,Morning,1.6,No,Earned,19,23,Rejected,8.6,6.2,3.0,124581,17268,8154,133695,52,56,98,5,70,SAP,77,91,Negative,No,69,66,High,Performance,Payroll,2026-10-26,11
EMP00454,Employee_454,46,Male,Support,Analyst,Master,Bhubaneswar,2020-05-12,8,MGR039,2026-08-01,Present,09:24,20:05,0,9.4,Yes,Failed,Success,Yes,Morning,5.6,No,None,16,11,Approved,8.9,7.5,5.4,49203,7759,8765,48197,55,41,99,4,19,Power BI,99,99,Negative,No,85,95,Medium,None,None,2026-05-12,5
EMP00455,Employee_455,57,Female,Sales,Analyst,Master,Chennai,2020-03-25,18,MGR064,2026-08-01,Present,09:07,18:25,0,7.1,Yes,Verified,Failed,Yes,Morning,2.3,Yes,Casual,16,5,Approved,8.6,7.7,7.8,32430,6433,80,38783,76,69,98,3,17,Python,14,78,Negative,No,21,14,Low,Performance,Attrition,2026-03-25,2
EMP00456,Employee_456,29,Female,Operations,Coordinator,MCA,Pune,2019-06-15,7,MGR026,2026-08-01,Absent,09:47,20:13,0,7.1,Yes,Failed,Success,Yes,Evening,7.0,No,Sick,1,6,Rejected,6.0,4.7,5.9,105938,1045,7315,99668,92,91,69,2,66,SQL,19,88,Neutral,No,32,12,Low,Leave,None,2026-06-15,9
EMP00457,Employee_457,39,Female,IT,Analyst,MCA,Bangalore,2022-06-06,11,MGR045,2026-08-01,Present,10:53,18:51,64,9.2,Yes,Failed,Success,Yes,Morning,6.5,No,Casual,18,24,Rejected,7.8,7.3,6.7,42646,4919,9770,37795,64,69,57,4,18,Java,24,67,Neutral,No,80,41,High,Leave,Attrition,2026-06-06,5
EMP00458,Employee_458,22,Male,Sales,Analyst,B.Tech,Bhubaneswar,2019-06-18,11,MGR079,2026-08-01,Present,09:14,20:31,0,7.8,Yes,Verified,Failed,Yes,Night,1.1,Yes,Earned,0,23,Rejected,8.9,5.7,7.2,148405,2455,2558,148302,51,66,64,4,16,Power BI,36,73,Negative,No,23,43,Medium,Leave,Compliance,2026-06-18,11
EMP00459,Employee_459,60,Female,Sales,Executive,MCA,Chennai,2018-02-01,14,MGR048,2026-08-01,Present,09:50,19:39,0,7.2,Yes,Verified,Failed,Yes,Night,1.8,No,Sick,1,9,Pending,8.5,7.8,3.5,32687,4085,276,36496,56,48,66,3,59,HRMS,0,47,Positive,No,81,7,Low,None,None,2026-02-01,4
EMP00460,Employee_460,38,Male,Sales,Engineer,B.Tech,Delhi,2018-04-20,1,MGR070,2026-08-01,Present,09:06,20:42,0,8.1,Yes,Verified,Success,Yes,Night,0.0,Yes,None,17,10,Rejected,6.2,4.3,5.1,38156,14723,6531,46348,76,68,56,3,31,Python,59,85,Positive,No,52,10,Low,Leave,Payroll,2026-04-20,9
EMP00461,Employee_461,22,Female,IT,Manager,MCA,Delhi,2021-02-02,11,MGR058,2026-08-01,Present,09:27,20:16,0,8.5,Yes,Verified,Success,Yes,Night,1.9,Yes,Sick,5,6,Rejected,8.4,7.1,5.6,117283,6440,406,123317,60,92,78,2,32,HRMS,50,67,Positive,No,20,45,High,None,Compliance,2026-02-02,3
EMP00462,Employee_462,48,Male,Finance,Manager,MCA,Bhubaneswar,2023-04-30,2,MGR015,2026-08-01,Present,08:37,19:42,0,8.4,Yes,Verified,Success,Yes,Morning,6.4,No,Casual,1,17,Rejected,6.2,6.9,6.5,59865,13204,6796,66273,95,80,94,2,34,Python,40,55,Negative,No,18,40,Low,None,Payroll,2026-04-30,10
EMP00463,Employee_463,54,Female,Operations,Engineer,Bachelor,Bangalore,2024-10-29,14,MGR076,2026-08-01,Present,10:07,19:24,61,8.8,Yes,Failed,Success,Yes,Morning,3.6,No,Earned,19,30,Approved,6.4,5.9,7.7,146800,12943,9930,149813,81,70,86,5,34,Excel,29,93,Positive,No,51,55,Low,Late,Payroll,2026-10-29,10
EMP00464,Employee_464,37,Male,Sales,Coordinator,Master,Bhubaneswar,2024-05-17,6,MGR060,2026-08-01,Present,08:29,20:54,0,7.5,Yes,Verified,Success,Yes,Morning,1.4,Yes,None,19,20,Rejected,7.9,4.4,7.6,130776,480,1097,130159,84,100,55,5,30,AWS,87,84,Negative,No,83,65,High,Performance,Compliance,2026-05-17,2
EMP00465,Employee_465,25,Female,Finance,Manager,MCA,Bangalore,2018-12-09,5,MGR016,2026-08-01,Present,09:56,19:33,0,8.5,Yes,Verified,Failed,Yes,Evening,6.2,No,Earned,17,29,Approved,7.6,4.2,2.2,146609,16653,500,162762,84,42,76,4,60,AWS,60,82,Positive,No,33,24,Medium,None,Payroll,2026-12-09,10
EMP00466,Employee_466,52,Female,Support,Engineer,MCA,Chennai,2022-07-10,13,MGR072,2026-08-01,Absent,08:09,19:46,0,9.3,Yes,Failed,Failed,Yes,Evening,2.2,Yes,Sick,20,1,Rejected,7.1,6.9,3.6,147440,5171,8370,144241,100,45,100,2,74,HRMS,14,62,Neutral,No,15,63,High,Late,Compliance,2026-07-10,8
EMP00467,Employee_467,46,Male,Finance,Coordinator,Bachelor,Delhi,2021-03-09,13,MGR037,2026-08-01,Present,10:24,19:34,77,7.7,Yes,Verified,Failed,Yes,Evening,3.5,Yes,Sick,11,14,Rejected,6.9,4.3,2.1,127109,15081,9519,132671,85,61,56,2,49,Power BI,20,99,Neutral,No,84,97,Low,Performance,Payroll,2026-03-09,9
EMP00468,Employee_468,55,Male,Marketing,Analyst,B.Tech,Bangalore,2024-02-18,8,MGR051,2026-08-01,Present,09:48,20:28,0,8.8,Yes,Verified,Success,Yes,Morning,6.2,Yes,None,0,9,Approved,6.6,7.3,5.5,59854,17518,6555,70817,98,86,65,3,45,Power BI,26,85,Neutral,No,23,29,Low,Performance,Attrition,2026-02-18,1
EMP00469,Employee_469,46,Female,Support,Coordinator,Bachelor,Bangalore,2021-10-31,11,MGR036,2026-08-01,Present,09:31,18:16,0,7.4,Yes,Verified,Success,Yes,Evening,3.6,Yes,Casual,8,22,Pending,6.8,7.2,4.5,97914,16745,1546,113113,54,70,98,4,61,SQL,98,73,Positive,No,43,76,High,None,None,2026-10-31,7
EMP00470,Employee_470,47,Male,Support,Engineer,MBA,Delhi,2023-03-07,5,MGR051,2026-08-01,Present,10:16,20:27,64,8.8,Yes,Failed,Failed,Yes,Morning,2.9,No,Earned,3,9,Rejected,7.1,5.2,7.4,35435,14511,4437,45509,55,60,71,4,75,Java,40,91,Negative,No,16,14,Low,Late,Compliance,2026-03-07,1
EMP00471,Employee_471,26,Female,Operations,Coordinator,Bachelor,Bangalore,2023-05-11,19,MGR069,2026-08-01,Present,09:35,19:13,0,8.3,Yes,Verified,Success,Yes,Night,3.1,Yes,None,1,16,Rejected,6.8,5.5,2.3,39862,2306,7773,34395,81,40,53,4,3,Java,17,59,Negative,No,84,32,Low,None,Payroll,2026-05-11,7
EMP00472,Employee_472,24,Female,Support,Executive,MBA,Bangalore,2022-03-17,0,MGR040,2026-08-01,Present,09:55,19:31,0,9.3,Yes,Verified,Failed,Yes,Morning,7.6,No,Sick,17,24,Pending,8.9,4.8,5.0,81536,16302,6724,91114,88,41,77,5,16,Excel,100,63,Neutral,No,61,48,Low,Late,Attrition,2026-03-17,6
EMP00473,Employee_473,48,Male,Support,Engineer,Bachelor,Bangalore,2021-03-30,4,MGR038,2026-08-01,Present,08:48,19:27,0,9.9,Yes,Verified,Failed,Yes,Night,5.2,No,Sick,19,12,Approved,8.3,6.5,4.3,55002,1759,150,56611,56,45,61,4,35,SQL,11,63,Negative,No,42,68,High,Performance,None,2026-03-30,1
EMP00474,Employee_474,51,Female,Marketing,Engineer,Master,Bhubaneswar,2024-01-08,5,MGR074,2026-08-01,Present,08:22,19:59,0,9.4,Yes,Verified,Success,Yes,Evening,4.8,Yes,Earned,3,25,Pending,8.6,6.6,4.5,102176,16917,6489,112604,59,86,57,5,21,Python,26,73,Neutral,No,39,94,Medium,Leave,Compliance,2026-01-08,7
EMP00475,Employee_475,37,Male,Finance,Engineer,Bachelor,Chennai,2021-11-17,17,MGR030,2026-08-01,Present,10:56,19:23,72,9.4,Yes,Verified,Success,Yes,Morning,4.6,No,Sick,14,9,Rejected,7.1,6.6,4.0,132348,5531,6037,131842,59,95,62,4,9,SQL,17,100,Positive,No,29,91,Medium,Leave,Attrition,2026-11-17,11
EMP00476,Employee_476,39,Male,Sales,Engineer,Bachelor,Bangalore,2018-12-14,17,MGR069,2026-08-01,Present,09:10,18:57,0,8.4,Yes,Failed,Success,Yes,Night,1.2,Yes,None,14,19,Pending,8.9,7.3,3.5,125159,6759,3979,127939,95,80,62,5,4,HRMS,77,90,Positive,No,51,92,High,Late,Payroll,2026-12-14,10
EMP00477,Employee_477,25,Female,Sales,Executive,MCA,Hyderabad,2020-07-28,16,MGR009,2026-08-01,Present,09:22,18:17,0,7.8,Yes,Failed,Success,Yes,Evening,5.4,No,Earned,0,1,Rejected,6.6,6.1,4.2,137438,3402,8432,132408,54,70,88,2,79,Excel,57,85,Negative,No,23,1,High,Leave,Compliance,2026-07-28,11
EMP00478,Employee_478,55,Female,Support,Specialist,MCA,Delhi,2024-09-06,13,MGR076,2026-08-01,Present,08:49,18:56,0,9.7,Yes,Failed,Failed,Yes,Morning,0.0,No,Sick,4,15,Rejected,8.1,7.4,2.6,90842,16793,4185,103450,78,83,58,5,32,HRMS,29,42,Positive,No,86,69,High,Performance,Payroll,2026-09-06,3
EMP00479,Employee_479,36,Male,IT,Analyst,MCA,Pune,2021-01-01,0,MGR051,2026-08-01,Absent,09:10,20:13,0,10.0,Yes,Failed,Failed,Yes,Morning,6.1,Yes,Casual,20,4,Approved,6.1,4.5,3.1,102646,14730,2666,114710,61,96,50,3,2,SQL,88,73,Neutral,No,69,55,Medium,None,None,2026-01-01,1
EMP00480,Employee_480,26,Female,IT,Manager,B.Tech,Bhubaneswar,2023-09-12,9,MGR008,2026-08-01,Absent,10:15,20:18,77,9.8,Yes,Failed,Success,Yes,Night,0.9,Yes,None,15,25,Pending,6.8,7.1,6.6,40951,367,8974,32344,85,81,58,5,24,AWS,39,66,Negative,No,50,86,Low,None,None,2026-09-12,4
EMP00481,Employee_481,58,Female,Sales,Analyst,MBA,Bhubaneswar,2018-03-11,1,MGR056,2026-08-01,Present,09:57,20:24,0,8.3,Yes,Verified,Success,Yes,Morning,4.0,No,Sick,5,9,Approved,8.1,6.8,7.4,73504,9140,5397,77247,64,58,50,2,57,AWS,12,65,Negative,No,85,34,High,Performance,None,2026-03-11,9
EMP00482,Employee_482,33,Female,Marketing,Engineer,B.Tech,Delhi,2018-03-03,18,MGR073,2026-08-01,Present,09:10,19:38,0,8.4,Yes,Verified,Failed,Yes,Morning,1.2,No,None,17,15,Rejected,9.0,6.6,4.9,81347,13752,8982,86117,89,44,73,3,3,AWS,75,67,Positive,No,56,58,Low,Performance,Attrition,2026-03-03,1
EMP00483,Employee_483,54,Male,Sales,Analyst,MBA,Bhubaneswar,2024-09-01,17,MGR001,2026-08-01,Present,09:57,20:23,0,9.8,Yes,Verified,Success,Yes,Evening,6.4,No,Sick,4,30,Approved,7.4,5.8,6.2,140497,11747,7447,144797,92,87,58,5,62,Java,49,78,Positive,No,19,12,High,Late,Payroll,2026-09-01,2
EMP00484,Employee_484,30,Female,Finance,Specialist,MCA,Bhubaneswar,2024-10-28,14,MGR007,2026-08-01,Present,10:56,19:46,72,9.2,Yes,Verified,Success,Yes,Morning,6.4,No,Sick,4,11,Pending,8.5,4.2,4.6,59900,5800,2665,63035,82,48,50,5,73,Power BI,16,94,Neutral,No,73,0,High,None,None,2026-10-28,2
EMP00485,Employee_485,31,Male,Support,Engineer,MBA,Pune,2022-06-24,5,MGR065,2026-08-01,Present,09:35,20:20,0,9.7,Yes,Verified,Success,Yes,Morning,6.8,Yes,Earned,13,16,Rejected,8.8,7.3,3.1,149602,1731,7526,143807,94,56,95,4,57,Excel,11,48,Neutral,No,19,49,High,Leave,None,2026-06-24,8
EMP00486,Employee_486,44,Male,Marketing,Engineer,B.Tech,Bhubaneswar,2018-09-27,2,MGR041,2026-08-01,Present,08:05,20:56,0,7.1,Yes,Verified,Success,Yes,Evening,1.1,Yes,Casual,11,6,Approved,6.1,4.3,4.6,36988,3806,9410,31384,70,83,50,2,0,SAP,32,97,Negative,No,93,11,High,Leave,Payroll,2026-09-27,12
EMP00487,Employee_487,57,Male,Support,Executive,MBA,Bangalore,2021-04-15,19,MGR033,2026-08-01,Present,09:30,18:26,0,9.5,Yes,Verified,Failed,Yes,Night,3.4,Yes,Earned,18,6,Pending,8.4,4.3,7.4,79159,19434,9098,89495,96,89,54,5,4,Java,42,42,Positive,No,55,99,High,Performance,Compliance,2026-04-15,11
EMP00488,Employee_488,37,Male,Finance,Engineer,B.Tech,Delhi,2020-01-21,1,MGR052,2026-08-01,Absent,08:34,19:02,0,9.2,Yes,Verified,Success,Yes,Night,2.0,Yes,Sick,14,28,Pending,8.8,6.0,5.3,52962,11794,7173,57583,61,60,64,4,48,Java,51,98,Positive,No,79,6,Medium,Leave,None,2026-01-21,8
EMP00489,Employee_489,46,Male,IT,Specialist,Master,Chennai,2022-12-25,0,MGR077,2026-08-01,Present,09:59,19:57,0,9.3,Yes,Verified,Success,Yes,Evening,2.4,No,None,14,21,Rejected,6.3,4.9,7.7,71194,2623,5967,67850,56,69,99,4,64,HRMS,12,78,Negative,No,12,18,Medium,Leave,Attrition,2026-12-25,11
EMP00490,Employee_490,60,Female,IT,Manager,MBA,Chennai,2022-05-13,2,MGR023,2026-08-01,WFH,08:57,18:42,0,7.4,Yes,Verified,Success,Yes,Night,1.1,No,None,5,0,Approved,8.6,7.0,6.2,108079,779,6653,102205,53,45,70,3,14,AWS,27,95,Negative,No,33,44,High,Leave,Attrition,2026-05-13,11
EMP00491,Employee_491,29,Female,Marketing,Specialist,Bachelor,Hyderabad,2021-10-23,18,MGR047,2026-08-01,Present,08:58,18:42,0,9.3,Yes,Verified,Success,Yes,Morning,2.4,No,Sick,15,30,Rejected,7.9,7.9,6.6,125268,14514,3133,136649,50,53,94,2,74,SQL,0,57,Neutral,No,26,4,Low,Performance,None,2026-10-23,9
EMP00492,Employee_492,42,Male,Marketing,Manager,MBA,Bangalore,2021-03-10,11,MGR073,2026-08-01,Present,08:02,19:24,0,7.2,Yes,Verified,Success,Yes,Evening,3.2,Yes,None,2,12,Rejected,7.3,7.7,6.9,107163,3073,3627,106609,53,44,84,4,49,SAP,61,56,Positive,No,40,61,High,Leave,Compliance,2026-03-10,12
EMP00493,Employee_493,21,Female,Sales,Executive,B.Tech,Bangalore,2020-06-11,10,MGR042,2026-08-01,Present,09:10,20:22,0,9.5,Yes,Verified,Success,Yes,Morning,1.5,No,Sick,18,8,Approved,8.7,4.7,2.6,137969,7373,336,145006,84,56,61,4,74,Python,80,51,Negative,No,83,89,Low,Late,Compliance,2026-06-11,5
EMP00494,Employee_494,23,Female,Support,Coordinator,Bachelor,Hyderabad,2021-09-17,7,MGR001,2026-08-01,Present,08:34,20:58,0,8.2,Yes,Verified,Success,Yes,Morning,2.3,Yes,None,2,2,Pending,7.2,4.9,2.8,121630,1046,9360,113316,50,58,93,2,42,SAP,42,88,Negative,No,81,69,Medium,Leave,Compliance,2026-09-17,2
EMP00495,Employee_495,32,Male,Operations,Engineer,B.Tech,Hyderabad,2019-12-02,11,MGR067,2026-08-01,Present,10:16,19:29,78,9.7,Yes,Failed,Failed,Yes,Morning,3.2,Yes,Earned,12,3,Approved,8.4,7.4,3.4,55270,7873,6866,56277,98,75,50,2,23,Excel,55,84,Positive,No,22,82,High,Late,None,2026-12-02,6
EMP00496,Employee_496,57,Male,Sales,Analyst,Bachelor,Delhi,2023-11-19,13,MGR028,2026-08-01,Present,08:21,20:35,0,7.2,Yes,Failed,Success,Yes,Night,1.3,No,Earned,16,5,Rejected,8.1,5.5,5.1,119737,140,5997,113880,95,43,98,5,43,Excel,61,74,Negative,No,87,27,Low,Performance,Compliance,2026-11-19,9
EMP00497,Employee_497,27,Male,IT,Coordinator,B.Tech,Bangalore,2024-07-11,0,MGR007,2026-08-01,Present,09:13,20:18,0,8.6,Yes,Failed,Success,Yes,Morning,5.9,Yes,None,8,8,Approved,6.8,5.9,3.7,140614,10190,875,149929,63,86,58,4,67,SQL,8,66,Neutral,No,83,77,High,Late,None,2026-07-11,11
EMP00498,Employee_498,38,Male,IT,Engineer,Master,Chennai,2019-06-03,14,MGR064,2026-08-01,Present,08:59,18:44,0,9.6,Yes,Verified,Success,Yes,Night,0.9,Yes,None,4,28,Approved,7.5,5.7,7.3,108105,6811,830,114086,76,56,75,2,25,Python,87,92,Positive,No,54,91,High,Late,Attrition,2026-06-03,8
EMP00499,Employee_499,31,Male,Sales,Coordinator,Bachelor,Pune,2023-02-26,9,MGR049,2026-08-01,Absent,09:02,18:37,0,9.2,Yes,Failed,Success,Yes,Morning,0.9,Yes,Sick,19,7,Rejected,7.6,5.1,5.7,42304,2327,375,44256,75,50,59,3,72,SQL,25,100,Positive,No,63,62,Low,None,Payroll,2026-02-26,7
EMP00500,Employee_500,35,Female,IT,Analyst,MCA,Delhi,2024-04-01,12,MGR047,2026-08-01,Present,09:19,20:18,0,9.3,Yes,Verified,Success,Yes,Night,4.6,Yes,Earned,13,30,Pending,7.2,4.8,3.8,85359,1329,6277,80411,99,52,95,5,28,HRMS,44,40,Neutral,No,92,77,Medium,Late,Attrition,2026-04-01,4
EMP00501,Employee_501,34,Female,Operations,Engineer,MBA,Chennai,2019-06-15,17,MGR042,2026-08-01,Present,09:09,18:43,0,8.5,Yes,Failed,Failed,Yes,Morning,1.4,No,None,3,23,Rejected,8.8,4.6,3.4,63734,4812,4189,64357,69,98,95,2,10,HRMS,33,54,Positive,No,81,43,Low,Late,Payroll,2026-06-15,8
EMP00502,Employee_502,36,Female,IT,Analyst,Master,Bhubaneswar,2020-02-04,2,MGR047,2026-08-01,Present,09:33,19:25,0,7.1,Yes,Failed,Success,Yes,Evening,4.4,No,Earned,1,29,Rejected,7.7,5.1,4.0,94681,7728,3684,98725,79,65,87,4,34,AWS,25,63,Positive,No,65,47,High,Performance,Payroll,2026-02-04,7
EMP00503,Employee_503,26,Male,Finance,Manager,MBA,Bhubaneswar,2022-05-03,17,MGR002,2026-08-01,Present,10:59,20:58,76,9.8,Yes,Failed,Success,Yes,Evening,0.3,Yes,Earned,13,19,Approved,7.0,7.8,5.5,143743,9186,2072,150857,75,59,78,3,23,SQL,30,40,Neutral,No,45,17,Low,Leave,None,2026-05-03,5
EMP00504,Employee_504,58,Male,IT,Engineer,B.Tech,Bhubaneswar,2020-01-14,9,MGR041,2026-08-01,Absent,09:13,20:51,0,7.2,Yes,Failed,Success,Yes,Morning,5.4,No,Casual,3,3,Rejected,8.7,4.1,5.9,31899,8676,8920,31655,96,47,81,4,67,AWS,21,49,Positive,No,20,47,High,Performance,None,2026-01-14,9
EMP00505,Employee_505,37,Female,Support,Coordinator,B.Tech,Bhubaneswar,2021-02-24,3,MGR064,2026-08-01,Present,09:10,20:59,0,9.4,Yes,Verified,Failed,Yes,Night,4.1,No,Sick,8,28,Rejected,8.5,4.9,4.7,81747,16563,7547,90763,78,48,86,3,55,HRMS,87,60,Neutral,No,34,24,Medium,None,None,2026-02-24,5
EMP00506,Employee_506,55,Male,HR,Manager,MBA,Chennai,2018-09-11,16,MGR006,2026-08-01,Present,08:58,18:30,0,9.6,Yes,Verified,Failed,Yes,Morning,4.6,Yes,Sick,20,5,Pending,7.4,7.4,3.2,131861,4997,7197,129661,77,41,88,4,38,Excel,73,84,Positive,No,37,97,Medium,None,Attrition,2026-09-11,3
EMP00507,Employee_507,46,Male,Operations,Analyst,MCA,Chennai,2018-05-24,5,MGR074,2026-08-01,Present,09:54,19:50,0,7.7,Yes,Verified,Failed,Yes,Evening,4.4,No,Casual,11,29,Approved,6.4,4.6,6.2,117954,5051,8488,114517,78,54,94,4,78,Excel,66,78,Negative,No,32,0,Medium,Leave,Attrition,2026-05-24,12
EMP00508,Employee_508,26,Female,HR,Executive,B.Tech,Bhubaneswar,2020-06-28,1,MGR071,2026-08-01,WFH,09:02,20:11,0,8.2,Yes,Verified,Success,Yes,Night,4.3,Yes,Casual,7,12,Approved,6.3,6.0,2.9,54705,13868,6993,61580,56,62,91,3,70,Excel,71,83,Negative,No,90,23,High,None,Attrition,2026-06-28,11
EMP00509,Employee_509,37,Male,IT,Engineer,Master,Chennai,2022-11-16,4,MGR019,2026-08-01,WFH,09:58,20:32,0,7.1,Yes,Verified,Failed,Yes,Evening,1.5,No,Casual,12,11,Rejected,9.0,7.4,5.4,51254,10627,7251,54630,95,92,92,5,80,Power BI,22,86,Neutral,No,61,7,Medium,Late,Payroll,2026-11-16,4
EMP00510,Employee_510,25,Male,Marketing,Analyst,MBA,Pune,2022-03-03,15,MGR036,2026-08-01,Present,08:15,18:31,0,9.0,Yes,Verified,Failed,Yes,Evening,2.7,Yes,Sick,12,4,Approved,8.7,4.3,6.6,134198,15688,4008,145878,61,65,92,3,7,Java,84,65,Positive,No,83,92,Medium,Leave,Attrition,2026-03-03,2
EMP00511,Employee_511,25,Female,HR,Executive,MBA,Bhubaneswar,2021-07-09,2,MGR073,2026-08-01,Present,09:43,19:21,0,8.3,Yes,Verified,Failed,Yes,Night,3.2,Yes,Earned,10,18,Approved,7.8,5.8,5.0,99537,2382,2855,99064,61,43,80,4,0,Power BI,2,56,Positive,No,65,20,High,None,None,2026-07-09,10
EMP00512,Employee_512,33,Male,Support,Coordinator,B.Tech,Delhi,2023-07-26,12,MGR060,2026-08-01,Present,08:41,19:25,0,7.1,Yes,Failed,Success,Yes,Morning,2.4,Yes,Casual,4,13,Pending,8.7,4.9,6.8,44617,10075,1200,53492,99,51,58,2,56,HRMS,86,88,Positive,No,68,43,High,Performance,Attrition,2026-07-26,6
EMP00513,Employee_513,45,Female,Finance,Engineer,Bachelor,Delhi,2020-08-29,18,MGR043,2026-08-01,Present,09:07,18:02,0,7.5,Yes,Failed,Success,Yes,Evening,5.8,Yes,Sick,9,15,Pending,6.8,5.1,5.8,40111,19746,1502,58355,68,70,50,3,6,Python,17,66,Negative,No,69,50,Medium,Leave,Attrition,2026-08-29,8
EMP00514,Employee_514,26,Female,Support,Engineer,B.Tech,Hyderabad,2022-07-01,13,MGR005,2026-08-01,Present,09:21,18:01,0,8.2,Yes,Verified,Success,Yes,Night,1.9,Yes,Earned,18,6,Approved,7.8,5.5,3.6,102736,14750,5071,112415,77,79,61,5,59,SAP,10,47,Negative,No,82,83,Medium,Late,Attrition,2026-07-01,4
EMP00515,Employee_515,28,Male,Marketing,Engineer,B.Tech,Pune,2021-08-08,6,MGR055,2026-08-01,Present,09:05,19:39,0,7.9,Yes,Failed,Failed,Yes,Night,4.8,No,Earned,14,11,Pending,7.2,5.7,3.8,48494,12058,5730,54822,71,88,66,2,37,Excel,39,85,Neutral,No,19,39,High,None,Attrition,2026-08-08,10
EMP00516,Employee_516,58,Female,Finance,Engineer,MCA,Hyderabad,2024-10-07,13,MGR034,2026-08-01,Present,10:48,20:53,67,9.0,Yes,Failed,Success,Yes,Morning,3.6,Yes,None,19,18,Pending,7.5,4.5,6.3,134285,8469,4518,138236,96,99,63,3,73,Java,12,55,Positive,No,23,1,High,Performance,Compliance,2026-10-07,1
EMP00517,Employee_517,33,Female,Operations,Coordinator,B.Tech,Hyderabad,2019-12-11,10,MGR061,2026-08-01,Present,08:08,18:02,0,7.7,Yes,Verified,Success,Yes,Evening,5.2,No,Sick,15,12,Approved,6.4,6.4,5.4,64499,16992,5697,75794,51,49,97,4,45,SQL,17,89,Positive,No,36,93,Medium,Leave,Attrition,2026-12-11,6
EMP00518,Employee_518,21,Female,Support,Analyst,MCA,Delhi,2023-12-06,6,MGR009,2026-08-01,Present,10:23,20:19,72,7.6,Yes,Failed,Success,Yes,Evening,0.4,No,Casual,6,2,Approved,6.7,6.2,4.2,101329,11055,7722,104662,63,58,61,4,24,HRMS,20,99,Negative,No,27,4,Low,Late,Payroll,2026-12-06,8
EMP00519,Employee_519,58,Female,Marketing,Coordinator,B.Tech,Delhi,2021-04-14,0,MGR005,2026-08-01,Present,09:57,20:20,0,9.1,Yes,Verified,Failed,Yes,Evening,2.9,No,None,3,4,Rejected,6.3,6.7,4.9,64486,7601,7385,64702,68,44,79,2,33,Excel,4,59,Positive,No,50,7,Low,Late,Payroll,2026-04-14,1
EMP00520,Employee_520,32,Female,Support,Manager,Master,Bangalore,2019-11-01,6,MGR018,2026-08-01,Present,09:09,20:50,0,7.7,Yes,Verified,Success,Yes,Morning,4.4,No,Earned,17,18,Approved,6.6,7.5,3.4,80328,12807,5543,87592,64,52,66,4,52,SAP,56,44,Negative,No,25,85,Medium,Performance,Payroll,2026-11-01,1
EMP00521,Employee_521,24,Male,Finance,Coordinator,MBA,Bangalore,2022-11-28,1,MGR011,2026-08-01,WFH,09:11,18:47,0,8.7,Yes,Verified,Success,Yes,Morning,4.4,Yes,None,19,6,Pending,8.2,7.8,2.8,123422,10328,4081,129669,58,74,68,4,58,SQL,74,91,Negative,No,12,11,Medium,Late,Compliance,2026-11-28,11
EMP00522,Employee_522,37,Female,Operations,Analyst,B.Tech,Chennai,2019-06-27,20,MGR064,2026-08-01,Present,09:16,19:06,0,8.9,Yes,Failed,Success,Yes,Evening,4.8,Yes,Earned,1,11,Rejected,7.6,6.1,7.5,32666,14396,6776,40286,59,90,93,4,60,Power BI,43,72,Positive,No,33,19,Medium,None,Payroll,2026-06-27,7
EMP00523,Employee_523,49,Male,Support,Engineer,Bachelor,Bangalore,2022-06-03,2,MGR012,2026-08-01,WFH,10:07,20:29,69,9.9,Yes,Verified,Success,Yes,Night,2.0,No,Earned,4,25,Rejected,7.8,6.7,7.3,88631,8162,3074,93719,54,69,53,3,62,Java,88,42,Negative,No,38,76,Low,Leave,None,2026-06-03,10
EMP00524,Employee_524,27,Male,IT,Engineer,B.Tech,Pune,2020-10-28,8,MGR032,2026-08-01,Present,09:29,18:10,0,7.1,Yes,Verified,Success,Yes,Morning,0.0,Yes,Earned,5,5,Pending,8.0,6.7,3.6,121366,3584,8093,116857,91,64,62,4,24,Python,88,74,Positive,No,35,37,Medium,Leave,Attrition,2026-10-28,1
EMP00525,Employee_525,31,Male,Support,Manager,MCA,Chennai,2021-06-02,12,MGR065,2026-08-01,Present,10:04,20:49,76,9.6,Yes,Verified,Failed,Yes,Evening,0.3,No,Sick,10,19,Rejected,8.7,5.6,5.8,60515,15224,340,75399,63,50,88,2,40,HRMS,29,57,Positive,No,67,63,Medium,Leave,Compliance,2026-06-02,3
EMP00526,Employee_526,55,Male,IT,Specialist,Master,Bhubaneswar,2022-01-09,20,MGR048,2026-08-01,Present,10:59,18:09,64,8.8,Yes,Verified,Success,Yes,Evening,3.0,No,Casual,0,1,Approved,7.8,5.3,6.0,35558,13086,5722,42922,87,65,64,5,55,Excel,59,82,Negative,No,29,82,Medium,Late,Payroll,2026-01-09,11
EMP00527,Employee_527,27,Male,IT,Coordinator,Bachelor,Bangalore,2020-01-07,20,MGR069,2026-08-01,Present,08:02,18:17,0,8.7,Yes,Verified,Failed,Yes,Morning,2.3,Yes,None,8,5,Approved,6.3,7.3,6.7,109712,18062,5564,122210,73,87,68,2,65,SQL,91,63,Negative,No,29,55,High,Performance,Attrition,2026-01-07,7
EMP00528,Employee_528,56,Male,Sales,Manager,MBA,Bangalore,2021-05-05,0,MGR006,2026-08-01,Present,08:11,20:59,0,8.5,Yes,Verified,Success,Yes,Night,3.3,No,Casual,3,26,Pending,7.6,7.1,7.8,94578,10705,4294,100989,90,65,68,2,51,Java,99,87,Positive,No,86,55,High,Late,Compliance,2026-05-05,5
EMP00529,Employee_529,32,Male,Finance,Coordinator,Bachelor,Bhubaneswar,2020-01-09,9,MGR021,2026-08-01,Present,08:34,18:50,0,9.9,Yes,Verified,Failed,Yes,Evening,0.6,Yes,None,13,15,Rejected,7.3,7.3,4.4,48467,2460,3167,47760,89,78,89,3,35,SQL,83,50,Negative,No,35,14,High,None,None,2026-01-09,4
EMP00530,Employee_530,24,Male,Finance,Engineer,Master,Delhi,2022-11-05,10,MGR025,2026-08-01,Present,09:12,18:00,0,8.0,Yes,Verified,Success,Yes,Morning,1.0,No,Casual,13,28,Rejected,8.7,6.2,2.0,121665,5508,34,127139,72,75,94,2,20,HRMS,78,50,Negative,No,82,98,High,None,None,2026-11-05,8
EMP00531,Employee_531,56,Male,Support,Specialist,MCA,Pune,2022-06-19,6,MGR028,2026-08-01,Present,10:26,20:05,73,8.5,Yes,Failed,Success,Yes,Night,4.1,No,Casual,13,12,Pending,6.3,5.7,3.8,137432,7442,2905,141969,99,46,50,3,9,Excel,19,82,Negative,No,30,25,Low,Late,None,2026-06-19,11
EMP00532,Employee_532,54,Female,Finance,Coordinator,Bachelor,Pune,2024-01-24,15,MGR064,2026-08-01,Present,10:41,18:27,67,9.3,Yes,Failed,Success,Yes,Night,4.9,Yes,None,11,20,Rejected,7.6,7.4,6.9,85435,19663,1037,104061,65,89,54,3,79,Power BI,59,78,Neutral,No,62,14,Medium,None,Payroll,2026-01-24,10
EMP00533,Employee_533,22,Male,Operations,Executive,B.Tech,Hyderabad,2022-09-13,12,MGR069,2026-08-01,Present,10:10,20:55,77,8.1,Yes,Verified,Success,Yes,Evening,1.4,No,Casual,9,9,Rejected,7.5,6.3,7.7,111604,16301,2919,124986,71,60,64,4,77,Java,85,67,Negative,No,91,1,Medium,Leave,Compliance,2026-09-13,10
EMP00534,Employee_534,60,Female,Sales,Specialist,MBA,Bhubaneswar,2024-10-25,14,MGR074,2026-08-01,Present,08:31,18:35,0,7.0,Yes,Failed,Success,Yes,Evening,1.0,No,Sick,14,17,Pending,8.1,7.4,3.7,107234,15570,2338,120466,67,44,82,4,24,Java,14,66,Neutral,No,41,36,Medium,Leave,Compliance,2026-10-25,7
EMP00535,Employee_535,21,Male,Operations,Coordinator,MCA,Pune,2024-07-09,0,MGR042,2026-08-01,WFH,10:07,18:10,77,8.2,Yes,Verified,Success,Yes,Evening,4.5,No,Sick,18,17,Rejected,8.7,4.1,5.3,59763,9503,5177,64089,67,74,66,2,45,SQL,98,54,Positive,No,81,69,High,Late,None,2026-07-09,6
EMP00536,Employee_536,37,Male,Marketing,Manager,B.Tech,Bangalore,2023-05-31,0,MGR020,2026-08-01,Absent,09:28,19:58,0,7.0,Yes,Verified,Success,Yes,Morning,4.2,No,Earned,17,24,Rejected,7.2,6.4,7.2,106114,19497,7761,117850,88,62,91,3,26,Python,45,64,Neutral,No,22,71,Medium,Late,Attrition,2026-05-31,9
EMP00537,Employee_537,51,Male,Sales,Coordinator,Bachelor,Bhubaneswar,2021-04-20,3,MGR027,2026-08-01,Present,09:56,20:07,0,7.1,Yes,Verified,Success,Yes,Evening,2.4,No,Casual,15,19,Rejected,8.8,5.6,3.6,110672,3876,8696,105852,71,67,85,2,51,AWS,21,59,Positive,No,58,18,Low,None,Payroll,2026-04-20,6
EMP00538,Employee_538,32,Male,HR,Specialist,Bachelor,Hyderabad,2024-09-12,7,MGR028,2026-08-01,WFH,09:41,20:18,0,8.3,Yes,Verified,Success,Yes,Evening,3.2,No,Earned,15,28,Pending,6.9,5.2,6.7,66343,13941,2920,77364,73,78,64,3,76,HRMS,41,50,Positive,No,39,68,Low,Leave,None,2026-09-12,8
EMP00539,Employee_539,21,Male,Sales,Engineer,Master,Bhubaneswar,2018-12-02,2,MGR061,2026-08-01,Present,09:49,20:09,0,8.9,Yes,Verified,Success,Yes,Morning,2.2,No,Sick,6,17,Rejected,7.6,5.0,4.1,46787,19527,923,65391,70,85,93,2,41,AWS,21,51,Negative,No,95,39,Low,Leave,Compliance,2026-12-02,12
EMP00540,Employee_540,26,Female,HR,Analyst,MBA,Bhubaneswar,2021-07-04,16,MGR007,2026-08-01,Present,08:38,18:16,0,8.3,Yes,Verified,Success,Yes,Evening,6.1,Yes,Sick,12,20,Approved,7.1,4.6,4.6,90844,10737,8015,93566,83,86,97,2,37,SQL,59,47,Neutral,Yes,84,38,High,Performance,Compliance,2026-07-04,5
EMP00541,Employee_541,54,Male,Sales,Analyst,Bachelor,Chennai,2021-03-31,6,MGR031,2026-08-01,Present,10:33,20:11,66,8.3,Yes,Verified,Failed,Yes,Evening,4.4,Yes,None,16,11,Approved,7.4,5.9,2.1,54130,6397,2044,58483,85,67,61,2,40,SQL,40,51,Positive,No,66,88,Medium,Performance,Payroll,2026-03-31,11
EMP00542,Employee_542,27,Male,Finance,Executive,B.Tech,Bangalore,2020-05-21,9,MGR036,2026-08-01,Absent,09:31,18:47,0,8.4,Yes,Failed,Success,Yes,Morning,3.3,No,None,7,9,Approved,6.6,5.6,5.5,131452,16772,819,147405,86,56,74,5,80,HRMS,33,97,Neutral,No,16,78,High,None,None,2026-05-21,2
EMP00543,Employee_543,31,Male,Operations,Analyst,MCA,Delhi,2018-07-17,13,MGR067,2026-08-01,Present,10:18,18:41,79,7.9,Yes,Verified,Failed,Yes,Night,0.8,No,Earned,18,18,Pending,7.3,6.2,7.3,94637,7666,5576,96727,99,96,81,2,42,AWS,96,73,Positive,No,76,94,Low,None,Compliance,2026-07-17,3
EMP00544,Employee_544,25,Male,Finance,Specialist,MCA,Bangalore,2018-10-20,20,MGR078,2026-08-01,Absent,09:28,18:29,0,7.0,Yes,Verified,Failed,Yes,Night,2.2,No,Sick,18,29,Pending,8.4,7.2,6.8,120830,17655,9981,128504,63,67,81,5,20,HRMS,66,46,Positive,No,33,92,Low,None,Compliance,2026-10-20,9
EMP00545,Employee_545,52,Male,Finance,Manager,MCA,Bhubaneswar,2023-08-22,0,MGR080,2026-08-01,Present,09:55,20:36,0,8.9,Yes,Verified,Success,Yes,Evening,3.0,No,None,3,11,Pending,6.4,7.4,7.5,100775,8053,9990,98838,87,53,64,2,47,SQL,80,93,Negative,No,50,95,High,None,Attrition,2026-08-22,12
EMP00546,Employee_546,28,Male,Marketing,Engineer,MCA,Bhubaneswar,2018-02-18,0,MGR032,2026-08-01,WFH,09:34,18:54,0,8.7,Yes,Verified,Success,Yes,Morning,0.0,No,Sick,6,3,Approved,8.2,4.2,2.4,113255,12929,327,125857,83,60,84,3,12,SQL,5,58,Neutral,No,17,17,Medium,Late,Attrition,2026-02-18,4
EMP00547,Employee_547,29,Female,HR,Engineer,MBA,Delhi,2022-06-29,19,MGR052,2026-08-01,Present,08:13,19:15,0,9.4,Yes,Verified,Failed,Yes,Morning,6.9,No,Sick,16,27,Pending,6.3,6.5,3.8,51953,12422,6587,57788,92,55,55,5,42,HRMS,48,55,Negative,No,72,72,Low,Leave,Payroll,2026-06-29,2
EMP00548,Employee_548,53,Male,Sales,Executive,Master,Pune,2019-02-19,0,MGR021,2026-08-01,Present,09:26,20:24,0,8.2,Yes,Verified,Success,Yes,Evening,0.4,Yes,None,9,12,Pending,6.8,7.3,6.1,76496,1395,2195,75696,54,42,56,3,79,SAP,41,80,Positive,No,52,68,High,Leave,Attrition,2026-02-19,5
EMP00549,Employee_549,21,Female,IT,Executive,B.Tech,Bangalore,2018-06-25,13,MGR018,2026-08-01,WFH,09:32,18:16,0,8.9,Yes,Failed,Success,Yes,Evening,3.5,Yes,Casual,17,18,Pending,8.4,7.7,5.5,42743,16069,3506,55306,86,91,52,2,53,SAP,51,56,Negative,No,94,77,High,None,Compliance,2026-06-25,3
EMP00550,Employee_550,43,Male,Support,Coordinator,Master,Hyderabad,2023-09-03,17,MGR059,2026-08-01,Present,10:31,18:29,68,7.8,Yes,Verified,Success,Yes,Night,2.9,No,None,19,25,Approved,8.3,7.4,6.9,125304,8834,5241,128897,99,86,99,5,4,Excel,39,100,Positive,No,85,64,High,None,Attrition,2026-09-03,4
EMP00551,Employee_551,46,Female,Support,Executive,B.Tech,Bhubaneswar,2024-02-25,8,MGR013,2026-08-01,Present,09:00,20:00,0,8.9,Yes,Verified,Success,Yes,Morning,0.0,No,None,16,5,Rejected,6.4,4.5,3.6,120983,7668,3513,125138,60,42,66,3,8,Power BI,29,97,Positive,No,88,4,High,Leave,Attrition,2026-02-25,8
EMP00552,Employee_552,52,Female,HR,Specialist,Master,Bangalore,2019-07-03,8,MGR048,2026-08-01,WFH,08:15,20:41,0,7.2,Yes,Failed,Success,Yes,Night,4.2,No,None,8,30,Rejected,8.8,4.6,3.7,33688,644,927,33405,79,41,87,4,71,SAP,19,87,Neutral,No,42,73,Medium,Late,Compliance,2026-07-03,3
EMP00553,Employee_553,34,Male,Sales,Analyst,Bachelor,Delhi,2022-03-09,19,MGR007,2026-08-01,Present,08:19,19:33,0,8.3,Yes,Failed,Success,Yes,Morning,6.8,Yes,Earned,4,0,Approved,7.6,5.8,5.9,62960,458,4342,59076,53,99,59,3,4,Python,76,61,Positive,No,60,53,High,Late,None,2026-03-09,10
EMP00554,Employee_554,51,Female,HR,Analyst,Bachelor,Pune,2022-01-16,7,MGR018,2026-08-01,Present,09:51,20:00,0,7.1,Yes,Verified,Success,Yes,Night,2.8,No,None,13,6,Approved,8.0,4.7,2.6,26307,11107,7616,29798,63,74,74,2,72,Python,95,72,Neutral,No,19,83,Medium,Performance,Compliance,2026-01-16,3
EMP00555,Employee_555,28,Male,Marketing,Analyst,B.Tech,Bhubaneswar,2019-05-07,14,MGR033,2026-08-01,Present,08:26,18:09,0,9.5,Yes,Verified,Success,Yes,Morning,3.5,Yes,Sick,8,4,Approved,7.9,4.1,4.1,128854,3665,8126,124393,63,98,87,5,34,SQL,18,86,Negative,No,12,74,Medium,Leave,Attrition,2026-05-07,8
EMP00556,Employee_556,43,Female,HR,Engineer,Master,Pune,2020-01-09,13,MGR011,2026-08-01,Present,09:38,19:46,0,8.7,Yes,Failed,Success,Yes,Evening,1.6,No,Sick,19,18,Rejected,7.1,5.5,2.8,52294,5984,6892,51386,56,76,92,2,14,AWS,68,77,Positive,No,31,55,High,Performance,Payroll,2026-01-09,12
EMP00557,Employee_557,45,Male,HR,Specialist,MCA,Hyderabad,2024-10-20,9,MGR059,2026-08-01,Present,10:32,20:14,73,8.3,Yes,Failed,Failed,Yes,Morning,2.9,Yes,None,16,15,Pending,7.9,6.3,2.5,41633,7008,7595,41046,69,42,53,5,51,Excel,50,78,Negative,No,90,16,Low,Leave,Compliance,2026-10-20,5
EMP00558,Employee_558,53,Male,HR,Engineer,MCA,Delhi,2024-01-23,13,MGR041,2026-08-01,Present,09:11,18:45,0,9.6,Yes,Verified,Success,Yes,Morning,5.5,Yes,Earned,16,21,Rejected,6.4,4.1,7.4,60444,14714,640,74518,50,96,63,5,27,Python,7,41,Positive,No,80,66,Medium,Late,Payroll,2026-01-23,12
EMP00559,Employee_559,57,Male,HR,Manager,Bachelor,Pune,2022-07-10,0,MGR003,2026-08-01,Present,09:54,18:24,0,8.7,Yes,Failed,Failed,Yes,Morning,3.1,Yes,Casual,0,21,Pending,6.6,5.8,7.0,92653,17075,9367,100361,93,74,99,2,73,SAP,94,85,Negative,No,15,49,Low,Leave,Payroll,2026-07-10,9
EMP00560,Employee_560,24,Male,Marketing,Specialist,MCA,Hyderabad,2018-12-03,7,MGR032,2026-08-01,Present,10:56,18:46,73,9.5,Yes,Verified,Success,Yes,Morning,4.0,Yes,Sick,15,2,Rejected,7.8,6.6,6.2,75922,8026,665,83283,71,72,59,4,73,Java,19,41,Positive,No,91,33,High,None,None,2026-12-03,6
EMP00561,Employee_561,57,Female,Finance,Specialist,MBA,Pune,2020-04-13,13,MGR057,2026-08-01,Present,09:03,18:03,0,8.7,Yes,Verified,Failed,Yes,Night,3.1,Yes,Casual,13,22,Rejected,8.7,6.8,2.9,83520,10539,6145,87914,58,81,64,2,65,SAP,76,99,Neutral,No,10,19,Medium,Late,None,2026-04-13,9
EMP00562,Employee_562,50,Male,Support,Manager,Master,Pune,2021-11-20,9,MGR021,2026-08-01,WFH,10:14,19:29,62,7.1,Yes,Verified,Success,Yes,Morning,1.4,Yes,Casual,15,17,Rejected,7.0,6.2,6.1,115285,10641,2227,123699,54,80,61,4,80,AWS,44,76,Positive,No,46,85,Medium,None,None,2026-11-20,1
EMP00563,Employee_563,56,Male,Marketing,Engineer,B.Tech,Bhubaneswar,2023-03-19,0,MGR012,2026-08-01,Present,10:47,18:12,65,10.0,Yes,Verified,Failed,Yes,Night,3.3,No,None,13,11,Approved,6.4,6.6,3.6,32049,2793,2093,32749,84,85,73,2,1,SAP,94,67,Neutral,No,51,28,High,Leave,Payroll,2026-03-19,7
EMP00564,Employee_564,47,Male,Support,Coordinator,MBA,Pune,2018-07-08,0,MGR014,2026-08-01,Present,09:21,18:00,0,8.1,Yes,Failed,Failed,Yes,Night,4.5,Yes,Sick,20,15,Approved,6.8,5.4,7.8,142156,4729,7205,139680,55,71,76,3,68,Power BI,20,100,Neutral,No,22,95,High,Late,Attrition,2026-07-08,11
EMP00565,Employee_565,46,Male,Support,Engineer,MBA,Bhubaneswar,2020-01-21,19,MGR057,2026-08-01,Absent,09:26,20:28,0,8.5,Yes,Verified,Failed,Yes,Evening,2.8,No,Earned,12,26,Approved,8.0,6.3,5.8,117221,12695,5752,124164,73,40,52,5,52,SQL,65,59,Negative,No,82,61,Medium,Late,Compliance,2026-01-21,4
EMP00566,Employee_566,45,Male,HR,Engineer,Bachelor,Hyderabad,2021-07-06,20,MGR056,2026-08-01,Present,09:38,20:48,0,8.1,Yes,Verified,Success,Yes,Night,3.1,Yes,None,6,12,Rejected,8.1,7.2,5.9,32031,10067,6869,35229,55,89,57,4,12,SAP,99,52,Negative,No,80,10,High,Late,Attrition,2026-07-06,4
EMP00567,Employee_567,25,Female,Marketing,Executive,MCA,Bhubaneswar,2018-01-11,12,MGR052,2026-08-01,Present,09:49,18:22,0,9.5,Yes,Verified,Success,Yes,Morning,3.1,Yes,Casual,18,26,Pending,6.9,6.6,3.7,90594,16472,2928,104138,96,51,65,4,3,SQL,90,65,Positive,No,49,78,High,Performance,None,2026-01-11,4
EMP00568,Employee_568,31,Male,Operations,Engineer,Bachelor,Delhi,2023-07-28,14,MGR071,2026-08-01,Present,09:39,20:58,0,9.9,Yes,Verified,Success,Yes,Evening,4.4,Yes,None,3,6,Pending,8.8,5.9,2.7,31929,1915,3319,30525,56,88,94,5,63,SQL,75,92,Neutral,No,93,71,Medium,None,None,2026-07-28,11
EMP00569,Employee_569,27,Female,Support,Coordinator,B.Tech,Delhi,2022-05-09,10,MGR047,2026-08-01,Absent,09:40,18:04,0,7.6,Yes,Verified,Success,Yes,Morning,3.3,No,Casual,19,22,Approved,6.1,7.7,5.3,119602,16624,4233,131993,93,95,78,2,66,Python,60,48,Neutral,No,86,97,Low,Late,Attrition,2026-05-09,2
EMP00570,Employee_570,60,Female,Support,Engineer,Master,Bangalore,2022-08-29,19,MGR076,2026-08-01,Present,08:24,19:30,0,8.5,Yes,Verified,Failed,Yes,Morning,0.0,No,Sick,13,26,Approved,6.1,7.5,5.4,97420,16776,1819,112377,56,97,50,2,23,Java,70,40,Negative,No,80,46,Medium,Performance,None,2026-08-29,1
EMP00571,Employee_571,31,Male,Sales,Specialist,Bachelor,Pune,2019-11-27,19,MGR049,2026-08-01,Present,09:54,19:16,0,8.2,Yes,Verified,Success,Yes,Evening,2.2,No,Sick,4,2,Pending,7.9,4.5,5.5,139863,12951,3051,149763,73,84,97,3,18,SQL,41,43,Negative,No,24,52,Medium,Late,Attrition,2026-11-27,2
EMP00572,Employee_572,54,Female,Support,Engineer,MBA,Bangalore,2018-01-19,3,MGR080,2026-08-01,Present,09:14,20:08,0,7.9,Yes,Verified,Failed,Yes,Morning,1.5,Yes,None,0,0,Pending,8.7,7.0,5.6,50903,11926,760,62069,54,92,50,3,40,Excel,5,49,Positive,No,57,9,Medium,Performance,Payroll,2026-01-19,12
EMP00573,Employee_573,40,Male,HR,Analyst,MBA,Bhubaneswar,2024-03-03,3,MGR036,2026-08-01,Absent,09:26,19:49,0,10.0,Yes,Verified,Failed,Yes,Night,2.4,No,None,7,10,Pending,6.7,5.3,6.5,112522,10813,3812,119523,57,48,84,3,9,SAP,63,61,Positive,No,27,29,High,Leave,Attrition,2026-03-03,9
EMP00574,Employee_574,59,Female,IT,Engineer,B.Tech,Bhubaneswar,2019-02-08,4,MGR038,2026-08-01,Present,09:27,20:53,0,10.0,Yes,Verified,Success,Yes,Evening,1.1,No,Casual,11,1,Pending,6.2,4.4,4.8,45285,12333,747,56871,53,92,82,4,59,SQL,46,64,Neutral,No,93,61,High,Late,Attrition,2026-02-08,11
EMP00575,Employee_575,39,Male,Support,Manager,MCA,Hyderabad,2018-09-08,14,MGR024,2026-08-01,Present,09:10,20:11,0,8.0,Yes,Verified,Failed,Yes,Night,4.4,No,Casual,7,28,Pending,6.6,6.1,3.8,126753,6085,7246,125592,52,68,76,2,54,Java,17,40,Neutral,No,93,48,High,Late,Compliance,2026-09-08,8
EMP00576,Employee_576,51,Female,Operations,Engineer,MBA,Delhi,2018-10-04,4,MGR028,2026-08-01,Absent,09:27,20:32,0,9.5,Yes,Failed,Success,Yes,Evening,4.0,Yes,Sick,10,16,Rejected,9.0,6.4,3.4,120240,17972,6568,131644,53,84,71,3,47,Excel,33,40,Neutral,No,13,87,High,Late,Attrition,2026-10-04,4
EMP00577,Employee_577,41,Male,Operations,Coordinator,MBA,Pune,2024-06-24,14,MGR008,2026-08-01,Present,09:32,20:56,0,8.4,Yes,Failed,Success,Yes,Evening,2.8,No,Casual,10,13,Approved,7.8,7.5,3.4,81238,8433,144,89527,100,73,66,5,18,Power BI,61,53,Neutral,No,26,58,High,Late,Compliance,2026-06-24,1
EMP00578,Employee_578,25,Female,Support,Manager,B.Tech,Pune,2019-12-23,19,MGR016,2026-08-01,WFH,09:06,19:10,0,7.2,Yes,Verified,Success,Yes,Night,0.0,No,None,20,9,Pending,8.5,5.6,5.3,88195,3384,1743,89836,52,63,61,3,13,HRMS,74,40,Positive,No,84,22,Low,None,Compliance,2026-12-23,12
EMP00579,Employee_579,52,Male,HR,Executive,MCA,Bhubaneswar,2022-08-20,2,MGR058,2026-08-01,Present,10:56,18:58,77,7.6,Yes,Verified,Success,Yes,Morning,9.8,No,None,8,28,Pending,8.1,7.8,3.7,113946,13025,4401,122570,62,53,61,3,52,SAP,23,56,Neutral,No,58,73,Low,None,Attrition,2026-08-20,3
EMP00580,Employee_580,55,Male,Marketing,Analyst,B.Tech,Hyderabad,2024-04-25,8,MGR008,2026-08-01,Present,09:22,20:46,0,8.8,Yes,Failed,Success,Yes,Morning,3.6,Yes,Casual,14,4,Pending,8.1,8.0,5.0,56675,18193,87,74781,84,95,55,5,20,SQL,49,54,Neutral,No,93,6,Medium,Performance,None,2026-04-25,3
EMP00581,Employee_581,40,Female,IT,Specialist,B.Tech,Hyderabad,2022-10-30,19,MGR076,2026-08-01,Present,09:28,20:00,0,8.5,Yes,Failed,Success,Yes,Evening,0.2,Yes,Earned,5,23,Pending,9.0,7.0,7.1,138116,5446,9059,134503,51,50,52,5,69,Python,85,85,Positive,No,82,21,High,None,Compliance,2026-10-30,3
EMP00582,Employee_582,37,Male,Marketing,Engineer,Master,Bangalore,2018-11-15,11,MGR025,2026-08-01,Present,09:11,18:10,0,7.7,Yes,Verified,Success,Yes,Morning,3.8,No,Sick,9,11,Approved,6.3,7.5,3.4,106224,1067,4579,102712,71,58,71,3,4,Excel,51,77,Negative,No,80,71,Medium,Late,Compliance,2026-11-15,4
EMP00583,Employee_583,22,Female,Marketing,Coordinator,MCA,Chennai,2020-02-29,7,MGR016,2026-08-01,Present,09:50,19:48,0,7.8,Yes,Verified,Failed,Yes,Morning,2.6,No,Sick,5,24,Rejected,7.2,7.6,5.7,42335,237,8804,33768,89,48,53,5,15,Power BI,31,71,Neutral,No,35,9,Medium,Performance,Payroll,2026-02-28,10
EMP00584,Employee_584,32,Female,Operations,Analyst,MCA,Bangalore,2022-03-03,14,MGR044,2026-08-01,Present,09:50,18:37,0,7.4,Yes,Verified,Success,Yes,Morning,4.4,Yes,None,5,15,Pending,6.7,5.6,7.7,143805,487,6290,138002,67,70,70,2,19,HRMS,32,64,Positive,No,28,89,Low,Performance,None,2026-03-03,8
EMP00585,Employee_585,24,Male,IT,Coordinator,Bachelor,Bhubaneswar,2020-07-25,11,MGR030,2026-08-01,Absent,08:22,18:20,0,7.3,Yes,Verified,Failed,Yes,Morning,5.7,Yes,None,17,9,Approved,8.0,4.2,7.1,66340,4503,4431,66412,81,98,87,4,59,Power BI,33,69,Negative,No,26,47,High,Leave,Compliance,2026-07-25,3
EMP00586,Employee_586,28,Male,Operations,Analyst,MBA,Delhi,2019-01-18,15,MGR064,2026-08-01,Present,10:31,20:24,77,9.5,Yes,Verified,Success,Yes,Morning,3.1,Yes,Earned,7,11,Approved,7.1,6.5,2.3,107350,10529,8842,109037,71,69,95,4,69,Java,55,57,Positive,No,76,42,High,Leave,Compliance,2026-01-18,12
EMP00587,Employee_587,22,Female,Sales,Executive,Master,Chennai,2024-01-27,18,MGR022,2026-08-01,Present,09:59,18:55,0,9.3,Yes,Verified,Failed,Yes,Evening,4.7,Yes,Earned,13,5,Rejected,6.5,4.7,4.1,42691,13255,2816,53130,98,46,84,5,23,AWS,93,90,Negative,No,91,51,Low,Leave,Attrition,2026-01-27,3
EMP00588,Employee_588,26,Male,Support,Engineer,Master,Hyderabad,2024-03-12,2,MGR037,2026-08-01,Present,09:11,20:00,0,9.4,Yes,Failed,Failed,Yes,Night,2.7,No,Earned,6,5,Rejected,7.3,4.5,4.4,140449,5907,208,146148,66,98,71,4,6,AWS,55,52,Positive,No,18,61,Medium,None,None,2026-03-12,12
EMP00589,Employee_589,32,Male,IT,Manager,B.Tech,Bhubaneswar,2020-08-06,2,MGR076,2026-08-01,Present,10:54,18:44,62,7.1,Yes,Verified,Failed,Yes,Morning,6.2,No,Earned,18,21,Approved,7.0,5.1,2.7,57192,12148,3289,66051,93,87,76,3,7,SAP,55,95,Positive,No,60,36,Low,Leave,None,2026-08-06,1
EMP00590,Employee_590,48,Male,Sales,Executive,Master,Bangalore,2024-06-02,3,MGR027,2026-08-01,WFH,09:56,18:50,0,8.2,Yes,Verified,Failed,Yes,Night,4.0,No,Sick,7,22,Approved,8.9,5.2,7.6,47736,6549,4446,49839,95,46,74,5,44,Java,36,47,Negative,No,35,58,Low,Performance,Attrition,2026-06-02,11
EMP00591,Employee_591,59,Female,IT,Specialist,Bachelor,Hyderabad,2022-05-10,13,MGR009,2026-08-01,Present,10:54,19:06,71,8.5,Yes,Verified,Success,Yes,Morning,0.9,No,Casual,1,5,Pending,8.1,4.2,3.0,137545,6829,4112,140262,85,54,78,5,39,Java,98,57,Positive,No,73,21,Low,Leave,Payroll,2026-05-10,7
EMP00592,Employee_592,57,Male,IT,Manager,MBA,Delhi,2021-10-05,11,MGR029,2026-08-01,Present,09:48,18:26,0,8.7,Yes,Verified,Success,Yes,Night,3.3,No,Casual,16,6,Rejected,7.3,6.8,2.4,100051,8373,7350,101074,50,40,88,5,43,Excel,64,95,Neutral,No,90,40,Medium,Leave,Compliance,2026-10-05,2
EMP00593,Employee_593,35,Female,Marketing,Analyst,MBA,Chennai,2022-05-20,13,MGR007,2026-08-01,Present,09:54,20:40,0,8.2,Yes,Verified,Success,Yes,Morning,3.3,No,Sick,19,8,Approved,7.4,5.6,4.3,134475,1065,9528,126012,84,88,78,2,44,HRMS,32,97,Neutral,No,69,16,High,Performance,Compliance,2026-05-20,7
EMP00594,Employee_594,44,Male,HR,Engineer,B.Tech,Pune,2024-03-16,5,MGR074,2026-08-01,Present,08:00,20:19,0,8.0,Yes,Failed,Success,Yes,Night,6.5,No,None,11,9,Approved,7.1,7.0,4.6,140640,2855,8510,134985,71,97,52,4,29,Excel,56,57,Neutral,No,85,65,Low,Late,None,2026-03-16,7
EMP00595,Employee_595,29,Male,Operations,Engineer,B.Tech,Pune,2023-06-02,15,MGR074,2026-08-01,Present,09:49,18:39,0,7.0,Yes,Failed,Success,Yes,Night,2.8,No,Sick,12,6,Rejected,8.3,6.7,6.9,116860,3940,8978,111822,52,64,80,5,26,HRMS,26,59,Negative,No,31,89,High,Performance,Attrition,2026-06-02,1
EMP00596,Employee_596,28,Female,HR,Manager,MCA,Pune,2021-07-13,2,MGR070,2026-08-01,Absent,09:43,20:28,0,7.1,Yes,Verified,Success,Yes,Morning,2.6,Yes,None,0,12,Approved,7.7,7.8,7.4,99842,4523,2277,102088,50,70,62,4,74,Power BI,98,93,Negative,No,88,10,High,Late,Attrition,2026-07-13,2
EMP00597,Employee_597,21,Female,Support,Manager,MCA,Hyderabad,2024-04-20,5,MGR052,2026-08-01,Present,09:10,18:13,0,9.2,Yes,Failed,Failed,Yes,Night,1.5,Yes,None,6,21,Approved,8.9,5.2,7.9,85771,2963,7496,81238,88,84,51,3,14,Java,45,89,Negative,No,88,53,Medium,None,Attrition,2026-04-20,10
EMP00598,Employee_598,33,Male,Finance,Manager,MCA,Delhi,2020-01-06,5,MGR035,2026-08-01,Present,08:58,20:47,0,9.3,Yes,Failed,Success,Yes,Morning,3.9,Yes,None,19,14,Rejected,7.6,5.7,5.0,132416,17649,7195,142870,50,64,90,4,48,Java,84,54,Negative,No,24,43,High,None,None,2026-01-06,7
EMP00599,Employee_599,23,Male,Sales,Analyst,MCA,Bangalore,2020-10-31,13,MGR039,2026-08-01,Present,10:56,18:13,64,7.1,Yes,Failed,Failed,Yes,Morning,5.4,Yes,Earned,2,5,Pending,6.5,4.7,7.7,25193,6544,7352,24385,85,51,91,4,37,Java,67,60,Positive,No,94,2,Medium,Late,Payroll,2026-10-31,10
EMP00600,Employee_600,55,Male,Sales,Specialist,Bachelor,Chennai,2020-01-24,19,MGR050,2026-08-01,Absent,09:10,19:25,0,8.2,Yes,Verified,Failed,Yes,Morning,1.3,Yes,None,20,7,Rejected,6.4,4.2,6.5,36641,2466,6864,32243,61,99,76,4,24,Java,35,57,Positive,No,51,76,Medium,Late,Payroll,2026-01-24,6
EMP00601,Employee_601,31,Female,IT,Executive,MCA,Bhubaneswar,2023-11-08,18,MGR012,2026-08-01,WFH,09:09,18:29,0,8.1,Yes,Verified,Success,Yes,Night,3.7,No,Earned,0,12,Rejected,6.2,6.4,5.9,131234,4672,4886,131020,78,40,58,4,37,Excel,48,60,Positive,No,49,5,Medium,Leave,Compliance,2026-11-08,12
EMP00602,Employee_602,44,Female,Operations,Analyst,Master,Pune,2022-10-07,8,MGR066,2026-08-01,Present,09:07,19:55,0,9.2,Yes,Verified,Success,Yes,Morning,2.5,No,Sick,16,30,Rejected,7.2,4.6,3.2,116738,17458,7202,126994,58,54,77,2,4,HRMS,51,91,Neutral,No,87,99,High,Performance,Payroll,2026-10-07,10
EMP00603,Employee_603,32,Female,IT,Engineer,B.Tech,Delhi,2018-10-29,19,MGR017,2026-08-01,Present,09:26,19:04,0,9.9,Yes,Failed,Failed,Yes,Evening,1.8,Yes,Casual,15,28,Pending,7.1,7.9,7.5,42680,1654,4203,40131,88,82,59,3,75,Excel,27,60,Negative,No,71,51,High,Performance,Attrition,2026-10-29,8
EMP00604,Employee_604,37,Male,HR,Specialist,MBA,Delhi,2020-02-07,7,MGR013,2026-08-01,Present,09:38,20:47,0,7.6,Yes,Failed,Success,Yes,Morning,4.2,Yes,Earned,13,0,Approved,6.0,4.3,3.8,64466,3978,4047,64397,91,82,94,2,59,HRMS,18,93,Negative,No,18,39,High,Late,None,2026-02-07,5
EMP00605,Employee_605,51,Male,HR,Specialist,MCA,Delhi,2024-04-29,13,MGR042,2026-08-01,Present,08:24,19:10,0,9.2,Yes,Failed,Failed,Yes,Morning,3.2,No,None,6,10,Rejected,8.9,6.6,2.3,67126,4990,8905,63211,61,54,71,5,29,Python,72,99,Neutral,No,64,54,High,None,Payroll,2026-04-29,9
EMP00606,Employee_606,55,Male,HR,Analyst,B.Tech,Chennai,2022-06-30,11,MGR032,2026-08-01,Present,09:00,19:39,0,8.2,Yes,Verified,Failed,Yes,Evening,4.0,No,Earned,18,4,Rejected,8.7,6.6,6.6,110070,12124,6591,115603,50,59,65,2,39,SAP,32,47,Negative,No,30,40,Low,None,Compliance,2026-06-30,8
EMP00607,Employee_607,52,Female,HR,Engineer,B.Tech,Bhubaneswar,2021-07-17,18,MGR023,2026-08-01,WFH,09:09,20:21,0,9.5,Yes,Failed,Failed,Yes,Night,3.5,Yes,Casual,15,16,Pending,6.6,5.8,3.1,50749,5556,1200,55105,96,51,68,5,39,Java,57,58,Negative,No,87,0,Medium,Performance,Attrition,2026-07-17,1
EMP00608,Employee_608,51,Female,Finance,Analyst,MCA,Bhubaneswar,2022-12-24,15,MGR005,2026-08-01,WFH,10:44,20:54,73,9.3,Yes,Verified,Success,Yes,Evening,3.4,Yes,Casual,4,27,Rejected,7.8,4.3,4.1,66315,2152,84,68383,62,56,52,3,77,SQL,71,90,Neutral,No,75,0,Medium,Leave,None,2026-12-24,12
EMP00609,Employee_609,59,Male,Sales,Analyst,B.Tech,Pune,2019-01-26,0,MGR007,2026-08-01,Present,09:37,18:57,0,9.5,Yes,Verified,Failed,Yes,Evening,4.7,No,Sick,8,3,Rejected,6.8,4.1,6.6,112697,11984,4077,120604,88,99,100,5,69,Power BI,22,45,Negative,No,13,87,Low,Performance,Attrition,2026-01-26,3
EMP00610,Employee_610,46,Female,Operations,Coordinator,Bachelor,Chennai,2018-06-13,14,MGR069,2026-08-01,Present,09:09,19:20,0,7.5,Yes,Failed,Success,Yes,Morning,1.7,No,Sick,16,22,Pending,8.1,4.8,3.2,144975,17825,9087,153713,65,61,96,4,53,Power BI,25,43,Positive,No,87,59,Medium,Leave,None,2026-06-13,9
EMP00611,Employee_611,51,Male,Marketing,Engineer,Bachelor,Chennai,2023-09-09,3,MGR077,2026-08-01,Present,08:05,20:53,0,9.2,Yes,Failed,Failed,Yes,Evening,3.3,Yes,None,15,2,Approved,8.0,7.6,6.9,91268,19828,9148,101948,74,46,56,2,42,Java,70,61,Negative,No,16,43,Low,Performance,Compliance,2026-09-09,3
EMP00612,Employee_612,31,Male,HR,Manager,Master,Delhi,2019-05-04,15,MGR001,2026-08-01,Present,08:17,19:45,0,7.8,Yes,Verified,Failed,Yes,Night,0.0,Yes,Casual,19,29,Rejected,8.7,4.3,6.5,29239,9675,7451,31463,68,64,97,5,9,AWS,93,55,Negative,No,44,53,Medium,Performance,Attrition,2026-05-04,3
EMP00613,Employee_613,35,Male,IT,Coordinator,B.Tech,Bhubaneswar,2022-07-27,17,MGR039,2026-08-01,Present,09:23,19:52,0,8.7,Yes,Verified,Success,Yes,Morning,3.0,No,Earned,18,1,Pending,8.8,4.2,3.4,145959,90,5952,140097,75,65,65,5,55,Python,47,42,Positive,No,77,82,Low,Performance,Payroll,2026-07-27,1
EMP00614,Employee_614,28,Male,HR,Coordinator,Master,Chennai,2024-02-11,0,MGR019,2026-08-01,Present,10:01,20:16,63,8.0,Yes,Failed,Success,Yes,Evening,6.1,No,Earned,0,22,Rejected,7.1,7.4,5.4,101892,1435,9705,93622,61,65,52,3,6,HRMS,5,48,Neutral,No,54,63,Medium,Leave,Payroll,2026-02-11,5
EMP00615,Employee_615,35,Male,HR,Specialist,Bachelor,Chennai,2024-08-15,17,MGR016,2026-08-01,Present,09:38,19:22,0,8.9,Yes,Failed,Success,Yes,Evening,4.6,No,Sick,17,12,Pending,6.5,4.7,6.8,115896,9349,5396,119849,73,49,57,4,63,SAP,6,60,Negative,No,62,48,Low,Late,Attrition,2026-08-15,2
EMP00616,Employee_616,39,Female,Support,Coordinator,Master,Pune,2022-09-17,12,MGR003,2026-08-01,Present,09:22,18:23,0,8.5,Yes,Verified,Success,Yes,Evening,3.4,Yes,None,9,2,Pending,6.7,6.9,7.7,28995,14668,171,43492,77,71,56,5,40,HRMS,6,62,Negative,No,66,73,Low,Leave,Compliance,2026-09-17,3
EMP00617,Employee_617,24,Female,Finance,Coordinator,MBA,Bangalore,2020-11-13,3,MGR041,2026-08-01,Present,09:58,19:37,0,7.2,Yes,Failed,Success,Yes,Morning,4.3,Yes,Earned,10,13,Rejected,8.8,7.4,4.4,82978,18584,4347,97215,63,67,71,4,49,SQL,70,55,Positive,No,51,91,High,Performance,Payroll,2026-11-13,11
EMP00618,Employee_618,32,Male,Operations,Coordinator,B.Tech,Pune,2024-04-10,2,MGR070,2026-08-01,Present,09:54,18:51,0,8.9,Yes,Failed,Success,Yes,Morning,3.7,Yes,Sick,12,13,Pending,6.7,4.8,6.9,74054,15358,805,88607,94,85,88,2,61,Excel,100,83,Positive,No,36,72,Medium,Leave,Payroll,2026-04-10,1
EMP00619,Employee_619,37,Male,Sales,Executive,Master,Delhi,2020-02-02,5,MGR029,2026-08-01,Present,10:55,19:41,64,7.4,Yes,Verified,Success,Yes,Night,1.5,Yes,None,12,18,Approved,6.8,8.0,2.4,74291,19455,3061,90685,89,52,64,5,22,Java,37,48,Positive,No,48,63,High,None,Compliance,2026-02-02,10
EMP00620,Employee_620,38,Female,IT,Executive,Bachelor,Pune,2018-02-07,10,MGR056,2026-08-01,Present,09:38,20:04,0,7.6,Yes,Verified,Success,Yes,Morning,6.1,Yes,Earned,10,25,Pending,9.0,4.9,2.9,137986,2755,5378,135363,99,88,77,4,80,Power BI,16,71,Neutral,No,69,59,Low,Late,None,2026-02-07,7
EMP00621,Employee_621,34,Female,HR,Engineer,B.Tech,Bhubaneswar,2023-09-05,10,MGR079,2026-08-01,Present,08:39,20:50,0,7.9,Yes,Failed,Success,Yes,Morning,4.9,Yes,Earned,9,25,Rejected,6.9,4.2,7.4,28706,14514,56,43164,67,41,93,5,55,SAP,100,88,Neutral,No,74,21,Medium,Performance,Attrition,2026-09-05,3
EMP00622,Employee_622,46,Male,Support,Specialist,MBA,Chennai,2022-03-01,12,MGR034,2026-08-01,WFH,10:46,18:18,60,8.7,Yes,Verified,Success,Yes,Night,2.4,No,Casual,13,3,Rejected,8.8,7.9,6.2,26807,1311,4015,24103,86,83,81,3,73,Java,76,90,Positive,No,42,76,High,Performance,None,2026-03-01,10
EMP00623,Employee_623,39,Male,IT,Engineer,Master,Delhi,2021-07-14,8,MGR049,2026-08-01,Present,09:06,18:45,0,8.6,Yes,Failed,Failed,Yes,Night,4.6,Yes,None,6,10,Rejected,6.9,7.7,3.4,132943,13662,7151,139454,51,40,94,3,9,Power BI,87,68,Neutral,No,30,17,Low,Leave,Attrition,2026-07-14,5
EMP00624,Employee_624,52,Male,Support,Specialist,MCA,Delhi,2019-12-09,4,MGR017,2026-08-01,Present,09:33,20:34,0,8.9,Yes,Verified,Success,Yes,Night,3.1,No,None,10,12,Rejected,6.1,6.8,7.9,118733,15109,8257,125585,62,84,96,5,32,AWS,51,59,Neutral,No,83,76,High,Leave,Attrition,2026-12-09,1
EMP00625,Employee_625,21,Female,IT,Engineer,B.Tech,Bhubaneswar,2021-08-22,1,MGR070,2026-08-01,Present,10:56,18:26,73,7.3,Yes,Verified,Success,Yes,Morning,1.9,Yes,Earned,18,10,Pending,8.7,6.9,6.1,50270,17746,3955,64061,76,100,67,5,42,SAP,85,99,Negative,No,61,41,Medium,Leave,Attrition,2026-08-22,6
EMP00626,Employee_626,21,Male,Sales,Specialist,B.Tech,Hyderabad,2019-02-14,16,MGR054,2026-08-01,Present,09:54,18:18,0,9.0,Yes,Verified,Success,Yes,Evening,0.4,No,Sick,8,8,Pending,6.3,4.7,3.5,81485,8998,93,90390,69,56,54,5,65,SAP,37,40,Positive,No,35,25,High,Performance,Attrition,2026-02-14,1
EMP00627,Employee_627,47,Male,HR,Specialist,MBA,Hyderabad,2023-10-01,4,MGR028,2026-08-01,Present,09:26,18:11,0,7.1,Yes,Failed,Success,Yes,Night,4.9,Yes,Casual,1,0,Rejected,8.3,5.1,2.4,84327,651,4016,80962,67,82,87,2,1,HRMS,81,44,Negative,No,70,76,Medium,Performance,Compliance,2026-10-01,5
EMP00628,Employee_628,45,Female,Marketing,Analyst,MBA,Hyderabad,2021-10-10,1,MGR060,2026-08-01,Present,09:48,19:48,0,9.1,Yes,Verified,Failed,Yes,Morning,0.0,No,Earned,17,20,Rejected,8.9,6.3,6.1,39354,6872,5940,40286,71,77,90,4,70,Python,17,82,Neutral,No,10,21,High,Leave,Payroll,2026-10-10,3
EMP00629,Employee_629,60,Male,Sales,Engineer,MBA,Bangalore,2018-07-01,1,MGR030,2026-08-01,Present,09:47,19:42,0,8.4,Yes,Verified,Failed,Yes,Evening,4.8,No,Sick,16,19,Pending,8.9,4.5,3.9,68532,17058,4593,80997,82,97,77,3,34,Power BI,25,40,Negative,No,76,96,High,Late,Payroll,2026-07-01,11
EMP00630,Employee_630,31,Male,Operations,Engineer,Master,Pune,2023-10-31,0,MGR047,2026-08-01,Present,09:24,20:39,0,9.3,Yes,Verified,Success,Yes,Evening,2.6,No,Sick,16,29,Rejected,6.6,7.4,4.7,38896,18695,6885,50706,94,40,74,4,51,Power BI,75,53,Negative,No,92,87,Low,Leave,None,2026-10-31,9
EMP00631,Employee_631,57,Female,Sales,Specialist,MCA,Delhi,2019-01-05,0,MGR054,2026-08-01,Absent,09:15,18:29,0,9.2,Yes,Verified,Failed,Yes,Evening,1.9,Yes,Earned,4,19,Rejected,8.8,4.1,2.9,132915,11855,5568,139202,60,54,80,5,73,Python,4,85,Neutral,No,50,34,High,Performance,None,2026-01-05,11
EMP00632,Employee_632,25,Female,Sales,Executive,MBA,Hyderabad,2024-03-11,6,MGR076,2026-08-01,Present,09:52,20:34,0,8.9,Yes,Verified,Success,Yes,Night,2.7,Yes,Earned,14,16,Approved,7.1,4.3,5.0,101142,10582,4251,107473,53,75,87,5,38,AWS,65,78,Negative,No,90,49,Low,Performance,Compliance,2026-03-11,9
EMP00633,Employee_633,26,Male,IT,Specialist,B.Tech,Chennai,2020-12-15,3,MGR024,2026-08-01,Present,10:40,20:38,76,7.1,Yes,Verified,Failed,Yes,Morning,1.7,Yes,Casual,0,29,Rejected,7.9,6.2,5.9,27214,15695,6530,36379,91,90,98,3,12,Power BI,3,81,Neutral,No,10,51,Medium,None,None,2026-12-15,1
EMP00634,Employee_634,56,Male,Sales,Specialist,MCA,Bangalore,2023-02-06,7,MGR036,2026-08-01,Absent,10:32,20:59,64,9.5,Yes,Failed,Success,Yes,Night,3.5,No,None,7,7,Rejected,6.9,5.7,4.0,127149,4808,9658,122299,82,79,76,5,66,Excel,24,61,Neutral,No,67,1,Medium,Performance,Compliance,2026-02-06,12
EMP00635,Employee_635,23,Female,Sales,Coordinator,Bachelor,Hyderabad,2019-02-20,4,MGR012,2026-08-01,Present,09:39,20:43,0,9.6,Yes,Verified,Failed,Yes,Evening,4.6,No,Sick,6,1,Pending,7.1,6.0,3.3,67323,10789,5574,72538,54,59,54,2,39,SAP,6,81,Negative,No,23,96,Low,Late,Payroll,2026-02-20,1
EMP00636,Employee_636,55,Male,Operations,Analyst,MCA,Chennai,2020-03-23,14,MGR058,2026-08-01,Present,09:34,18:55,0,9.6,Yes,Verified,Failed,Yes,Evening,0.5,No,Sick,17,13,Rejected,6.9,5.6,4.8,39920,10626,6447,44099,68,41,98,5,29,HRMS,92,94,Neutral,No,48,2,Low,Performance,Compliance,2026-03-23,3
EMP00637,Employee_637,44,Female,Operations,Engineer,MCA,Chennai,2021-07-31,4,MGR057,2026-08-01,Present,09:32,19:35,0,9.3,Yes,Verified,Failed,Yes,Morning,3.5,Yes,None,6,10,Rejected,7.1,6.8,3.8,71539,19080,8162,82457,60,92,64,2,29,Power BI,38,45,Neutral,No,57,8,High,Leave,Payroll,2026-07-31,9
EMP00638,Employee_638,45,Female,Operations,Manager,B.Tech,Bangalore,2020-10-10,3,MGR045,2026-08-01,Present,10:36,19:34,73,7.9,Yes,Verified,Failed,Yes,Evening,5.3,No,None,12,13,Approved,7.3,5.3,7.7,149090,15288,3396,160982,60,44,82,2,12,HRMS,72,75,Positive,Yes,92,36,Low,Late,Payroll,2026-10-10,5
EMP00639,Employee_639,52,Female,Finance,Analyst,Master,Delhi,2023-05-19,4,MGR069,2026-08-01,Present,09:42,20:15,0,9.9,Yes,Verified,Success,Yes,Evening,2.8,No,None,18,18,Rejected,7.9,5.5,6.9,132124,18430,3332,147222,57,75,62,4,53,HRMS,57,69,Positive,No,86,95,Medium,Performance,Attrition,2026-05-19,7
EMP00640,Employee_640,38,Male,Support,Analyst,Master,Bangalore,2018-11-16,4,MGR029,2026-08-01,Present,08:37,20:02,0,7.2,Yes,Verified,Failed,Yes,Evening,2.3,No,Casual,4,28,Pending,7.5,6.5,2.1,122859,12915,3940,131834,80,95,78,4,78,SQL,41,49,Negative,No,48,35,Medium,None,Payroll,2026-11-16,5
EMP00641,Employee_641,44,Female,Finance,Engineer,B.Tech,Bhubaneswar,2018-04-21,3,MGR071,2026-08-01,Present,10:31,18:24,65,7.7,Yes,Failed,Failed,Yes,Evening,3.8,No,Sick,11,11,Rejected,8.3,6.6,4.9,85020,9962,6479,88503,78,64,66,2,11,Java,77,42,Positive,No,37,70,Medium,None,Compliance,2026-04-21,12
EMP00642,Employee_642,37,Female,Sales,Engineer,Master,Delhi,2021-10-02,17,MGR030,2026-08-01,Present,09:19,19:48,0,7.7,Yes,Verified,Success,Yes,Evening,6.4,No,Sick,2,12,Rejected,8.2,4.3,6.1,134018,8882,4727,138173,68,77,62,3,19,AWS,11,47,Neutral,No,85,58,High,Performance,Payroll,2026-10-02,4
EMP00643,Employee_643,52,Female,Sales,Analyst,MCA,Bangalore,2018-09-18,1,MGR068,2026-08-01,Present,09:32,18:03,0,7.3,Yes,Failed,Failed,Yes,Evening,3.2,Yes,None,0,9,Approved,7.7,5.3,7.6,62409,7990,7222,63177,66,54,77,4,61,HRMS,21,80,Positive,No,11,62,High,None,Attrition,2026-09-18,2
EMP00644,Employee_644,42,Female,Support,Analyst,B.Tech,Chennai,2018-07-05,17,MGR001,2026-08-01,Present,10:27,20:42,72,7.6,Yes,Failed,Success,Yes,Evening,2.8,No,Casual,20,22,Rejected,6.6,5.6,2.3,80475,9869,2111,88233,62,43,61,4,64,HRMS,42,81,Negative,No,52,89,Low,Leave,Compliance,2026-07-05,3
EMP00645,Employee_645,27,Female,HR,Manager,MBA,Chennai,2021-03-26,18,MGR073,2026-08-01,Present,08:06,19:27,0,9.7,Yes,Verified,Failed,Yes,Night,5.9,Yes,Casual,0,4,Approved,6.8,4.1,3.9,78589,15741,600,93730,87,48,61,5,22,Python,47,64,Positive,No,93,3,Low,None,None,2026-03-26,2
EMP00646,Employee_646,27,Male,IT,Coordinator,Master,Hyderabad,2020-04-30,5,MGR067,2026-08-01,Present,09:07,18:10,0,7.7,Yes,Failed,Success,Yes,Evening,5.0,No,Sick,17,10,Approved,6.6,4.7,4.4,52403,7327,9435,50295,99,91,69,4,78,SAP,54,90,Positive,No,32,33,High,Performance,Attrition,2026-04-30,4
EMP00647,Employee_647,51,Male,Finance,Coordinator,MCA,Delhi,2021-01-01,20,MGR047,2026-08-01,Present,09:30,18:22,0,8.2,Yes,Verified,Success,Yes,Night,2.9,Yes,Earned,18,30,Pending,7.1,5.3,7.1,57442,14328,7435,64335,67,71,98,4,49,Power BI,47,90,Positive,No,91,65,Low,Performance,Attrition,2026-01-01,5
EMP00648,Employee_648,58,Female,IT,Manager,B.Tech,Hyderabad,2019-03-08,12,MGR056,2026-08-01,Present,09:42,18:21,0,7.6,Yes,Failed,Failed,Yes,Night,0.0,No,Casual,15,24,Rejected,8.6,6.3,7.3,53727,8166,6624,55269,97,55,59,4,37,Excel,90,88,Neutral,No,73,75,Low,Leave,None,2026-03-08,6
EMP00649,Employee_649,35,Female,Finance,Engineer,MBA,Pune,2023-04-29,17,MGR043,2026-08-01,Present,08:27,18:42,0,8.7,Yes,Verified,Success,Yes,Evening,4.2,Yes,Sick,20,18,Pending,7.8,4.9,5.7,149636,6439,8962,147113,98,74,100,5,9,HRMS,12,62,Positive,No,74,10,Low,Performance,Compliance,2026-04-29,12
EMP00650,Employee_650,51,Male,Sales,Analyst,B.Tech,Chennai,2023-03-07,5,MGR001,2026-08-01,WFH,08:17,20:39,0,8.3,Yes,Verified,Failed,Yes,Night,4.8,Yes,Casual,0,12,Rejected,6.8,4.8,2.8,28030,16289,3411,40908,57,58,75,3,25,Java,100,89,Neutral,No,60,23,Medium,Leave,Compliance,2026-03-07,12
EMP00651,Employee_651,27,Female,IT,Coordinator,MCA,Delhi,2024-06-26,20,MGR039,2026-08-01,Present,09:25,20:16,0,8.5,Yes,Failed,Success,Yes,Night,0.6,Yes,Casual,11,20,Pending,8.1,5.5,3.8,51884,6267,9795,48356,79,45,89,5,52,SAP,86,41,Neutral,No,80,28,Low,Leave,Compliance,2026-06-26,10
EMP00652,Employee_652,57,Male,HR,Executive,Master,Delhi,2019-03-31,19,MGR035,2026-08-01,Present,08:02,18:12,0,7.7,Yes,Verified,Success,Yes,Morning,5.0,No,Earned,3,26,Pending,8.0,4.8,6.1,39081,5564,5732,38913,84,90,56,5,36,Python,72,74,Negative,No,43,11,High,None,None,2026-03-31,7
EMP00653,Employee_653,58,Male,Support,Analyst,Bachelor,Hyderabad,2023-07-15,20,MGR021,2026-08-01,Absent,10:02,18:33,66,8.7,Yes,Verified,Success,Yes,Morning,9.2,No,None,17,23,Approved,8.6,6.4,3.5,38596,13122,170,51548,59,47,99,2,25,Java,64,97,Negative,No,52,38,High,Leave,Compliance,2026-07-15,1
EMP00654,Employee_654,57,Male,Sales,Specialist,Bachelor,Bangalore,2020-05-08,17,MGR049,2026-08-01,Present,09:20,19:06,0,9.6,Yes,Verified,Success,Yes,Morning,4.5,Yes,Casual,6,25,Rejected,6.3,6.7,7.6,80766,2011,7832,74945,51,48,69,2,59,Python,20,99,Negative,No,81,83,Low,Leave,None,2026-05-08,2
EMP00655,Employee_655,34,Female,Sales,Specialist,MBA,Pune,2019-06-27,12,MGR038,2026-08-01,Absent,10:12,20:04,74,7.7,Yes,Verified,Success,Yes,Night,4.0,No,Sick,4,19,Approved,8.0,5.5,6.7,147406,2460,9954,139912,68,50,65,5,19,SQL,44,58,Positive,No,19,90,Low,None,Payroll,2026-06-27,4
EMP00656,Employee_656,25,Female,Marketing,Manager,MBA,Hyderabad,2021-09-19,5,MGR042,2026-08-01,Present,08:41,19:47,0,7.9,Yes,Verified,Success,Yes,Morning,1.6,No,Sick,13,15,Rejected,8.4,7.7,4.8,111755,6079,6365,111469,84,78,95,5,78,Java,66,73,Neutral,No,64,49,High,Leave,Compliance,2026-09-19,1
EMP00657,Employee_657,34,Female,Finance,Specialist,MBA,Bangalore,2018-05-06,5,MGR058,2026-08-01,Present,09:05,19:09,0,8.2,Yes,Verified,Failed,Yes,Evening,7.8,No,Sick,10,0,Pending,7.1,4.0,2.1,84168,11398,6584,88982,52,45,68,5,35,SQL,28,40,Neutral,No,75,82,Medium,Late,Payroll,2026-05-06,1
EMP00658,Employee_658,55,Male,Operations,Manager,Bachelor,Pune,2023-09-28,4,MGR069,2026-08-01,Present,09:30,19:10,0,7.6,Yes,Failed,Success,Yes,Morning,6.8,No,Casual,3,4,Approved,6.4,4.6,3.0,25449,13495,6703,32241,59,58,50,2,68,Java,60,60,Positive,No,77,24,Medium,Leave,None,2026-09-28,1
EMP00659,Employee_659,44,Male,Operations,Analyst,Master,Hyderabad,2021-01-22,0,MGR041,2026-08-01,Present,08:49,19:59,0,7.4,Yes,Failed,Failed,Yes,Night,6.2,Yes,None,8,25,Pending,6.9,6.6,7.6,104343,3795,3738,104400,73,71,85,5,5,SAP,67,55,Positive,No,26,69,Low,None,None,2026-01-22,5
EMP00660,Employee_660,29,Male,Operations,Manager,MBA,Pune,2019-02-24,17,MGR053,2026-08-01,Present,10:18,20:56,69,8.9,Yes,Failed,Success,Yes,Morning,3.8,Yes,Casual,10,0,Pending,6.7,5.4,7.9,64489,2529,5454,61564,85,81,95,3,3,Excel,59,75,Negative,No,24,85,Low,None,Compliance,2026-02-24,11
EMP00661,Employee_661,43,Female,Support,Manager,MCA,Delhi,2022-12-27,9,MGR003,2026-08-01,Present,09:17,18:36,0,9.7,Yes,Verified,Success,Yes,Night,6.9,No,None,12,22,Pending,7.1,4.6,5.6,66803,10876,9052,68627,84,67,50,2,48,SQL,93,43,Neutral,Yes,52,53,Medium,Late,Compliance,2026-12-27,8
EMP00662,Employee_662,30,Female,Sales,Analyst,Master,Pune,2021-01-24,17,MGR009,2026-08-01,Present,09:57,20:03,0,7.4,Yes,Verified,Failed,Yes,Morning,1.2,No,Casual,14,15,Rejected,7.2,6.5,5.8,35878,13076,5215,43739,75,58,67,2,38,SAP,99,93,Neutral,No,33,41,Low,Leave,Compliance,2026-01-24,4
EMP00663,Employee_663,29,Female,HR,Coordinator,MBA,Hyderabad,2019-07-31,7,MGR051,2026-08-01,Present,09:20,20:21,0,7.9,Yes,Verified,Failed,Yes,Morning,3.8,No,Casual,0,26,Pending,7.7,5.5,3.0,60901,2621,7444,56078,60,63,78,2,7,Excel,97,53,Positive,No,94,18,High,Leave,Payroll,2026-07-31,6
EMP00664,Employee_664,54,Female,IT,Analyst,MBA,Bhubaneswar,2020-01-13,4,MGR078,2026-08-01,Present,09:11,20:39,0,8.8,Yes,Verified,Success,Yes,Morning,4.5,No,Sick,2,30,Approved,7.8,7.3,2.2,108890,17623,2282,124231,55,66,79,4,69,Power BI,15,62,Negative,No,40,75,Low,Performance,Attrition,2026-01-13,10
EMP00665,Employee_665,28,Male,Marketing,Engineer,MCA,Bhubaneswar,2020-05-09,9,MGR069,2026-08-01,Present,09:52,19:00,0,7.6,Yes,Verified,Success,Yes,Morning,5.4,Yes,None,12,18,Approved,7.9,4.8,5.7,41541,11631,540,52632,81,78,81,3,10,Python,0,43,Negative,No,12,23,High,Leave,Attrition,2026-05-09,2
EMP00666,Employee_666,25,Female,Finance,Specialist,MBA,Bhubaneswar,2022-03-24,14,MGR075,2026-08-01,WFH,09:51,18:14,0,7.0,Yes,Verified,Failed,Yes,Morning,0.1,Yes,Casual,5,2,Pending,8.0,5.9,7.5,74358,9200,8064,75494,84,89,54,4,36,AWS,48,58,Neutral,No,46,31,Medium,None,None,2026-03-24,10
EMP00667,Employee_667,48,Female,Operations,Executive,MBA,Bhubaneswar,2021-04-26,11,MGR023,2026-08-01,Present,09:41,19:04,0,7.4,Yes,Failed,Success,Yes,Night,3.9,Yes,Sick,3,15,Rejected,6.2,6.6,6.8,112828,14790,8174,119444,89,43,59,2,16,Excel,8,83,Positive,No,60,61,High,Performance,None,2026-04-26,7
EMP00668,Employee_668,33,Female,HR,Specialist,MBA,Delhi,2023-05-12,4,MGR010,2026-08-01,Absent,09:24,20:33,0,9.2,Yes,Failed,Failed,Yes,Evening,5.6,No,Casual,6,29,Pending,6.3,5.1,2.9,57253,4439,2476,59216,69,52,51,4,5,Python,95,55,Neutral,No,53,98,Low,Late,Compliance,2026-05-12,12
EMP00669,Employee_669,51,Female,HR,Executive,MCA,Bangalore,2018-10-27,15,MGR053,2026-08-01,Present,09:04,19:57,0,7.6,Yes,Failed,Success,Yes,Morning,4.3,Yes,None,19,24,Pending,8.0,4.1,4.3,74805,6838,2077,79566,72,50,94,5,54,HRMS,37,51,Neutral,No,66,28,Medium,None,Compliance,2026-10-27,8
EMP00670,Employee_670,44,Female,Finance,Executive,MCA,Pune,2020-01-20,13,MGR034,2026-08-01,Present,09:32,19:37,0,8.3,Yes,Verified,Success,Yes,Night,4.7,No,Sick,10,26,Approved,6.1,5.6,2.8,53915,8156,8011,54060,50,66,87,4,16,HRMS,41,64,Negative,No,52,14,Low,None,Attrition,2026-01-20,3
EMP00671,Employee_671,58,Male,Finance,Coordinator,MBA,Bangalore,2023-01-07,2,MGR017,2026-08-01,Present,09:19,19:55,0,9.3,Yes,Verified,Success,Yes,Morning,2.7,Yes,Casual,7,9,Pending,7.4,7.9,6.1,117032,713,7222,110523,94,82,96,4,0,Java,44,71,Negative,No,82,59,Low,Leave,None,2026-01-07,9
EMP00672,Employee_672,29,Male,Finance,Executive,MCA,Chennai,2021-04-08,4,MGR032,2026-08-01,Present,08:41,20:56,0,7.5,Yes,Verified,Failed,Yes,Night,1.8,No,Sick,14,2,Rejected,8.8,6.0,6.6,51687,7542,8678,50551,78,40,75,2,25,HRMS,80,54,Negative,No,27,100,High,Performance,Compliance,2026-04-08,1
EMP00673,Employee_673,39,Female,IT,Executive,MBA,Delhi,2019-04-08,6,MGR027,2026-08-01,WFH,08:13,19:54,0,8.4,Yes,Failed,Success,Yes,Morning,7.1,Yes,Earned,4,15,Rejected,8.2,4.3,3.2,132702,1605,8486,125821,50,94,71,2,32,Java,55,96,Negative,No,27,3,High,Leave,Attrition,2026-04-08,5
EMP00674,Employee_674,26,Male,Finance,Analyst,Bachelor,Bhubaneswar,2024-05-16,3,MGR043,2026-08-01,Present,08:07,19:22,0,9.4,Yes,Failed,Failed,Yes,Night,2.7,Yes,None,3,6,Rejected,8.2,6.3,6.5,44080,8570,6055,46595,97,42,68,3,32,SQL,7,58,Positive,No,44,30,Low,Leave,Attrition,2026-05-16,7
EMP00675,Employee_675,53,Male,Sales,Manager,B.Tech,Hyderabad,2023-09-16,11,MGR065,2026-08-01,Present,09:02,20:40,0,7.0,Yes,Verified,Failed,Yes,Evening,4.2,No,Sick,10,14,Approved,7.5,7.3,5.3,93477,3376,4496,92357,52,45,88,3,4,Power BI,59,90,Negative,No,23,51,High,Late,Attrition,2026-09-16,12
EMP00676,Employee_676,48,Female,HR,Analyst,MCA,Delhi,2019-02-26,15,MGR050,2026-08-01,Present,09:37,20:45,0,8.6,Yes,Failed,Success,Yes,Morning,3.6,No,None,2,15,Approved,8.2,7.5,4.0,72947,16906,6377,83476,84,53,73,2,24,Java,45,81,Negative,No,18,75,Medium,Performance,Payroll,2026-02-26,8
EMP00677,Employee_677,46,Male,HR,Executive,B.Tech,Hyderabad,2019-09-07,17,MGR006,2026-08-01,Present,10:21,20:52,71,7.8,Yes,Verified,Success,Yes,Night,3.1,No,Casual,7,0,Approved,6.0,7.2,4.0,62000,5217,6355,60862,60,97,79,3,22,SAP,96,64,Neutral,No,85,71,High,Late,Payroll,2026-09-07,6
EMP00678,Employee_678,44,Female,Sales,Analyst,Master,Bhubaneswar,2018-10-13,17,MGR060,2026-08-01,Present,09:58,18:34,0,9.7,Yes,Verified,Success,Yes,Night,7.9,Yes,Earned,1,24,Approved,7.7,6.9,3.0,66934,4121,8484,62571,80,90,80,3,60,SAP,95,100,Positive,No,25,97,High,Leave,Compliance,2026-10-13,6
EMP00679,Employee_679,21,Female,HR,Engineer,Bachelor,Bhubaneswar,2019-06-10,4,MGR036,2026-08-01,Present,09:18,20:18,0,8.5,Yes,Failed,Success,Yes,Evening,0.4,No,Earned,6,15,Approved,8.3,7.3,6.7,127266,19744,1007,146003,77,99,57,2,74,SAP,13,64,Neutral,No,88,55,Medium,Performance,Attrition,2026-06-10,8
EMP00680,Employee_680,39,Female,HR,Analyst,MCA,Chennai,2022-07-24,11,MGR020,2026-08-01,Present,09:52,19:08,0,10.0,Yes,Verified,Failed,Yes,Night,0.0,No,Casual,1,24,Pending,7.9,7.8,3.1,93683,7685,3191,98177,55,77,54,5,33,Excel,79,85,Positive,No,68,2,Medium,Leave,Attrition,2026-07-24,11
EMP00681,Employee_681,27,Male,HR,Executive,Master,Pune,2020-09-23,0,MGR004,2026-08-01,Present,09:08,19:22,0,8.7,Yes,Failed,Success,Yes,Night,3.9,No,Earned,15,29,Pending,7.8,7.5,7.5,35828,10772,608,45992,63,54,70,2,36,Excel,45,71,Positive,No,86,23,Low,Leave,Attrition,2026-09-23,8
EMP00682,Employee_682,45,Female,Operations,Engineer,Master,Bhubaneswar,2024-05-24,6,MGR012,2026-08-01,WFH,08:31,20:08,0,9.5,Yes,Verified,Success,Yes,Evening,3.3,Yes,Casual,8,9,Pending,7.6,5.1,7.3,56780,16559,6769,66570,60,86,81,5,16,Java,0,42,Positive,No,94,18,Low,Performance,None,2026-05-24,2
EMP00683,Employee_683,34,Male,Sales,Analyst,B.Tech,Chennai,2021-05-30,6,MGR008,2026-08-01,Absent,09:44,20:12,0,10.0,Yes,Verified,Success,Yes,Night,3.4,Yes,Earned,18,19,Rejected,8.3,7.6,6.9,98331,11072,4584,104819,55,98,53,2,7,Python,75,43,Negative,No,86,75,Low,None,Attrition,2026-05-30,9
EMP00684,Employee_684,42,Female,HR,Manager,MCA,Delhi,2019-04-12,5,MGR080,2026-08-01,Present,08:39,20:14,0,7.1,Yes,Verified,Failed,Yes,Morning,1.3,No,Earned,9,13,Approved,6.7,5.7,3.0,47739,17259,3778,61220,91,41,82,2,10,Power BI,17,83,Negative,No,64,66,Low,Leave,Payroll,2026-04-12,8
EMP00685,Employee_685,43,Male,Operations,Coordinator,Master,Bhubaneswar,2020-11-16,19,MGR056,2026-08-01,Present,09:12,20:28,0,8.9,Yes,Verified,Success,Yes,Morning,5.3,Yes,Sick,7,4,Rejected,7.3,4.9,8.0,133554,2892,595,135851,96,95,72,2,3,SQL,51,91,Neutral,No,64,61,High,None,Attrition,2026-11-16,8
EMP00686,Employee_686,55,Female,HR,Analyst,B.Tech,Chennai,2022-06-19,5,MGR059,2026-08-01,Absent,09:11,20:10,0,7.6,Yes,Verified,Success,Yes,Evening,0.0,Yes,Casual,16,14,Rejected,7.2,7.8,7.9,78630,7739,7085,79284,70,50,61,3,70,Python,59,58,Negative,No,84,30,Medium,None,Compliance,2026-06-19,6
EMP00687,Employee_687,56,Male,Marketing,Manager,MCA,Bhubaneswar,2021-10-30,10,MGR004,2026-08-01,Absent,10:58,20:59,75,7.9,Yes,Verified,Success,Yes,Evening,1.9,No,Earned,10,17,Rejected,6.6,4.3,6.9,74831,9711,408,84134,87,100,72,5,50,AWS,11,74,Negative,No,66,10,High,None,Payroll,2026-10-30,9
EMP00688,Employee_688,59,Male,Finance,Manager,MCA,Chennai,2022-10-22,20,MGR024,2026-08-01,Present,08:28,20:53,0,9.7,Yes,Verified,Failed,Yes,Evening,3.1,Yes,Casual,1,20,Approved,8.3,6.4,2.1,126432,1428,71,127789,56,86,59,4,43,Python,8,81,Negative,No,60,80,Low,Performance,Payroll,2026-10-22,3
EMP00689,Employee_689,33,Female,Marketing,Engineer,Bachelor,Chennai,2024-05-30,17,MGR003,2026-08-01,Present,08:56,18:00,0,9.3,Yes,Verified,Failed,Yes,Morning,0.7,Yes,Casual,11,25,Pending,8.4,7.6,5.9,48744,5310,3720,50334,77,48,66,3,73,SAP,46,55,Neutral,No,91,36,Low,Leave,Attrition,2026-05-30,12
EMP00690,Employee_690,47,Female,Finance,Analyst,B.Tech,Delhi,2019-01-12,15,MGR027,2026-08-01,Present,09:19,19:23,0,7.7,Yes,Verified,Failed,Yes,Morning,4.7,No,Earned,9,20,Pending,8.7,7.9,6.0,148998,19580,6020,162558,76,62,82,5,25,Java,64,52,Neutral,No,81,94,Low,Leave,Attrition,2026-01-12,11
EMP00691,Employee_691,30,Male,Support,Coordinator,B.Tech,Pune,2019-10-18,11,MGR068,2026-08-01,Present,09:59,20:57,0,8.8,Yes,Verified,Success,Yes,Night,3.7,No,Casual,12,21,Rejected,6.8,5.0,7.9,92840,10262,3937,99165,77,78,94,4,43,Python,45,41,Negative,No,49,40,Low,Leave,None,2026-10-18,10
EMP00692,Employee_692,50,Male,Finance,Engineer,MCA,Bangalore,2019-12-18,18,MGR006,2026-08-01,Present,10:28,18:58,68,9.2,Yes,Verified,Failed,Yes,Evening,1.8,No,Sick,12,21,Rejected,8.9,4.0,5.4,46651,268,837,46082,51,44,76,5,17,AWS,71,62,Positive,No,55,4,High,Late,None,2026-12-18,5
EMP00693,Employee_693,25,Male,Sales,Specialist,MBA,Chennai,2021-11-07,7,MGR029,2026-08-01,Present,08:39,19:12,0,7.2,Yes,Failed,Failed,Yes,Morning,0.2,Yes,Casual,3,7,Rejected,7.1,4.1,8.0,52488,11253,3718,60023,60,65,72,4,23,SAP,33,49,Negative,No,65,86,Medium,Late,Payroll,2026-11-07,2
EMP00694,Employee_694,43,Female,Finance,Manager,Bachelor,Hyderabad,2018-07-29,20,MGR056,2026-08-01,WFH,10:51,20:52,71,9.7,Yes,Verified,Failed,Yes,Morning,0.0,No,None,15,2,Pending,8.0,7.7,4.1,94275,6305,9076,91504,72,60,98,3,28,SAP,89,42,Neutral,No,27,60,Low,None,Attrition,2026-07-29,8
EMP00695,Employee_695,44,Female,Operations,Coordinator,Master,Pune,2020-03-29,8,MGR013,2026-08-01,Present,09:27,18:32,0,7.8,Yes,Verified,Failed,Yes,Night,1.2,No,Earned,4,5,Approved,7.8,7.7,4.5,112529,10402,7792,115139,64,45,88,2,55,Excel,2,90,Positive,No,89,76,Medium,None,Attrition,2026-03-29,12
EMP00696,Employee_696,55,Male,Support,Engineer,B.Tech,Pune,2023-07-17,7,MGR013,2026-08-01,WFH,08:48,18:17,0,9.3,Yes,Failed,Failed,Yes,Night,3.7,Yes,Sick,9,16,Pending,8.6,4.4,3.8,29258,10811,9669,30400,59,43,59,4,47,Excel,51,59,Neutral,No,15,86,Low,Late,Compliance,2026-07-17,2
EMP00697,Employee_697,59,Male,HR,Coordinator,MBA,Hyderabad,2020-10-05,18,MGR004,2026-08-01,Present,09:40,19:12,0,9.7,Yes,Failed,Failed,Yes,Morning,4.3,No,Casual,11,13,Rejected,7.1,7.7,2.5,74623,15288,3027,86884,52,83,91,5,20,SAP,61,47,Negative,No,92,13,Medium,None,Attrition,2026-10-05,3
EMP00698,Employee_698,49,Male,Support,Engineer,MCA,Bhubaneswar,2024-07-22,13,MGR019,2026-08-01,Present,08:05,20:03,0,9.2,Yes,Verified,Success,Yes,Night,4.4,Yes,Casual,14,3,Rejected,7.6,5.6,7.4,76095,11132,1052,86175,100,60,78,3,27,SAP,55,89,Neutral,No,24,98,Low,Leave,Compliance,2026-07-22,10
EMP00699,Employee_699,44,Male,HR,Manager,MBA,Hyderabad,2023-10-06,1,MGR002,2026-08-01,Present,09:11,18:08,0,9.3,Yes,Verified,Failed,Yes,Night,0.8,Yes,Earned,9,17,Rejected,6.1,4.9,7.6,136469,19492,1326,154635,90,62,53,4,21,AWS,64,65,Neutral,No,60,6,Low,None,Payroll,2026-10-06,1
EMP00700,Employee_700,40,Male,Marketing,Coordinator,Master,Bangalore,2024-10-12,13,MGR070,2026-08-01,Present,09:02,18:56,0,7.7,Yes,Failed,Failed,Yes,Morning,3.2,No,Casual,8,2,Approved,8.6,5.3,3.5,114763,15048,5701,124110,67,64,53,5,12,Java,20,49,Positive,No,22,30,High,Late,Payroll,2026-10-12,4
EMP00701,Employee_701,35,Female,Support,Analyst,Master,Delhi,2019-12-13,18,MGR012,2026-08-01,Present,08:44,19:15,0,9.2,Yes,Failed,Success,Yes,Evening,3.4,No,Earned,2,13,Pending,6.6,4.2,4.1,93546,3983,6735,90794,55,56,94,5,12,Python,60,98,Positive,No,68,14,Medium,Late,Payroll,2026-12-13,9
EMP00702,Employee_702,50,Male,Marketing,Manager,Bachelor,Bhubaneswar,2022-02-04,18,MGR011,2026-08-01,Present,08:51,20:19,0,8.1,Yes,Verified,Success,Yes,Night,0.0,No,Casual,20,19,Pending,7.0,5.6,2.7,38657,5908,3550,41015,61,69,77,4,63,SQL,30,68,Neutral,No,24,88,High,Performance,Compliance,2026-02-04,7
EMP00703,Employee_703,35,Male,Finance,Manager,B.Tech,Bangalore,2020-09-12,14,MGR013,2026-08-01,Present,10:54,20:30,71,9.2,Yes,Verified,Success,Yes,Night,2.1,Yes,Casual,12,21,Rejected,8.8,7.0,3.7,146066,14438,8911,151593,74,44,69,5,38,HRMS,48,51,Neutral,No,64,26,High,Late,None,2026-09-12,5
EMP00704,Employee_704,32,Male,Finance,Engineer,MBA,Delhi,2019-03-29,7,MGR015,2026-08-01,Present,08:34,20:26,0,7.6,Yes,Verified,Success,Yes,Evening,3.6,Yes,Sick,14,12,Pending,7.1,7.9,4.3,127122,3170,4885,125407,82,97,80,5,2,Excel,48,75,Negative,No,39,0,Low,Leave,Compliance,2026-03-29,8
EMP00705,Employee_705,59,Male,Operations,Coordinator,Master,Pune,2024-10-07,1,MGR050,2026-08-01,Present,09:14,19:04,0,7.1,Yes,Verified,Success,Yes,Evening,1.8,Yes,None,2,2,Rejected,7.4,4.5,2.9,100583,5935,2375,104143,80,47,83,4,24,Python,11,74,Positive,No,67,89,High,Performance,None,2026-10-07,8
EMP00706,Employee_706,39,Female,Marketing,Specialist,Bachelor,Hyderabad,2021-10-02,5,MGR018,2026-08-01,Present,09:07,18:17,0,8.6,Yes,Verified,Success,Yes,Evening,3.8,No,None,16,17,Rejected,7.6,4.4,7.6,134134,18892,7816,145210,50,67,54,4,63,Excel,80,91,Negative,No,50,52,Low,None,Attrition,2026-10-02,4
EMP00707,Employee_707,27,Female,Marketing,Manager,MCA,Pune,2019-01-21,6,MGR063,2026-08-01,Absent,09:32,18:05,0,8.7,Yes,Verified,Failed,Yes,Night,0.0,Yes,Earned,11,16,Approved,8.1,4.5,3.2,83803,5832,6789,82846,50,71,54,4,54,SAP,44,52,Negative,No,31,14,Medium,Late,Compliance,2026-01-21,7
EMP00708,Employee_708,38,Male,Support,Analyst,MBA,Chennai,2019-05-09,19,MGR008,2026-08-01,Present,09:43,18:38,0,8.1,Yes,Verified,Success,Yes,Night,0.0,No,Casual,2,10,Rejected,7.3,7.9,7.2,105467,17264,5397,117334,93,78,87,5,70,SQL,19,70,Neutral,No,37,77,High,Late,Compliance,2026-05-09,6
EMP00709,Employee_709,37,Female,Support,Executive,Master,Bhubaneswar,2021-11-01,5,MGR025,2026-08-01,Present,08:02,18:44,0,8.6,Yes,Verified,Failed,Yes,Night,1.5,No,Sick,19,8,Approved,8.5,6.9,5.3,67293,18273,1093,84473,70,54,56,3,40,HRMS,27,89,Positive,No,87,31,Low,Performance,Attrition,2026-11-01,9
EMP00710,Employee_710,58,Female,IT,Coordinator,MBA,Chennai,2021-10-15,1,MGR072,2026-08-01,WFH,10:39,20:55,61,7.5,Yes,Verified,Success,Yes,Evening,3.6,Yes,Sick,20,20,Approved,7.3,6.0,2.4,116195,10022,5936,120281,63,53,89,5,60,Excel,54,68,Positive,No,71,88,Low,None,Attrition,2026-10-15,11
EMP00711,Employee_711,38,Male,Operations,Specialist,MCA,Chennai,2020-07-16,7,MGR008,2026-08-01,Present,09:58,18:11,0,9.2,Yes,Verified,Success,Yes,Evening,6.1,Yes,None,5,28,Rejected,6.3,7.2,3.7,42380,5624,2797,45207,60,58,98,4,70,Java,19,82,Negative,No,13,20,High,Leave,Compliance,2026-07-16,6
EMP00712,Employee_712,53,Female,Operations,Analyst,MBA,Pune,2018-01-30,8,MGR002,2026-08-01,Present,10:36,19:06,69,7.9,Yes,Verified,Success,Yes,Night,2.5,Yes,Casual,14,14,Approved,7.0,7.3,2.8,71011,2977,1933,72055,70,45,93,5,79,Python,65,98,Positive,No,59,9,High,None,None,2026-01-30,11
EMP00713,Employee_713,51,Female,Operations,Executive,B.Tech,Delhi,2020-03-28,13,MGR077,2026-08-01,Present,09:10,20:22,0,7.7,Yes,Failed,Success,Yes,Morning,0.9,No,None,5,26,Approved,7.9,6.2,6.5,29618,5718,3962,31374,88,83,51,3,79,Excel,100,90,Neutral,No,26,35,High,Late,Payroll,2026-03-28,1
EMP00714,Employee_714,33,Female,Operations,Specialist,MCA,Delhi,2022-03-31,7,MGR031,2026-08-01,Present,09:30,19:06,0,9.8,Yes,Failed,Failed,Yes,Evening,4.9,No,Sick,5,23,Approved,7.5,7.1,4.2,60410,13438,3134,70714,68,51,68,3,31,Power BI,49,100,Negative,No,27,70,Medium,Leave,None,2026-03-31,8
EMP00715,Employee_715,60,Female,Marketing,Manager,B.Tech,Chennai,2021-01-06,0,MGR032,2026-08-01,Present,09:51,20:55,0,9.9,Yes,Verified,Success,Yes,Morning,1.0,No,None,18,26,Pending,7.2,4.2,4.7,46376,18331,8569,56138,85,73,62,4,0,Python,97,77,Negative,No,53,35,Low,Performance,Compliance,2026-01-06,5
EMP00716,Employee_716,49,Female,Sales,Analyst,B.Tech,Chennai,2021-03-12,3,MGR059,2026-08-01,Present,10:54,20:01,80,9.6,Yes,Verified,Failed,Yes,Morning,6.2,Yes,Sick,12,19,Pending,8.7,4.3,7.8,92678,14209,7040,99847,63,91,83,5,33,SAP,13,61,Neutral,No,71,45,Medium,Performance,Payroll,2026-03-12,1
EMP00717,Employee_717,37,Male,IT,Manager,Master,Hyderabad,2021-10-19,19,MGR056,2026-08-01,Present,08:20,18:56,0,9.9,Yes,Verified,Success,Yes,Morning,0.7,No,Earned,0,13,Rejected,7.7,7.8,4.9,75378,16102,4792,86688,69,42,58,2,33,Power BI,71,67,Positive,No,70,89,High,Late,Payroll,2026-10-19,8
EMP00718,Employee_718,55,Female,Support,Coordinator,B.Tech,Pune,2019-05-25,5,MGR049,2026-08-01,Absent,09:19,20:50,0,7.2,Yes,Verified,Success,Yes,Night,2.4,No,Casual,1,24,Rejected,7.2,6.2,2.3,68311,1825,3943,66193,74,52,70,3,65,AWS,28,41,Negative,No,20,2,Low,Late,Attrition,2026-05-25,9
EMP00719,Employee_719,44,Male,Support,Coordinator,B.Tech,Pune,2024-06-25,11,MGR068,2026-08-01,Present,09:30,18:57,0,7.6,Yes,Verified,Success,Yes,Morning,2.3,Yes,Casual,19,23,Pending,6.6,5.2,3.7,25201,9632,8252,26581,90,78,66,3,51,HRMS,95,87,Negative,No,41,29,Low,None,Compliance,2026-06-25,4
EMP00720,Employee_720,49,Male,Support,Analyst,B.Tech,Hyderabad,2020-06-29,8,MGR046,2026-08-01,Present,09:56,19:11,0,9.0,Yes,Verified,Success,Yes,Morning,2.5,No,Earned,14,17,Pending,8.1,6.0,7.4,36636,15623,783,51476,85,98,88,5,62,SAP,33,90,Neutral,No,57,78,Medium,Leave,Compliance,2026-06-29,5
EMP00721,Employee_721,22,Male,Sales,Executive,B.Tech,Pune,2023-08-20,17,MGR061,2026-08-01,Present,09:16,18:01,0,9.9,Yes,Verified,Success,Yes,Evening,4.2,No,None,6,9,Rejected,7.3,4.8,2.5,123291,15063,4157,134197,70,88,80,5,26,Excel,7,79,Negative,No,17,100,Low,None,Payroll,2026-08-20,12
EMP00722,Employee_722,36,Female,Operations,Manager,MBA,Bangalore,2018-05-18,16,MGR043,2026-08-01,Present,09:27,19:15,0,8.0,Yes,Verified,Success,Yes,Night,4.4,Yes,Earned,11,13,Approved,7.9,7.7,6.0,71801,16588,2457,85932,50,95,52,5,33,SAP,3,94,Negative,No,20,8,Low,Late,Payroll,2026-05-18,10
EMP00723,Employee_723,26,Male,Operations,Manager,MCA,Bangalore,2022-01-21,14,MGR036,2026-08-01,Present,09:04,19:46,0,7.9,Yes,Verified,Success,Yes,Morning,5.4,No,Earned,19,21,Approved,6.8,5.8,5.5,134254,10300,1316,143238,75,82,91,5,49,Power BI,90,79,Positive,No,57,91,Low,Leave,Attrition,2026-01-21,6
EMP00724,Employee_724,35,Male,Operations,Engineer,MCA,Chennai,2024-09-25,5,MGR064,2026-08-01,Present,10:18,18:20,71,7.8,Yes,Verified,Failed,Yes,Morning,4.3,No,Casual,0,29,Approved,6.2,4.2,2.4,61205,5376,3812,62769,55,74,74,2,48,Python,39,71,Neutral,No,67,31,Low,None,Payroll,2026-09-25,8
EMP00725,Employee_725,59,Female,Finance,Analyst,Bachelor,Chennai,2023-08-12,5,MGR029,2026-08-01,Present,09:30,20:14,0,9.5,Yes,Verified,Failed,Yes,Night,4.1,No,Earned,9,9,Pending,7.4,4.4,2.5,25349,6159,5362,26146,63,98,73,3,9,Excel,1,49,Neutral,No,75,47,Low,Leave,Attrition,2026-08-12,6
EMP00726,Employee_726,44,Male,Operations,Analyst,B.Tech,Delhi,2023-12-30,19,MGR042,2026-08-01,Present,08:39,20:03,0,9.4,Yes,Failed,Success,Yes,Night,4.9,Yes,Casual,11,17,Pending,7.0,7.2,7.0,149631,17276,8814,158093,57,64,79,3,44,Power BI,27,74,Positive,No,22,75,Low,Leave,None,2026-12-30,9
EMP00727,Employee_727,37,Male,Operations,Specialist,Master,Hyderabad,2018-06-18,5,MGR014,2026-08-01,Present,08:56,19:36,0,8.4,Yes,Verified,Success,Yes,Night,8.1,Yes,Casual,2,2,Rejected,6.9,5.9,3.2,138527,12621,3097,148051,55,45,68,4,51,SQL,25,55,Positive,No,52,82,Medium,Leave,Compliance,2026-06-18,1
EMP00728,Employee_728,39,Male,Sales,Executive,MCA,Bhubaneswar,2018-09-15,3,MGR007,2026-08-01,Present,09:56,20:26,0,8.1,Yes,Failed,Success,Yes,Night,2.8,No,Sick,7,14,Pending,8.2,6.8,3.4,49878,1929,5034,46773,69,60,69,2,15,Power BI,76,77,Positive,No,28,52,High,Leave,Payroll,2026-09-15,3
EMP00729,Employee_729,45,Female,Operations,Specialist,Bachelor,Bhubaneswar,2018-08-14,1,MGR068,2026-08-01,Present,09:10,20:16,0,7.4,Yes,Failed,Success,Yes,Evening,2.7,Yes,Earned,19,26,Rejected,8.8,4.6,2.5,28002,13741,1714,40029,81,62,90,2,51,Power BI,83,90,Neutral,No,89,72,Medium,Late,None,2026-08-14,9
EMP00730,Employee_730,43,Male,IT,Coordinator,MBA,Pune,2020-03-03,4,MGR017,2026-08-01,Present,09:29,18:45,0,7.6,Yes,Verified,Success,Yes,Morning,3.8,No,Sick,15,17,Pending,7.8,6.9,3.5,122747,127,182,122692,62,75,79,2,15,Power BI,78,62,Positive,No,47,42,Low,None,Payroll,2026-03-03,11
EMP00731,Employee_731,39,Male,IT,Engineer,MBA,Bhubaneswar,2023-09-28,13,MGR046,2026-08-01,Present,08:56,19:16,0,8.4,Yes,Verified,Failed,Yes,Night,2.7,No,None,20,22,Rejected,6.1,7.5,5.8,27088,12455,719,38824,96,77,82,5,42,HRMS,50,84,Neutral,No,36,4,Low,Performance,Payroll,2026-09-28,11
EMP00732,Employee_732,54,Female,Operations,Executive,MBA,Pune,2021-12-22,19,MGR080,2026-08-01,Present,09:04,18:24,0,9.0,Yes,Verified,Success,Yes,Night,1.9,Yes,Casual,4,26,Rejected,6.1,4.4,2.6,92478,18312,8063,102727,96,95,62,3,71,HRMS,1,99,Neutral,No,71,75,Medium,Performance,None,2026-12-22,10
EMP00733,Employee_733,41,Male,Marketing,Engineer,MCA,Hyderabad,2018-03-05,9,MGR010,2026-08-01,Present,09:48,18:16,0,8.4,Yes,Failed,Failed,Yes,Morning,1.6,No,Casual,3,9,Pending,6.4,5.0,4.2,137307,17073,9615,144765,55,87,76,4,60,Excel,81,43,Negative,No,52,93,Low,Late,Attrition,2026-03-05,8
EMP00734,Employee_734,42,Female,Operations,Coordinator,Master,Delhi,2018-02-02,5,MGR048,2026-08-01,Present,10:42,20:42,68,7.6,Yes,Verified,Failed,Yes,Morning,2.9,Yes,None,16,16,Approved,6.5,5.5,2.3,131783,17325,6780,142328,82,72,71,5,54,Java,87,100,Neutral,No,72,52,High,Performance,None,2026-02-02,10
EMP00735,Employee_735,41,Female,Finance,Engineer,Bachelor,Bangalore,2022-06-24,11,MGR026,2026-08-01,Present,09:30,19:57,0,8.0,Yes,Failed,Success,Yes,Night,1.9,Yes,Earned,15,8,Rejected,8.1,7.9,2.5,121215,9198,9413,121000,93,44,95,4,37,HRMS,87,96,Positive,No,64,56,Medium,None,None,2026-06-24,10
EMP00736,Employee_736,43,Female,HR,Manager,B.Tech,Hyderabad,2023-07-13,3,MGR079,2026-08-01,Present,09:33,20:27,0,7.7,Yes,Failed,Success,Yes,Morning,5.3,Yes,Sick,8,23,Rejected,8.5,4.2,2.7,54362,8789,6656,56495,100,52,52,4,10,AWS,73,70,Negative,No,91,19,Low,Leave,Compliance,2026-07-13,3
EMP00737,Employee_737,51,Female,Sales,Specialist,Bachelor,Delhi,2023-11-18,20,MGR067,2026-08-01,Present,09:27,20:44,0,7.1,Yes,Verified,Failed,Yes,Night,3.2,Yes,Sick,6,0,Approved,6.6,5.2,2.0,126226,19667,2742,143151,71,95,64,4,56,Excel,47,90,Negative,No,61,51,High,Performance,None,2026-11-18,6
EMP00738,Employee_738,36,Male,Sales,Analyst,MCA,Pune,2021-08-29,15,MGR035,2026-08-01,WFH,09:52,19:40,0,9.1,Yes,Verified,Success,Yes,Morning,0.0,No,Casual,8,12,Rejected,8.6,5.2,5.4,140441,516,5653,135304,56,78,94,5,19,AWS,52,68,Negative,No,90,87,Low,Leave,None,2026-08-29,3
EMP00739,Employee_739,50,Female,Support,Manager,MCA,Bangalore,2018-12-17,2,MGR021,2026-08-01,Present,09:26,19:13,0,9.8,Yes,Verified,Success,Yes,Evening,6.1,No,Sick,20,23,Pending,6.0,6.2,6.7,98017,8057,321,105753,51,93,80,3,43,SQL,85,90,Negative,No,82,12,High,None,Attrition,2026-12-17,8
EMP00740,Employee_740,27,Female,Marketing,Engineer,MBA,Bangalore,2022-03-15,3,MGR055,2026-08-01,Absent,09:39,20:11,0,8.6,Yes,Failed,Success,Yes,Night,2.4,No,Earned,2,8,Pending,7.3,5.4,6.7,100050,9087,4897,104240,87,97,52,3,61,Python,46,60,Neutral,No,88,33,High,Late,Payroll,2026-03-15,4
EMP00741,Employee_741,58,Female,Support,Specialist,Bachelor,Pune,2022-11-05,12,MGR031,2026-08-01,Present,10:07,19:13,75,8.1,Yes,Verified,Success,Yes,Morning,2.5,Yes,None,13,3,Approved,8.8,6.6,4.8,149616,4615,43,154188,64,89,68,3,78,Java,30,82,Positive,No,94,33,High,Performance,Compliance,2026-11-05,3
EMP00742,Employee_742,35,Female,Finance,Coordinator,B.Tech,Hyderabad,2021-12-14,3,MGR051,2026-08-01,Present,09:56,20:23,0,8.4,Yes,Failed,Failed,Yes,Evening,2.2,Yes,Casual,14,27,Approved,7.6,7.9,4.1,77597,8341,1701,84237,51,93,99,4,74,AWS,62,87,Negative,No,48,62,Medium,None,Attrition,2026-12-14,7
EMP00743,Employee_743,31,Male,IT,Coordinator,MBA,Pune,2018-07-01,0,MGR039,2026-08-01,Present,09:06,19:25,0,9.4,Yes,Verified,Failed,Yes,Night,4.0,Yes,Sick,8,23,Pending,8.0,6.0,6.9,126802,6337,6726,126413,94,55,68,2,15,AWS,91,60,Negative,No,53,5,High,Late,Attrition,2026-07-01,5
EMP00744,Employee_744,59,Female,HR,Analyst,Bachelor,Pune,2022-03-08,11,MGR079,2026-08-01,Present,09:42,18:48,0,7.3,Yes,Failed,Success,Yes,Evening,0.0,No,Sick,1,18,Approved,7.5,5.7,5.6,85487,832,3128,83191,83,60,70,2,12,HRMS,90,49,Positive,No,56,74,Low,Performance,Attrition,2026-03-08,7
EMP00745,Employee_745,23,Female,HR,Executive,Master,Bangalore,2020-10-20,17,MGR069,2026-08-01,Present,09:49,18:13,0,7.7,Yes,Verified,Success,Yes,Morning,6.5,Yes,None,15,8,Approved,6.1,5.9,7.1,73236,11666,8637,76265,60,71,90,3,39,Excel,55,65,Negative,No,38,40,Medium,Performance,Attrition,2026-10-20,2
EMP00746,Employee_746,35,Female,Support,Coordinator,B.Tech,Hyderabad,2021-01-02,17,MGR020,2026-08-01,Present,10:01,20:11,60,9.9,Yes,Verified,Success,Yes,Night,3.0,No,Casual,6,28,Rejected,7.4,6.4,3.6,112057,1689,7475,106271,99,91,54,2,18,HRMS,54,100,Negative,No,23,11,Low,Late,Compliance,2026-01-02,3
EMP00747,Employee_747,52,Male,Support,Manager,MCA,Hyderabad,2018-11-06,12,MGR041,2026-08-01,Present,09:16,20:40,0,7.8,Yes,Verified,Failed,Yes,Morning,2.2,Yes,Sick,5,21,Pending,6.8,7.7,2.7,35827,3545,9594,29778,56,91,99,5,68,AWS,10,53,Neutral,No,67,24,High,None,Payroll,2026-11-06,3
EMP00748,Employee_748,49,Female,Marketing,Manager,Bachelor,Delhi,2018-08-26,8,MGR064,2026-08-01,WFH,09:16,19:42,0,7.4,Yes,Verified,Success,Yes,Evening,2.1,Yes,Casual,17,7,Pending,6.8,4.2,2.6,115441,19435,3545,131331,61,68,60,2,69,Excel,49,40,Positive,No,10,65,Medium,Performance,Payroll,2026-08-26,8
EMP00749,Employee_749,36,Female,Sales,Engineer,MCA,Hyderabad,2023-06-01,0,MGR062,2026-08-01,Present,08:30,20:53,0,7.2,Yes,Verified,Success,Yes,Morning,3.0,No,Casual,13,1,Pending,7.6,7.4,4.4,82080,3552,8904,76728,53,82,69,5,13,HRMS,73,54,Positive,No,38,85,Low,Performance,Payroll,2026-06-01,11
EMP00750,Employee_750,58,Male,Sales,Analyst,MBA,Chennai,2021-09-07,7,MGR078,2026-08-01,Present,09:24,19:50,0,9.4,Yes,Verified,Failed,Yes,Night,2.7,No,None,8,7,Pending,6.4,7.3,8.0,86245,9781,1788,94238,95,78,78,5,6,SQL,70,44,Negative,No,57,71,High,None,Compliance,2026-09-07,7
EMP00751,Employee_751,42,Male,HR,Specialist,Master,Chennai,2024-02-10,12,MGR018,2026-08-01,Present,09:21,18:25,0,9.4,Yes,Verified,Success,Yes,Morning,1.0,No,None,0,17,Rejected,7.5,5.5,3.7,61342,5739,1931,65150,50,49,88,5,29,Excel,98,63,Negative,No,39,96,High,Leave,Compliance,2026-02-10,11
EMP00752,Employee_752,26,Female,Finance,Manager,MBA,Pune,2018-12-05,18,MGR028,2026-08-01,Present,08:45,19:07,0,7.1,Yes,Verified,Failed,Yes,Morning,1.9,No,None,13,29,Approved,6.5,6.2,3.1,83803,7841,5345,86299,86,61,73,4,65,SAP,72,77,Positive,No,38,43,High,Performance,None,2026-12-05,8
EMP00753,Employee_753,49,Male,Marketing,Manager,Bachelor,Bangalore,2023-07-13,8,MGR049,2026-08-01,Present,08:05,19:16,0,8.6,Yes,Verified,Failed,Yes,Night,4.9,No,Casual,6,7,Pending,7.2,5.0,6.5,70272,13461,8197,75536,79,88,75,2,58,SAP,85,67,Positive,No,11,49,Medium,Late,Payroll,2026-07-13,6
EMP00754,Employee_754,36,Male,IT,Engineer,Master,Hyderabad,2024-08-01,18,MGR054,2026-08-01,Present,09:46,20:28,0,8.0,Yes,Verified,Success,Yes,Evening,0.6,Yes,None,20,9,Rejected,6.8,6.1,2.3,135462,2622,7740,130344,69,84,78,3,27,SQL,69,45,Neutral,No,59,2,Medium,Leave,Compliance,2026-08-01,8
EMP00755,Employee_755,28,Male,HR,Analyst,B.Tech,Delhi,2018-07-30,15,MGR051,2026-08-01,Present,09:28,19:18,0,9.0,Yes,Verified,Success,Yes,Evening,0.0,No,Casual,11,16,Rejected,8.4,4.6,4.3,130217,15640,6775,139082,86,53,68,4,64,AWS,34,100,Negative,No,13,97,Low,None,Payroll,2026-07-30,11
EMP00756,Employee_756,58,Male,Support,Coordinator,B.Tech,Bhubaneswar,2022-04-07,6,MGR067,2026-08-01,Present,10:26,20:30,71,7.1,Yes,Verified,Success,Yes,Evening,0.8,No,Sick,13,14,Approved,8.3,4.8,5.4,135474,14217,6208,143483,76,49,74,2,28,SAP,59,77,Positive,No,66,8,High,None,None,2026-04-07,8
EMP00757,Employee_757,55,Male,Finance,Engineer,Master,Bangalore,2020-09-03,6,MGR031,2026-08-01,Present,09:09,18:39,0,8.8,Yes,Verified,Success,Yes,Evening,4.8,No,None,13,25,Pending,8.4,7.6,7.0,49567,1064,6666,43965,74,76,66,3,29,Python,51,79,Neutral,No,93,16,Low,Leave,Attrition,2026-09-03,9
EMP00758,Employee_758,42,Male,Sales,Coordinator,Bachelor,Bhubaneswar,2022-05-24,12,MGR034,2026-08-01,Present,09:56,20:21,0,7.9,Yes,Verified,Success,Yes,Morning,4.8,Yes,None,4,30,Rejected,7.9,7.1,5.1,36841,4474,8287,33028,50,56,60,4,46,AWS,39,97,Positive,No,77,0,Medium,Late,Attrition,2026-05-24,7
EMP00759,Employee_759,55,Female,HR,Coordinator,Master,Bhubaneswar,2021-05-24,7,MGR076,2026-08-01,WFH,09:10,18:15,0,9.7,Yes,Verified,Success,Yes,Morning,0.6,No,Earned,15,30,Pending,8.8,7.8,6.7,97174,17368,7317,107225,92,48,84,5,60,SAP,20,98,Negative,No,73,25,High,None,Payroll,2026-05-24,3
EMP00760,Employee_760,57,Female,Finance,Manager,Bachelor,Pune,2021-06-22,0,MGR031,2026-08-01,Present,10:11,20:35,71,8.5,Yes,Verified,Success,Yes,Morning,5.7,No,None,13,22,Approved,6.5,6.0,4.0,100533,3706,7764,96475,55,49,51,3,18,Power BI,93,85,Negative,No,10,10,High,Performance,Payroll,2026-06-22,5
EMP00761,Employee_761,38,Female,Sales,Engineer,B.Tech,Hyderabad,2022-02-10,20,MGR003,2026-08-01,Present,09:22,18:25,0,9.0,Yes,Failed,Success,Yes,Evening,4.5,No,Casual,15,26,Approved,6.7,6.9,2.3,111317,2233,910,112640,84,98,99,3,43,Java,94,74,Positive,No,35,1,High,Leave,Attrition,2026-02-10,3
EMP00762,Employee_762,37,Female,Sales,Specialist,Master,Bangalore,2020-09-01,4,MGR052,2026-08-01,Present,10:17,20:42,66,8.6,Yes,Failed,Failed,Yes,Morning,3.7,No,None,12,3,Pending,6.1,4.4,4.6,80868,1604,1440,81032,88,94,80,2,16,Python,79,48,Neutral,No,19,73,Low,None,None,2026-09-01,9
EMP00763,Employee_763,57,Male,Support,Executive,MCA,Hyderabad,2019-09-26,16,MGR021,2026-08-01,Present,10:06,19:34,71,9.9,Yes,Failed,Success,Yes,Evening,4.0,Yes,None,4,13,Approved,8.4,6.6,2.5,135333,122,4401,131054,88,50,51,5,59,AWS,58,59,Negative,No,24,39,Low,Leave,Attrition,2026-09-26,4
EMP00764,Employee_764,26,Male,Operations,Analyst,Master,Hyderabad,2024-07-15,20,MGR074,2026-08-01,WFH,09:50,19:46,0,8.3,Yes,Failed,Success,Yes,Night,4.0,No,Earned,5,5,Pending,6.9,6.5,3.2,42076,11332,9851,43557,71,95,69,5,79,SAP,66,71,Positive,No,87,48,Medium,Performance,None,2026-07-15,6
EMP00765,Employee_765,24,Male,Finance,Specialist,Bachelor,Chennai,2022-07-22,9,MGR017,2026-08-01,Present,09:37,19:03,0,8.9,Yes,Failed,Success,Yes,Night,3.4,No,None,20,19,Approved,7.3,5.4,3.4,134434,5134,9361,130207,76,48,68,2,21,HRMS,48,84,Negative,No,27,16,Medium,Leave,Compliance,2026-07-22,1
EMP00766,Employee_766,38,Male,HR,Coordinator,MBA,Bangalore,2020-06-23,14,MGR031,2026-08-01,Present,09:45,18:48,0,8.4,Yes,Verified,Success,Yes,Evening,5.4,Yes,Sick,19,15,Pending,7.3,7.9,2.1,31953,19511,1384,50080,50,80,54,3,66,Java,16,98,Negative,No,38,27,Medium,Leave,Attrition,2026-06-23,5
EMP00767,Employee_767,51,Female,Support,Analyst,MBA,Bangalore,2019-11-02,19,MGR003,2026-08-01,Present,09:10,19:49,0,9.7,Yes,Failed,Success,Yes,Evening,0.5,Yes,Earned,20,10,Approved,6.1,4.8,5.6,105800,13672,6806,112666,51,76,52,4,7,HRMS,38,93,Neutral,No,62,8,High,Leave,Payroll,2026-11-02,3
EMP00768,Employee_768,39,Male,Operations,Engineer,Bachelor,Pune,2023-01-24,19,MGR064,2026-08-01,Present,10:46,20:47,75,7.2,Yes,Verified,Success,Yes,Evening,1.7,No,Casual,7,19,Approved,6.9,4.9,5.4,66693,8513,860,74346,87,41,67,4,40,Excel,94,89,Negative,No,85,23,High,Leave,Compliance,2026-01-24,9
EMP00769,Employee_769,22,Female,IT,Manager,MBA,Bangalore,2023-04-05,20,MGR027,2026-08-01,Present,10:14,19:19,67,7.3,Yes,Verified,Success,Yes,Evening,2.3,No,Sick,16,0,Rejected,7.7,5.5,6.3,141907,7252,4034,145125,79,50,53,2,30,Excel,44,42,Neutral,No,19,51,Low,Late,Compliance,2026-04-05,3
EMP00770,Employee_770,43,Female,Marketing,Executive,Bachelor,Delhi,2021-08-30,8,MGR007,2026-08-01,Present,08:09,20:52,0,9.1,Yes,Verified,Success,Yes,Evening,4.1,No,None,0,2,Rejected,7.9,5.5,4.2,117890,2941,5990,114841,55,48,70,5,29,Python,62,89,Negative,No,19,75,Low,Late,Payroll,2026-08-30,1
EMP00771,Employee_771,42,Female,Support,Manager,MBA,Pune,2021-12-01,3,MGR051,2026-08-01,Present,09:14,18:32,0,8.9,Yes,Verified,Success,Yes,Evening,2.8,Yes,None,8,26,Pending,6.4,5.6,7.1,105802,15415,1803,119414,54,82,92,2,68,AWS,91,67,Positive,No,50,16,Low,None,Attrition,2026-12-01,7
EMP00772,Employee_772,59,Female,Marketing,Manager,B.Tech,Delhi,2018-10-27,14,MGR059,2026-08-01,Absent,09:19,18:43,0,7.6,Yes,Verified,Success,Yes,Night,1.3,Yes,None,1,3,Approved,6.2,5.1,6.5,45164,1793,5151,41806,96,46,53,4,27,Power BI,62,93,Negative,No,77,64,High,None,Compliance,2026-10-27,1
EMP00773,Employee_773,55,Female,HR,Specialist,MBA,Pune,2021-02-25,19,MGR006,2026-08-01,WFH,09:40,18:42,0,8.8,Yes,Verified,Success,Yes,Night,1.9,Yes,Earned,7,15,Approved,7.6,4.0,7.7,78429,16654,7751,87332,95,71,60,2,0,SQL,86,82,Neutral,No,67,19,High,Late,Attrition,2026-02-25,4
EMP00774,Employee_774,22,Male,HR,Executive,MCA,Pune,2021-12-11,16,MGR077,2026-08-01,Present,09:36,19:06,0,8.9,Yes,Verified,Success,Yes,Night,1.4,Yes,Earned,9,14,Approved,6.8,5.9,5.4,86093,16900,3658,99335,77,64,83,2,65,HRMS,57,63,Positive,No,81,43,Medium,None,None,2026-12-11,7
EMP00775,Employee_775,40,Male,Support,Analyst,MCA,Bhubaneswar,2021-05-31,20,MGR057,2026-08-01,Present,09:59,18:01,0,9.2,Yes,Verified,Success,Yes,Night,1.3,No,Earned,19,10,Approved,6.7,5.9,4.9,132613,13178,3395,142396,100,55,51,4,25,SQL,48,71,Negative,No,81,61,Low,Late,Attrition,2026-05-31,2
EMP00776,Employee_776,27,Male,Finance,Coordinator,Bachelor,Bangalore,2022-03-01,11,MGR038,2026-08-01,Present,09:01,20:03,0,10.0,Yes,Verified,Failed,Yes,Morning,3.8,Yes,Casual,17,18,Pending,7.2,5.8,5.1,113250,5036,206,118080,80,48,69,5,48,SQL,50,53,Positive,No,35,98,Medium,Late,Compliance,2026-03-01,11
EMP00777,Employee_777,22,Female,Operations,Coordinator,MBA,Bhubaneswar,2018-09-01,14,MGR073,2026-08-01,Present,08:41,19:20,0,10.0,Yes,Verified,Success,Yes,Morning,3.8,No,Casual,7,11,Approved,7.6,7.2,2.9,45629,10066,3703,51992,71,49,78,4,41,HRMS,7,40,Positive,No,26,31,Low,Late,Compliance,2026-09-01,5
EMP00778,Employee_778,44,Male,Operations,Manager,MCA,Delhi,2018-06-09,1,MGR034,2026-08-01,Present,09:33,20:10,0,9.3,Yes,Failed,Success,Yes,Evening,3.2,Yes,Earned,12,12,Pending,6.1,6.2,2.7,84193,3345,3022,84516,61,53,87,5,16,SAP,67,75,Neutral,No,45,62,High,None,Attrition,2026-06-09,4
EMP00779,Employee_779,40,Female,IT,Analyst,Master,Bangalore,2022-09-02,8,MGR072,2026-08-01,Present,08:34,20:53,0,8.2,Yes,Failed,Success,Yes,Morning,2.0,No,Casual,19,14,Approved,6.9,4.2,7.7,133675,18076,4617,147134,57,98,84,4,4,Power BI,48,83,Neutral,No,90,75,Low,Leave,None,2026-09-02,10
EMP00780,Employee_780,50,Male,Support,Specialist,MCA,Chennai,2020-10-15,3,MGR014,2026-08-01,Present,10:51,20:08,73,9.2,Yes,Verified,Failed,Yes,Night,5.0,Yes,Sick,0,23,Pending,7.2,6.2,6.7,36176,803,4320,32659,68,44,52,5,28,Java,10,57,Positive,No,35,96,Low,None,None,2026-10-15,9
EMP00781,Employee_781,49,Male,Finance,Manager,B.Tech,Bhubaneswar,2019-03-01,16,MGR047,2026-08-01,Present,09:36,20:17,0,9.4,Yes,Verified,Success,Yes,Morning,8.7,No,Earned,2,16,Approved,6.2,4.8,3.6,45522,10317,1897,53942,72,88,74,3,34,AWS,60,48,Positive,No,68,41,High,Performance,Payroll,2026-03-01,1
EMP00782,Employee_782,37,Female,HR,Specialist,Master,Bangalore,2023-02-07,19,MGR014,2026-08-01,Present,09:25,20:39,0,7.9,Yes,Verified,Failed,Yes,Evening,3.3,No,None,0,0,Pending,6.1,4.7,6.6,53153,14736,4350,63539,78,62,64,3,8,Python,44,71,Neutral,No,40,11,High,None,None,2026-02-07,1
EMP00783,Employee_783,23,Female,Finance,Analyst,Bachelor,Hyderabad,2023-12-27,14,MGR038,2026-08-01,WFH,10:25,19:38,72,7.9,Yes,Failed,Success,Yes,Night,2.0,No,Sick,3,16,Approved,7.4,7.6,3.5,67220,7400,6490,68130,56,41,53,3,58,SAP,0,88,Positive,No,66,62,Low,Performance,Payroll,2026-12-27,10
EMP00784,Employee_784,28,Male,Sales,Analyst,MCA,Chennai,2021-06-23,13,MGR007,2026-08-01,WFH,10:17,20:01,66,7.5,Yes,Verified,Success,Yes,Evening,1.7,No,None,6,30,Pending,7.0,6.4,4.7,83215,17295,1691,98819,64,54,64,2,66,Java,84,76,Negative,No,62,89,Medium,Leave,Compliance,2026-06-23,4
EMP00785,Employee_785,24,Female,Marketing,Coordinator,MCA,Delhi,2024-05-13,5,MGR050,2026-08-01,Present,08:22,18:46,0,8.2,Yes,Verified,Failed,Yes,Night,0.0,No,Earned,6,7,Approved,9.0,4.9,5.4,72211,7988,20,80179,69,88,77,3,19,Java,64,71,Negative,No,29,25,High,Leave,Attrition,2026-05-13,6
EMP00786,Employee_786,37,Male,IT,Manager,MCA,Bangalore,2020-09-24,3,MGR062,2026-08-01,Absent,10:24,19:59,64,7.1,Yes,Verified,Success,Yes,Evening,3.4,Yes,Earned,15,27,Approved,8.5,5.9,2.8,97536,14851,1515,110872,95,47,74,5,17,AWS,3,65,Negative,No,85,71,High,Late,Payroll,2026-09-24,5
EMP00787,Employee_787,41,Female,Sales,Analyst,Master,Delhi,2022-05-30,7,MGR033,2026-08-01,Present,09:30,20:53,0,9.9,Yes,Failed,Failed,Yes,Evening,0.0,No,Casual,17,11,Pending,6.4,7.3,5.9,27041,3330,4849,25522,71,41,89,5,22,HRMS,6,40,Positive,No,95,10,Low,None,None,2026-05-30,6
EMP00788,Employee_788,37,Female,Support,Coordinator,MCA,Chennai,2022-10-04,16,MGR011,2026-08-01,Present,08:05,18:00,0,7.1,Yes,Failed,Failed,Yes,Night,5.2,Yes,Casual,13,16,Pending,8.0,5.5,5.4,135898,19183,7531,147550,53,88,93,2,71,HRMS,61,48,Positive,Yes,37,9,Low,Leave,Payroll,2026-10-04,9
EMP00789,Employee_789,41,Female,HR,Specialist,Master,Bangalore,2019-05-27,2,MGR068,2026-08-01,Present,09:56,18:01,0,8.2,Yes,Verified,Failed,Yes,Night,0.9,No,Sick,14,3,Pending,7.2,6.6,5.8,107330,13523,5944,114909,95,54,51,3,19,Excel,52,56,Positive,No,90,55,High,Late,Attrition,2026-05-27,9
EMP00790,Employee_790,38,Male,Support,Engineer,Master,Bangalore,2020-02-15,18,MGR009,2026-08-01,Present,09:46,18:42,0,7.5,Yes,Verified,Success,Yes,Night,0.0,Yes,Earned,20,25,Pending,8.7,4.7,7.3,79241,15153,7119,87275,65,69,87,2,33,AWS,21,99,Positive,No,50,23,High,Performance,Payroll,2026-02-15,5
EMP00791,Employee_791,53,Male,Support,Analyst,Bachelor,Hyderabad,2021-05-19,7,MGR029,2026-08-01,Present,10:16,18:38,68,9.1,Yes,Verified,Success,Yes,Night,3.1,No,Earned,20,2,Pending,7.0,5.4,6.0,125498,17764,7127,136135,100,84,53,5,49,Power BI,99,70,Negative,No,71,78,Low,Late,Payroll,2026-05-19,10
EMP00792,Employee_792,31,Male,Sales,Engineer,B.Tech,Pune,2019-02-06,0,MGR028,2026-08-01,Present,09:20,20:19,0,7.2,Yes,Verified,Success,Yes,Night,1.5,No,Sick,0,21,Rejected,7.8,7.8,4.8,76140,7712,7667,76185,64,86,79,4,73,Excel,77,93,Neutral,No,72,74,Medium,Leave,None,2026-02-06,10
EMP00793,Employee_793,46,Female,HR,Engineer,MCA,Pune,2019-08-22,4,MGR046,2026-08-01,Present,09:41,19:55,0,8.3,Yes,Verified,Success,Yes,Evening,2.7,No,Casual,2,6,Approved,6.1,4.1,2.3,33439,15711,3548,45602,75,55,52,2,65,Power BI,73,50,Negative,No,42,81,High,Late,Attrition,2026-08-22,4
EMP00794,Employee_794,33,Male,IT,Coordinator,B.Tech,Bangalore,2019-12-03,13,MGR046,2026-08-01,Present,08:18,20:22,0,7.4,Yes,Verified,Success,Yes,Morning,1.4,Yes,None,1,19,Pending,8.5,6.2,2.8,114515,17095,8597,123013,80,56,93,5,8,HRMS,87,85,Positive,No,72,78,High,Performance,Compliance,2026-12-03,11
EMP00795,Employee_795,22,Female,HR,Analyst,MCA,Bhubaneswar,2022-06-09,19,MGR039,2026-08-01,Present,09:49,19:45,0,7.4,Yes,Verified,Success,Yes,Morning,5.6,Yes,None,10,6,Pending,6.0,5.8,2.8,68518,2994,319,71193,70,42,59,4,67,Excel,0,85,Positive,No,95,34,High,Late,Payroll,2026-06-09,4
EMP00796,Employee_796,56,Male,Support,Specialist,Bachelor,Pune,2023-02-15,12,MGR029,2026-08-01,Present,09:53,19:39,0,8.2,Yes,Failed,Success,Yes,Night,4.1,No,None,6,7,Approved,8.6,5.0,3.7,81982,18780,2319,98443,66,44,51,2,49,SQL,55,65,Neutral,No,84,59,Low,None,Payroll,2026-02-15,5
EMP00797,Employee_797,58,Female,Support,Coordinator,Master,Delhi,2021-09-18,0,MGR076,2026-08-01,Present,10:06,18:22,60,7.0,Yes,Verified,Failed,Yes,Night,5.6,No,Earned,3,3,Rejected,8.2,4.8,4.0,78374,9808,2338,85844,60,85,71,5,47,Power BI,89,55,Negative,No,30,17,High,None,Payroll,2026-09-18,9
EMP00798,Employee_798,43,Female,Operations,Analyst,MBA,Pune,2024-02-24,12,MGR023,2026-08-01,WFH,09:47,20:12,0,8.8,Yes,Verified,Success,Yes,Morning,4.9,Yes,Sick,14,24,Approved,8.5,5.3,6.1,108356,9966,3850,114472,61,69,78,5,69,Power BI,51,42,Positive,No,20,56,Medium,None,Compliance,2026-02-24,1
EMP00799,Employee_799,28,Female,HR,Manager,Master,Bangalore,2020-11-09,19,MGR029,2026-08-01,Present,09:44,19:44,0,9.3,Yes,Failed,Failed,Yes,Evening,3.8,Yes,None,16,10,Rejected,8.4,6.3,4.7,117628,19431,7715,129344,78,71,88,2,77,SQL,13,83,Positive,No,67,75,High,Late,None,2026-11-09,12
EMP00800,Employee_800,41,Male,HR,Executive,Bachelor,Delhi,2021-06-05,18,MGR046,2026-08-01,WFH,09:36,19:58,0,9.8,Yes,Verified,Success,Yes,Night,0.7,Yes,Casual,14,3,Approved,6.6,6.8,5.6,43716,14488,4097,54107,74,43,50,5,65,Excel,34,69,Neutral,No,19,16,High,Late,None,2026-06-05,11
EMP00801,Employee_801,51,Male,Sales,Analyst,MBA,Chennai,2023-07-24,12,MGR007,2026-08-01,Absent,09:54,18:13,0,8.6,Yes,Verified,Failed,Yes,Night,2.3,No,Casual,3,16,Pending,8.2,7.9,5.4,120751,18751,9900,129602,89,72,75,3,65,SQL,69,89,Neutral,No,40,73,Medium,Performance,Compliance,2026-07-24,1
EMP00802,Employee_802,58,Female,Marketing,Specialist,MCA,Chennai,2024-05-17,20,MGR039,2026-08-01,Present,08:20,19:43,0,9.7,Yes,Failed,Success,Yes,Evening,3.6,No,None,20,27,Approved,7.4,6.3,7.0,86638,7772,8133,86277,97,67,58,2,49,AWS,36,81,Positive,No,48,98,Medium,Leave,None,2026-05-17,12
EMP00803,Employee_803,60,Female,Operations,Coordinator,MCA,Chennai,2022-05-21,1,MGR060,2026-08-01,Present,08:45,20:27,0,8.1,Yes,Verified,Success,Yes,Night,6.0,Yes,Earned,7,10,Pending,8.0,7.2,2.4,100987,16888,3429,114446,80,73,69,4,27,Java,86,42,Neutral,No,36,7,Medium,None,Attrition,2026-05-21,8
EMP00804,Employee_804,52,Male,Sales,Specialist,Master,Bangalore,2022-05-08,6,MGR026,2026-08-01,Present,08:32,19:18,0,7.0,Yes,Verified,Success,Yes,Night,1.7,No,Casual,20,30,Rejected,7.0,7.1,6.4,66458,836,42,67252,64,45,98,3,17,HRMS,40,52,Positive,No,68,30,Medium,Leave,None,2026-05-08,5
EMP00805,Employee_805,51,Female,HR,Manager,B.Tech,Delhi,2023-01-20,10,MGR005,2026-08-01,Present,09:45,19:20,0,8.1,Yes,Failed,Success,Yes,Morning,2.8,Yes,None,6,1,Pending,6.3,5.0,3.2,41771,8050,4388,45433,69,56,100,3,46,Java,60,91,Neutral,No,24,98,Low,None,Compliance,2026-01-20,11
EMP00806,Employee_806,49,Female,HR,Engineer,Master,Bangalore,2024-09-11,17,MGR031,2026-08-01,Present,08:40,18:23,0,8.2,Yes,Verified,Success,Yes,Night,6.1,No,Casual,20,21,Approved,8.8,5.5,3.9,87601,467,6856,81212,71,77,71,3,6,Power BI,52,53,Negative,Yes,52,54,Low,Performance,Attrition,2026-09-11,8
EMP00807,Employee_807,57,Male,Finance,Coordinator,B.Tech,Bhubaneswar,2024-01-17,0,MGR067,2026-08-01,Present,10:47,18:25,69,8.7,Yes,Failed,Failed,Yes,Morning,4.2,No,None,20,5,Rejected,6.6,4.2,4.7,88983,13432,3140,99275,71,83,51,3,51,SQL,58,89,Negative,No,14,55,High,Performance,None,2026-01-17,12
EMP00808,Employee_808,58,Male,Finance,Manager,MCA,Bhubaneswar,2018-10-02,14,MGR056,2026-08-01,Present,09:57,18:58,0,7.3,Yes,Verified,Failed,Yes,Morning,2.3,Yes,Casual,3,24,Rejected,8.5,6.4,5.8,30068,1829,3394,28503,54,87,88,3,20,HRMS,100,81,Negative,No,28,14,Low,Leave,Compliance,2026-10-02,1
EMP00809,Employee_809,30,Male,Operations,Executive,B.Tech,Chennai,2023-05-22,8,MGR024,2026-08-01,Present,08:03,19:18,0,8.9,Yes,Verified,Success,Yes,Night,5.4,No,Casual,1,28,Rejected,8.8,4.2,3.2,142665,18324,2063,158926,60,84,92,2,66,Python,10,50,Neutral,No,83,70,Low,Leave,Payroll,2026-05-22,7
EMP00810,Employee_810,47,Male,Support,Specialist,B.Tech,Chennai,2022-09-13,0,MGR055,2026-08-01,Absent,09:16,19:09,0,9.1,Yes,Verified,Success,Yes,Morning,6.8,No,Earned,16,6,Pending,7.7,6.8,4.8,43003,8871,8045,43829,85,97,84,4,33,Python,56,40,Negative,No,87,34,Medium,Leave,Attrition,2026-09-13,8
EMP00811,Employee_811,40,Male,Sales,Specialist,Bachelor,Delhi,2023-02-20,4,MGR066,2026-08-01,Present,08:09,19:43,0,9.2,Yes,Failed,Failed,Yes,Evening,3.8,No,None,19,14,Approved,6.0,4.8,5.0,149976,5018,8941,146053,91,73,77,5,4,AWS,49,86,Negative,No,60,69,High,None,Compliance,2026-02-20,2
EMP00812,Employee_812,25,Male,Sales,Specialist,MCA,Bangalore,2022-07-03,3,MGR023,2026-08-01,Present,09:16,18:35,0,9.1,Yes,Verified,Success,Yes,Night,3.0,No,None,9,26,Pending,8.4,4.3,5.6,139025,18914,6024,151915,89,75,93,5,33,Python,66,68,Positive,No,25,60,Low,Performance,Attrition,2026-07-03,2
EMP00813,Employee_813,39,Male,IT,Executive,MCA,Delhi,2022-02-12,11,MGR057,2026-08-01,Present,09:28,20:09,0,8.9,Yes,Verified,Success,Yes,Morning,5.2,Yes,Sick,3,2,Approved,6.1,7.3,7.6,86773,9346,953,95166,53,83,80,2,6,SQL,63,75,Negative,No,56,3,High,Late,None,2026-02-12,6
EMP00814,Employee_814,35,Male,HR,Analyst,Bachelor,Chennai,2018-07-16,5,MGR080,2026-08-01,Absent,09:30,19:57,0,8.9,Yes,Failed,Success,Yes,Evening,3.6,No,Sick,11,20,Approved,8.6,5.7,5.6,99101,15517,2678,111940,97,68,97,4,39,Java,97,50,Neutral,No,29,49,High,Leave,Compliance,2026-07-16,1
EMP00815,Employee_815,26,Male,IT,Executive,MCA,Bangalore,2021-02-26,14,MGR055,2026-08-01,Present,08:25,20:36,0,9.3,Yes,Failed,Failed,Yes,Evening,2.2,No,None,6,23,Rejected,8.7,7.1,2.0,63236,1289,6002,58523,83,60,71,5,63,SQL,58,59,Negative,No,94,5,Medium,Leave,Attrition,2026-02-26,9
EMP00816,Employee_816,24,Male,Support,Manager,MCA,Pune,2023-09-17,5,MGR037,2026-08-01,Present,08:43,19:28,0,7.8,Yes,Verified,Success,Yes,Night,3.6,No,Casual,8,5,Pending,7.1,5.0,2.9,102100,1142,8446,94796,78,87,87,4,13,SQL,14,45,Negative,No,17,89,High,Leave,None,2026-09-17,9
EMP00817,Employee_817,25,Male,Finance,Specialist,B.Tech,Bhubaneswar,2020-10-22,16,MGR027,2026-08-01,Present,09:42,19:46,0,9.1,Yes,Failed,Success,Yes,Night,1.1,Yes,None,19,28,Approved,6.4,7.4,3.6,103178,7286,2718,107746,72,79,81,4,17,Python,42,94,Neutral,No,47,69,Low,Performance,None,2026-10-22,12
EMP00818,Employee_818,55,Female,Sales,Manager,B.Tech,Bhubaneswar,2024-11-02,9,MGR023,2026-08-01,Present,09:59,19:06,0,8.4,Yes,Failed,Success,Yes,Night,0.0,No,Casual,2,2,Pending,7.3,5.8,5.0,86666,8368,9975,85059,84,43,67,4,44,Power BI,79,93,Positive,No,64,57,Medium,Performance,Attrition,2026-11-02,8
EMP00819,Employee_819,21,Male,Marketing,Engineer,MCA,Chennai,2021-09-16,6,MGR054,2026-08-01,WFH,09:58,18:44,0,8.0,Yes,Failed,Success,Yes,Morning,2.6,No,Sick,14,21,Approved,9.0,6.3,3.5,34079,7720,4548,37251,65,73,88,4,3,SQL,19,93,Neutral,No,77,36,Medium,Performance,Compliance,2026-09-16,7
EMP00820,Employee_820,46,Male,Operations,Engineer,Master,Bhubaneswar,2021-12-02,14,MGR004,2026-08-01,Present,09:21,20:16,0,8.6,Yes,Verified,Success,Yes,Morning,5.4,No,None,3,4,Rejected,6.4,6.5,3.8,72204,13421,9083,76542,65,43,63,2,56,Power BI,83,85,Neutral,No,18,68,Medium,Late,Payroll,2026-12-02,5
EMP00821,Employee_821,55,Male,Sales,Specialist,Master,Delhi,2023-02-14,15,MGR070,2026-08-01,Present,09:03,19:26,0,7.2,Yes,Failed,Success,Yes,Evening,0.0,No,Earned,3,12,Approved,7.1,5.3,7.0,106991,2506,3435,106062,55,73,51,3,21,Power BI,43,48,Positive,No,31,84,High,Performance,Attrition,2026-02-14,10
EMP00822,Employee_822,54,Female,IT,Specialist,MCA,Bangalore,2018-06-19,17,MGR037,2026-08-01,Present,09:02,19:09,0,7.1,Yes,Verified,Failed,Yes,Morning,5.0,Yes,Earned,19,2,Rejected,8.3,4.7,6.5,76132,19311,9924,85519,51,53,77,4,48,HRMS,37,48,Neutral,No,71,69,Medium,Late,Attrition,2026-06-19,9
EMP00823,Employee_823,21,Female,Sales,Specialist,Master,Hyderabad,2021-10-16,14,MGR011,2026-08-01,WFH,09:00,19:11,0,9.0,Yes,Verified,Success,Yes,Evening,0.6,No,Sick,12,15,Approved,7.0,5.7,3.2,119683,7969,2450,125202,91,48,78,2,63,Python,7,56,Neutral,No,37,43,High,Leave,Attrition,2026-10-16,4
EMP00824,Employee_824,56,Female,Support,Executive,Bachelor,Hyderabad,2018-09-07,5,MGR033,2026-08-01,Present,09:46,18:21,0,8.0,Yes,Verified,Success,Yes,Night,3.4,Yes,Earned,14,28,Pending,7.9,5.2,2.6,122709,4147,2788,124068,80,75,84,3,8,AWS,100,77,Neutral,No,91,100,Medium,Performance,Attrition,2026-09-07,4
EMP00825,Employee_825,38,Female,Operations,Coordinator,B.Tech,Pune,2023-12-02,7,MGR027,2026-08-01,Present,09:11,20:54,0,7.2,Yes,Failed,Success,Yes,Evening,6.2,No,Sick,10,17,Pending,8.8,5.8,2.1,104786,332,4866,100252,77,97,60,5,30,Java,40,77,Negative,No,45,20,Medium,Leave,None,2026-12-02,8
EMP00826,Employee_826,29,Male,IT,Engineer,MCA,Delhi,2022-08-17,0,MGR016,2026-08-01,Present,08:32,19:05,0,9.6,Yes,Verified,Success,Yes,Night,0.0,Yes,Casual,20,11,Pending,7.6,4.2,7.3,52043,1938,1394,52587,85,89,54,4,4,Python,14,63,Positive,No,36,58,Medium,Late,Payroll,2026-08-17,7
EMP00827,Employee_827,41,Female,Finance,Specialist,B.Tech,Chennai,2023-02-21,19,MGR048,2026-08-01,Present,08:58,20:42,0,9.7,Yes,Verified,Success,Yes,Evening,5.0,No,Sick,15,11,Approved,8.7,5.3,5.9,92042,15099,1161,105980,94,80,74,3,17,SQL,56,47,Neutral,No,75,46,Medium,None,Compliance,2026-02-21,10
EMP00828,Employee_828,24,Female,Operations,Specialist,MCA,Bangalore,2021-11-14,2,MGR051,2026-08-01,Present,09:06,18:39,0,8.9,Yes,Verified,Success,Yes,Evening,5.1,No,Earned,10,9,Rejected,6.9,4.6,6.8,121871,12024,2349,131546,52,90,92,3,17,SAP,80,64,Negative,No,43,59,Low,None,Compliance,2026-11-14,5
EMP00829,Employee_829,39,Female,HR,Coordinator,Master,Delhi,2018-08-21,6,MGR056,2026-08-01,Present,09:41,18:36,0,7.8,Yes,Verified,Failed,Yes,Morning,3.8,Yes,Sick,7,22,Rejected,6.5,5.9,3.9,119829,3000,2761,120068,86,43,95,3,3,Java,61,78,Neutral,No,21,17,High,Late,Compliance,2026-08-21,6
EMP00830,Employee_830,28,Male,Support,Manager,Master,Hyderabad,2021-05-23,16,MGR047,2026-08-01,Present,09:12,18:38,0,9.3,Yes,Failed,Success,Yes,Night,1.3,Yes,Earned,0,13,Rejected,7.2,4.7,3.4,97573,19475,1424,115624,58,47,99,2,14,Power BI,3,89,Positive,No,89,11,High,Late,None,2026-05-23,4
EMP00831,Employee_831,24,Male,Marketing,Executive,B.Tech,Hyderabad,2018-06-11,11,MGR021,2026-08-01,Present,08:52,20:06,0,9.0,Yes,Failed,Success,Yes,Night,2.0,Yes,None,17,21,Approved,6.6,5.6,5.4,46333,17224,9868,53689,94,53,56,2,56,Power BI,29,88,Neutral,No,90,51,Medium,None,Payroll,2026-06-11,12
EMP00832,Employee_832,57,Male,Marketing,Analyst,MCA,Pune,2018-10-11,9,MGR005,2026-08-01,Present,09:55,18:07,0,7.7,Yes,Verified,Success,Yes,Morning,6.8,Yes,Sick,2,30,Pending,7.8,5.7,7.7,137493,7132,8976,135649,54,56,83,2,60,HRMS,44,43,Negative,No,73,58,Medium,Late,Payroll,2026-10-11,12
EMP00833,Employee_833,52,Male,HR,Coordinator,Bachelor,Hyderabad,2023-02-25,14,MGR004,2026-08-01,WFH,09:48,20:39,0,8.1,Yes,Verified,Success,Yes,Evening,3.6,No,Earned,6,0,Approved,7.0,6.4,4.4,76691,855,3208,74338,88,95,75,2,50,Excel,91,48,Positive,No,37,88,Medium,None,None,2026-02-25,8
EMP00834,Employee_834,25,Female,Operations,Analyst,MCA,Pune,2019-03-19,6,MGR032,2026-08-01,Present,09:19,18:54,0,7.1,Yes,Verified,Success,Yes,Night,6.7,No,Sick,16,9,Rejected,7.6,6.1,3.2,127413,865,9502,118776,91,50,65,2,59,AWS,76,86,Positive,Yes,83,63,Low,Late,Payroll,2026-03-19,9
EMP00835,Employee_835,60,Male,Marketing,Executive,Bachelor,Bangalore,2019-08-03,9,MGR067,2026-08-01,Absent,09:49,18:27,0,8.5,Yes,Failed,Success,Yes,Night,1.3,No,Casual,8,12,Rejected,8.5,4.8,7.7,66466,3688,3466,66688,84,41,52,4,33,Excel,52,56,Neutral,No,56,66,Medium,Performance,Attrition,2026-08-03,5
EMP00836,Employee_836,52,Male,IT,Analyst,B.Tech,Bangalore,2023-10-20,3,MGR059,2026-08-01,Present,09:56,18:36,0,8.3,Yes,Verified,Success,Yes,Morning,2.4,No,Sick,15,16,Pending,6.0,4.4,6.5,37879,12874,3782,46971,67,56,55,4,47,SAP,22,74,Positive,No,49,91,Low,Performance,None,2026-10-20,2
EMP00837,Employee_837,26,Male,Sales,Coordinator,Bachelor,Hyderabad,2022-08-24,10,MGR044,2026-08-01,Present,10:17,19:22,72,9.7,Yes,Verified,Failed,Yes,Evening,4.3,Yes,Earned,0,16,Pending,8.8,7.8,7.8,140009,12289,1247,151051,64,71,78,3,11,Java,3,52,Neutral,No,44,80,High,Leave,Payroll,2026-08-24,6
EMP00838,Employee_838,21,Male,HR,Specialist,B.Tech,Chennai,2024-05-09,4,MGR020,2026-08-01,Present,09:09,18:33,0,8.1,Yes,Failed,Success,Yes,Evening,4.2,Yes,None,13,20,Rejected,8.9,5.8,7.2,28756,290,3782,25264,63,64,83,5,29,AWS,84,90,Positive,No,84,41,High,Performance,None,2026-05-09,10
EMP00839,Employee_839,25,Male,Sales,Coordinator,MBA,Bhubaneswar,2020-03-04,7,MGR036,2026-08-01,Present,09:40,19:35,0,7.8,Yes,Failed,Success,Yes,Evening,6.1,Yes,None,18,22,Pending,6.5,5.9,5.4,78266,11819,543,89542,95,82,86,2,42,SQL,39,91,Positive,No,86,45,Medium,Leave,Attrition,2026-03-04,7
EMP00840,Employee_840,43,Female,IT,Executive,MBA,Bangalore,2024-06-17,16,MGR001,2026-08-01,WFH,09:07,19:59,0,9.2,Yes,Failed,Success,Yes,Night,3.6,No,Casual,9,8,Pending,7.4,6.6,3.7,134485,2770,7798,129457,98,60,87,3,23,Excel,40,83,Positive,No,62,91,Low,Late,Compliance,2026-06-17,7
EMP00841,Employee_841,50,Male,IT,Coordinator,MCA,Hyderabad,2021-02-14,20,MGR044,2026-08-01,Present,10:04,20:47,79,7.7,Yes,Verified,Failed,Yes,Evening,2.1,No,None,1,22,Pending,6.5,6.8,5.8,36861,14580,209,51232,65,60,95,2,44,Power BI,100,96,Negative,No,35,81,Low,Performance,Compliance,2026-02-14,11
EMP00842,Employee_842,56,Male,Operations,Engineer,Bachelor,Bangalore,2023-12-31,13,MGR042,2026-08-01,Present,09:40,19:45,0,8.4,Yes,Verified,Success,Yes,Night,3.1,Yes,None,11,26,Rejected,8.6,7.8,7.8,111302,16119,9400,118021,93,96,83,5,76,Java,9,99,Negative,No,10,62,High,None,None,2026-12-31,7
EMP00843,Employee_843,58,Male,HR,Specialist,B.Tech,Hyderabad,2019-05-04,9,MGR023,2026-08-01,Present,08:19,19:13,0,9.9,Yes,Failed,Failed,Yes,Night,2.4,No,Casual,8,7,Pending,9.0,6.7,7.8,118397,2677,1688,119386,85,83,96,5,63,SAP,0,43,Neutral,No,81,71,Low,Late,Payroll,2026-05-04,4
EMP00844,Employee_844,56,Male,Support,Engineer,B.Tech,Pune,2019-12-08,18,MGR075,2026-08-01,Present,09:26,20:25,0,8.2,Yes,Verified,Success,Yes,Night,4.9,No,Sick,3,29,Rejected,8.5,6.2,3.3,36343,18183,504,54022,86,81,73,3,58,SQL,52,59,Neutral,No,95,67,Low,None,None,2026-12-08,1
EMP00845,Employee_845,24,Female,Operations,Coordinator,B.Tech,Delhi,2020-02-13,7,MGR022,2026-08-01,Present,09:51,20:02,0,8.7,Yes,Failed,Success,Yes,Evening,6.4,No,Casual,18,21,Rejected,8.1,6.0,3.8,83591,1528,4029,81090,78,95,76,2,22,HRMS,44,43,Neutral,Yes,46,86,Medium,Leave,Attrition,2026-02-13,6
EMP00846,Employee_846,26,Male,Marketing,Analyst,B.Tech,Delhi,2022-12-14,8,MGR064,2026-08-01,Present,09:22,18:54,0,9.8,Yes,Verified,Success,Yes,Evening,3.2,No,Casual,13,24,Approved,6.2,5.7,3.1,76795,11811,4524,84082,89,54,53,5,27,Power BI,95,64,Negative,No,42,44,Low,Leave,Attrition,2026-12-14,4
EMP00847,Employee_847,45,Male,Finance,Analyst,B.Tech,Delhi,2020-09-16,10,MGR019,2026-08-01,Present,08:17,19:25,0,9.2,Yes,Verified,Success,Yes,Morning,0.6,No,Casual,1,15,Rejected,7.7,7.9,2.4,123760,8451,642,131569,72,93,63,5,51,HRMS,76,99,Positive,No,34,17,Medium,Performance,Compliance,2026-09-16,4
EMP00848,Employee_848,54,Male,Sales,Engineer,Master,Pune,2020-11-22,5,MGR024,2026-08-01,Present,09:37,18:06,0,7.1,Yes,Verified,Failed,Yes,Evening,1.0,Yes,None,4,17,Rejected,7.8,4.6,3.2,116377,13115,2610,126882,52,53,97,4,57,Python,34,52,Positive,No,39,97,Low,None,Compliance,2026-11-22,9
EMP00849,Employee_849,21,Female,Sales,Engineer,B.Tech,Bhubaneswar,2021-02-24,18,MGR068,2026-08-01,Present,09:41,20:23,0,9.3,Yes,Failed,Failed,Yes,Morning,0.3,No,Earned,2,18,Rejected,7.2,4.1,7.9,72192,15953,8969,79176,90,64,68,3,47,AWS,39,59,Negative,No,28,12,Medium,Performance,Compliance,2026-02-24,8
EMP00850,Employee_850,49,Male,Operations,Specialist,B.Tech,Delhi,2019-10-07,16,MGR047,2026-08-01,Present,09:16,20:08,0,8.6,Yes,Failed,Success,Yes,Night,5.0,Yes,Casual,9,19,Pending,7.8,6.4,7.5,67363,6758,2383,71738,93,83,83,2,27,Excel,10,84,Neutral,No,12,30,Low,None,Payroll,2026-10-07,10
EMP00851,Employee_851,48,Female,Operations,Coordinator,MCA,Pune,2022-09-19,20,MGR005,2026-08-01,Present,09:29,18:19,0,8.5,Yes,Verified,Success,Yes,Evening,4.0,No,Casual,0,4,Rejected,7.8,6.9,2.5,68466,382,6490,62358,96,40,64,3,67,AWS,23,59,Positive,No,70,48,Low,Late,None,2026-09-19,6
EMP00852,Employee_852,47,Male,Marketing,Specialist,MBA,Delhi,2021-12-14,10,MGR077,2026-08-01,Present,10:12,20:36,72,8.0,Yes,Failed,Success,Yes,Evening,0.0,No,Earned,7,24,Rejected,8.0,4.8,4.8,63660,6746,9384,61022,82,71,63,5,4,Python,19,87,Positive,No,12,84,Low,Performance,Compliance,2026-12-14,7
EMP00853,Employee_853,32,Male,Operations,Engineer,MBA,Delhi,2022-03-21,14,MGR035,2026-08-01,Present,09:38,18:27,0,9.0,Yes,Verified,Success,Yes,Night,0.8,Yes,None,11,19,Approved,6.9,6.1,4.4,111089,15112,3356,122845,96,41,97,5,56,Excel,95,49,Neutral,No,49,38,Medium,Late,Attrition,2026-03-21,9
EMP00854,Employee_854,24,Male,Marketing,Engineer,B.Tech,Bhubaneswar,2022-01-03,13,MGR038,2026-08-01,Absent,10:49,20:42,71,9.0,Yes,Failed,Failed,Yes,Morning,0.0,Yes,Sick,20,11,Pending,8.4,6.9,4.5,36975,15870,7057,45788,86,93,69,4,32,SAP,27,84,Positive,No,79,56,High,None,Payroll,2026-01-03,3
EMP00855,Employee_855,55,Female,Operations,Executive,B.Tech,Bhubaneswar,2023-08-15,18,MGR068,2026-08-01,Absent,10:34,20:15,60,9.9,Yes,Verified,Success,Yes,Evening,1.9,No,None,11,19,Pending,7.5,6.5,5.0,97499,6271,7249,96521,75,50,97,2,41,Python,19,55,Positive,No,75,73,High,Performance,Payroll,2026-08-15,7
EMP00856,Employee_856,37,Female,Marketing,Manager,Master,Bhubaneswar,2024-10-27,5,MGR014,2026-08-01,Present,09:24,18:52,0,7.7,Yes,Verified,Success,Yes,Morning,1.3,Yes,Casual,8,10,Pending,7.3,5.2,4.6,64081,7608,5870,65819,69,77,53,3,27,SAP,51,56,Neutral,No,45,58,Medium,None,None,2026-10-27,7
EMP00857,Employee_857,41,Female,Marketing,Executive,MCA,Chennai,2018-11-29,2,MGR073,2026-08-01,Absent,09:02,18:50,0,9.5,Yes,Verified,Success,Yes,Night,4.6,Yes,Casual,1,6,Pending,6.4,6.2,6.3,120292,18826,6636,132482,92,65,50,3,12,Excel,65,60,Neutral,No,10,98,Low,Late,Payroll,2026-11-29,8
EMP00858,Employee_858,43,Female,HR,Specialist,Bachelor,Hyderabad,2020-03-01,17,MGR008,2026-08-01,Present,10:58,20:51,60,7.3,Yes,Verified,Failed,Yes,Night,6.3,Yes,Casual,3,29,Pending,7.9,6.9,2.2,33988,6041,4821,35208,72,61,57,2,73,SQL,85,92,Negative,No,85,28,High,Performance,Attrition,2026-03-01,2
EMP00859,Employee_859,60,Male,Marketing,Engineer,Master,Delhi,2023-08-17,11,MGR003,2026-08-01,Present,09:58,20:06,0,8.8,Yes,Verified,Success,Yes,Night,3.6,Yes,Casual,15,26,Approved,6.2,4.8,5.5,95289,375,5098,90566,60,48,52,2,72,Java,5,82,Positive,No,37,61,High,None,Attrition,2026-08-17,8
EMP00860,Employee_860,55,Male,Sales,Executive,Bachelor,Bhubaneswar,2022-01-27,5,MGR054,2026-08-01,Present,10:47,18:46,77,7.1,Yes,Verified,Success,Yes,Evening,0.8,No,None,11,13,Pending,7.5,4.4,2.7,45250,14711,4176,55785,85,67,53,5,8,SQL,15,82,Negative,No,26,85,High,Late,Compliance,2026-01-27,4
EMP00861,Employee_861,48,Male,IT,Analyst,MBA,Chennai,2018-08-31,10,MGR077,2026-08-01,Present,09:42,20:32,0,9.1,Yes,Verified,Success,Yes,Night,1.8,No,None,16,18,Pending,8.6,4.2,3.7,101127,4445,975,104597,51,62,60,5,11,SQL,18,88,Positive,No,37,54,Low,None,Attrition,2026-08-31,5
EMP00862,Employee_862,55,Male,Operations,Specialist,B.Tech,Bhubaneswar,2019-02-27,8,MGR005,2026-08-01,Present,10:35,18:17,60,8.3,Yes,Verified,Success,Yes,Evening,5.4,No,None,8,26,Pending,6.0,6.7,7.1,122930,13338,696,135572,71,93,82,4,4,HRMS,16,84,Neutral,No,43,43,Medium,Performance,Compliance,2026-02-27,11
EMP00863,Employee_863,40,Male,Operations,Specialist,Bachelor,Hyderabad,2024-02-16,19,MGR046,2026-08-01,Present,09:55,20:28,0,9.7,Yes,Verified,Success,Yes,Morning,2.5,No,Earned,8,12,Pending,7.8,7.5,6.8,104742,8984,1280,112446,62,42,56,3,50,Java,63,48,Negative,No,90,51,Low,Performance,Payroll,2026-02-16,11
EMP00864,Employee_864,59,Female,Sales,Analyst,Bachelor,Pune,2022-03-18,12,MGR018,2026-08-01,Present,10:34,19:27,70,7.0,Yes,Verified,Success,Yes,Night,2.7,Yes,Sick,18,25,Pending,8.6,6.4,5.8,42662,12694,2121,53235,100,83,76,2,61,Python,15,65,Neutral,No,58,20,Medium,Performance,Payroll,2026-03-18,1
EMP00865,Employee_865,38,Male,IT,Manager,Master,Hyderabad,2019-10-10,12,MGR005,2026-08-01,Present,08:20,20:53,0,8.6,Yes,Failed,Success,Yes,Night,6.0,No,None,15,14,Approved,6.3,7.8,2.3,52037,2842,2416,52463,99,49,50,3,80,AWS,93,97,Positive,Yes,52,25,Low,Late,None,2026-10-10,9
EMP00866,Employee_866,30,Male,IT,Engineer,Bachelor,Bhubaneswar,2021-01-19,19,MGR011,2026-08-01,Absent,09:58,20:17,0,9.7,Yes,Failed,Success,Yes,Night,0.8,Yes,Sick,13,29,Rejected,7.9,4.3,7.2,68173,7534,4721,70986,84,99,100,2,62,Excel,33,84,Positive,No,91,59,Medium,Late,Payroll,2026-01-19,1
EMP00867,Employee_867,52,Male,Marketing,Analyst,Bachelor,Bhubaneswar,2019-09-01,18,MGR050,2026-08-01,Present,08:19,18:26,0,8.0,Yes,Verified,Failed,Yes,Night,4.9,No,Casual,16,21,Pending,7.1,5.9,7.8,54895,3038,3555,54378,99,100,72,3,16,HRMS,27,89,Negative,No,48,64,High,Late,Compliance,2026-09-01,12
EMP00868,Employee_868,41,Male,Finance,Analyst,Bachelor,Pune,2023-07-17,16,MGR072,2026-08-01,Present,09:35,18:21,0,7.1,Yes,Verified,Success,Yes,Evening,2.1,No,Casual,10,17,Rejected,7.6,6.0,4.8,63722,6084,2101,67705,50,56,78,4,50,SAP,55,64,Neutral,No,15,68,Low,Performance,Payroll,2026-07-17,6
EMP00869,Employee_869,34,Female,Marketing,Manager,MCA,Bangalore,2023-08-13,3,MGR048,2026-08-01,Present,09:45,18:25,0,7.4,Yes,Failed,Failed,Yes,Morning,5.6,No,Sick,1,22,Approved,6.8,7.8,3.3,66078,6802,1183,71697,90,92,57,5,1,HRMS,10,57,Neutral,No,55,18,High,Performance,Payroll,2026-08-13,6
EMP00870,Employee_870,60,Female,HR,Analyst,MBA,Bangalore,2023-03-05,7,MGR032,2026-08-01,Absent,09:50,20:59,0,8.4,Yes,Failed,Success,Yes,Night,4.4,No,None,8,2,Approved,8.3,7.0,6.8,52988,2265,9751,45502,69,54,68,3,38,SAP,46,87,Negative,No,79,89,Medium,Performance,None,2026-03-05,12
EMP00871,Employee_871,44,Male,Sales,Specialist,MBA,Bangalore,2023-12-14,14,MGR056,2026-08-01,WFH,10:14,20:08,76,8.5,Yes,Verified,Failed,Yes,Morning,6.9,Yes,Casual,16,3,Approved,6.5,4.9,5.6,32036,4287,1894,34429,66,75,52,5,56,Python,37,68,Positive,No,25,39,High,Late,Attrition,2026-12-14,9
EMP00872,Employee_872,21,Female,HR,Engineer,B.Tech,Pune,2023-03-13,13,MGR046,2026-08-01,Present,09:00,20:28,0,8.1,Yes,Failed,Success,Yes,Morning,5.5,Yes,None,14,27,Approved,8.4,6.6,2.8,119772,16265,4191,131846,87,93,63,5,64,HRMS,68,50,Neutral,No,81,33,Medium,Late,Attrition,2026-03-13,5
EMP00873,Employee_873,57,Male,Operations,Analyst,B.Tech,Pune,2020-06-01,12,MGR005,2026-08-01,Absent,10:34,19:14,66,7.3,Yes,Verified,Success,Yes,Night,3.1,No,Casual,9,10,Rejected,8.4,5.1,7.3,109390,19209,7059,121540,85,45,57,4,66,Java,55,62,Positive,No,29,33,Low,None,None,2026-06-01,7
EMP00874,Employee_874,56,Male,Support,Executive,MBA,Chennai,2020-08-20,16,MGR013,2026-08-01,Present,09:26,20:21,0,8.7,Yes,Verified,Failed,Yes,Night,3.3,No,Sick,17,5,Approved,7.9,6.0,6.5,87107,621,5028,82700,56,53,98,2,52,Excel,88,65,Neutral,No,83,63,Low,Performance,Attrition,2026-08-20,8
EMP00875,Employee_875,25,Male,Support,Manager,Bachelor,Pune,2022-10-18,8,MGR077,2026-08-01,Present,10:22,18:49,75,9.4,Yes,Failed,Success,Yes,Night,1.1,No,Casual,6,13,Pending,8.6,4.8,5.6,128325,18317,6965,139677,50,83,81,4,51,SQL,46,95,Positive,No,14,12,Low,None,Compliance,2026-10-18,10
EMP00876,Employee_876,33,Female,Finance,Executive,MCA,Bangalore,2019-03-12,2,MGR034,2026-08-01,WFH,09:38,18:05,0,7.0,Yes,Failed,Failed,Yes,Evening,3.3,Yes,Earned,9,24,Pending,8.5,6.8,2.1,65346,9275,3005,71616,90,91,92,2,77,SQL,43,97,Neutral,No,38,67,High,None,Attrition,2026-03-12,8
EMP00877,Employee_877,28,Male,Support,Engineer,Master,Pune,2024-06-02,5,MGR056,2026-08-01,Present,09:43,18:03,0,8.1,Yes,Verified,Failed,Yes,Night,1.6,No,Casual,14,28,Pending,8.7,6.5,4.8,29793,19137,6461,42469,92,94,98,3,46,AWS,87,68,Negative,No,35,20,Medium,Performance,None,2026-06-02,2
EMP00878,Employee_878,34,Male,Operations,Executive,Bachelor,Delhi,2019-04-19,13,MGR066,2026-08-01,Present,09:32,20:44,0,8.6,Yes,Failed,Failed,Yes,Night,3.3,No,None,9,1,Rejected,7.0,6.4,3.2,134253,15287,8177,141363,72,72,74,2,61,Java,27,100,Negative,No,34,52,Medium,Leave,Attrition,2026-04-19,1
EMP00879,Employee_879,46,Female,Operations,Manager,MCA,Pune,2019-11-21,20,MGR050,2026-08-01,Present,09:16,20:40,0,7.8,Yes,Verified,Failed,Yes,Morning,3.7,No,Sick,15,26,Rejected,8.4,5.0,7.1,141001,11490,9740,142751,66,95,70,5,4,Power BI,32,41,Neutral,No,40,56,Medium,Late,None,2026-11-21,9
EMP00880,Employee_880,42,Male,IT,Executive,MBA,Hyderabad,2021-01-22,17,MGR005,2026-08-01,Present,10:30,20:00,79,8.1,Yes,Failed,Success,Yes,Morning,5.2,No,Earned,12,18,Approved,6.6,6.4,3.5,140146,7438,4238,143346,88,64,69,4,67,Python,89,98,Neutral,No,13,60,Low,Performance,Compliance,2026-01-22,1
EMP00881,Employee_881,41,Male,HR,Coordinator,Master,Pune,2021-01-30,11,MGR067,2026-08-01,Present,08:34,19:40,0,8.7,Yes,Verified,Success,Yes,Evening,1.1,No,Earned,12,8,Rejected,7.3,6.8,8.0,48157,8439,480,56116,75,95,77,3,4,Excel,27,94,Positive,No,72,25,High,Performance,Payroll,2026-01-30,2
EMP00882,Employee_882,26,Male,IT,Coordinator,B.Tech,Pune,2021-10-06,1,MGR062,2026-08-01,Present,10:07,20:55,64,8.8,Yes,Verified,Success,Yes,Evening,5.6,No,Earned,1,15,Rejected,7.9,4.8,3.2,132238,2287,874,133651,65,95,51,4,54,SQL,33,56,Positive,No,51,57,High,Leave,Payroll,2026-10-06,12
EMP00883,Employee_883,50,Male,Operations,Executive,MCA,Pune,2023-04-22,10,MGR056,2026-08-01,Present,10:03,19:05,78,8.9,Yes,Failed,Failed,Yes,Night,3.5,Yes,Casual,11,19,Approved,6.7,6.9,7.5,78725,1038,3042,76721,63,76,57,3,16,Excel,62,69,Neutral,No,56,76,High,Leave,None,2026-04-22,12
EMP00884,Employee_884,21,Female,Operations,Specialist,Bachelor,Pune,2020-04-28,18,MGR009,2026-08-01,Present,09:40,19:54,0,8.9,Yes,Verified,Success,Yes,Evening,4.8,No,None,15,15,Approved,8.9,6.1,6.6,147575,16401,7305,156671,93,81,69,5,56,Java,65,52,Positive,No,39,32,High,Leave,Attrition,2026-04-28,4
EMP00885,Employee_885,51,Male,Marketing,Analyst,MCA,Bhubaneswar,2022-11-08,6,MGR016,2026-08-01,Absent,09:35,20:15,0,9.4,Yes,Verified,Success,Yes,Morning,1.4,Yes,Earned,0,15,Rejected,7.6,7.0,5.0,140034,8595,2118,146511,67,100,66,4,34,Python,70,75,Negative,No,83,40,High,Late,None,2026-11-08,4
EMP00886,Employee_886,30,Female,Marketing,Specialist,Bachelor,Bhubaneswar,2020-02-02,11,MGR021,2026-08-01,Present,08:58,20:02,0,9.7,Yes,Failed,Failed,Yes,Night,0.4,No,Earned,14,6,Approved,6.1,6.4,7.3,82109,166,5607,76668,65,62,75,4,45,Java,0,55,Positive,No,66,76,High,None,Payroll,2026-02-02,5
EMP00887,Employee_887,43,Male,HR,Specialist,MBA,Bhubaneswar,2018-09-04,0,MGR038,2026-08-01,Present,09:05,20:34,0,7.4,Yes,Verified,Failed,Yes,Evening,2.4,Yes,None,5,9,Rejected,8.6,7.1,2.2,40397,4783,9982,35198,65,98,53,2,44,Java,67,58,Negative,No,67,27,High,Leave,Attrition,2026-09-04,8
EMP00888,Employee_888,36,Male,Finance,Analyst,MCA,Bangalore,2024-09-23,15,MGR019,2026-08-01,Absent,09:12,20:55,0,7.4,Yes,Verified,Success,Yes,Night,1.8,No,None,6,16,Pending,6.6,5.4,5.9,60506,10797,5364,65939,93,66,99,3,67,SQL,43,97,Neutral,No,85,5,Low,None,None,2026-09-23,10
EMP00889,Employee_889,21,Female,Marketing,Specialist,MBA,Delhi,2022-09-30,3,MGR042,2026-08-01,Present,10:32,20:08,70,9.0,Yes,Verified,Success,Yes,Night,3.9,No,None,16,7,Pending,6.1,7.7,4.5,75814,3385,5547,73652,73,62,100,5,45,Excel,47,95,Neutral,No,75,65,Low,None,Compliance,2026-09-30,11
EMP00890,Employee_890,52,Female,Finance,Manager,MCA,Bangalore,2019-09-17,11,MGR037,2026-08-01,Absent,09:07,18:13,0,8.5,Yes,Verified,Success,Yes,Night,1.7,Yes,Earned,14,19,Pending,7.8,4.1,2.4,64324,14648,7405,71567,68,95,71,4,46,Java,70,93,Neutral,No,82,88,High,Performance,Attrition,2026-09-17,5
EMP00891,Employee_891,28,Male,Finance,Manager,MCA,Bangalore,2019-03-09,10,MGR004,2026-08-01,WFH,09:49,19:27,0,8.3,Yes,Failed,Failed,Yes,Morning,1.8,No,Sick,18,3,Approved,8.7,7.9,4.9,128296,13820,8004,134112,93,70,75,4,46,Excel,8,100,Neutral,No,57,14,High,Late,Payroll,2026-03-09,2
EMP00892,Employee_892,56,Male,Support,Manager,MBA,Hyderabad,2023-07-27,19,MGR044,2026-08-01,Absent,08:23,19:51,0,7.6,Yes,Verified,Success,Yes,Night,3.6,Yes,Casual,1,11,Rejected,7.5,7.9,6.6,62082,11945,5511,68516,76,72,53,4,71,AWS,97,40,Neutral,No,84,11,Low,Performance,None,2026-07-27,5
EMP00893,Employee_893,26,Female,Marketing,Engineer,Master,Pune,2020-04-02,17,MGR050,2026-08-01,Absent,08:49,20:43,0,9.9,Yes,Verified,Failed,Yes,Night,1.1,No,None,10,16,Rejected,8.9,7.5,7.9,98289,10520,2599,106210,84,62,91,5,3,SQL,4,63,Neutral,No,80,25,High,None,None,2026-04-02,2
EMP00894,Employee_894,24,Male,Marketing,Coordinator,Master,Chennai,2022-02-22,7,MGR028,2026-08-01,WFH,09:27,18:31,0,8.8,Yes,Verified,Success,Yes,Night,3.3,Yes,Earned,5,16,Approved,8.8,8.0,2.4,46202,13300,4670,54832,84,79,63,2,67,Java,36,100,Neutral,No,76,12,Medium,Performance,Attrition,2026-02-22,7
EMP00895,Employee_895,32,Female,IT,Coordinator,B.Tech,Pune,2020-10-14,9,MGR062,2026-08-01,Present,09:46,19:19,0,7.8,Yes,Verified,Success,Yes,Evening,5.6,Yes,Casual,0,24,Pending,7.8,5.7,3.4,64187,16793,1518,79462,88,90,91,3,41,SQL,87,84,Negative,No,70,56,Medium,Leave,Compliance,2026-10-14,5
EMP00896,Employee_896,60,Male,Support,Specialist,MCA,Chennai,2022-05-09,10,MGR032,2026-08-01,Present,10:20,19:51,74,8.3,Yes,Verified,Failed,Yes,Morning,0.5,Yes,Sick,2,0,Approved,7.9,7.2,5.5,147193,8429,6291,149331,50,94,85,4,72,HRMS,34,89,Negative,No,59,49,Medium,None,None,2026-05-09,11
EMP00897,Employee_897,45,Female,IT,Engineer,Bachelor,Bangalore,2024-01-12,14,MGR027,2026-08-01,Present,09:45,20:49,0,7.8,Yes,Verified,Failed,Yes,Night,4.4,Yes,Casual,4,16,Pending,7.5,5.2,7.3,112161,4469,4362,112268,83,60,81,3,64,Excel,6,99,Neutral,No,52,41,High,Performance,Payroll,2026-01-12,11
EMP00898,Employee_898,45,Male,HR,Manager,MBA,Bhubaneswar,2023-01-15,4,MGR051,2026-08-01,Present,09:30,20:27,0,7.8,Yes,Verified,Failed,Yes,Evening,0.8,Yes,Earned,20,29,Approved,6.5,4.1,4.5,133222,15085,8231,140076,66,67,72,4,24,Java,32,51,Positive,No,17,37,Low,None,Attrition,2026-01-15,8
EMP00899,Employee_899,57,Male,Marketing,Specialist,MBA,Chennai,2020-10-21,0,MGR044,2026-08-01,Present,09:40,18:15,0,7.7,Yes,Failed,Success,Yes,Morning,2.1,Yes,Sick,4,6,Approved,8.5,6.8,5.0,57710,10675,1356,67029,80,97,77,2,52,Excel,23,94,Neutral,No,95,75,High,None,Payroll,2026-10-21,3
EMP00900,Employee_900,53,Male,Operations,Executive,Bachelor,Bhubaneswar,2020-04-28,11,MGR020,2026-08-01,Present,09:05,20:17,0,8.0,Yes,Failed,Success,Yes,Night,0.0,No,Sick,17,19,Rejected,6.1,7.4,4.8,25204,13179,664,37719,95,51,72,2,78,HRMS,12,47,Neutral,No,37,40,High,Late,None,2026-04-28,5
EMP00901,Employee_901,25,Male,Marketing,Engineer,Master,Bhubaneswar,2018-01-26,12,MGR071,2026-08-01,Present,09:18,19:51,0,9.8,Yes,Verified,Success,Yes,Evening,0.0,No,Casual,11,30,Approved,6.1,5.0,5.7,53944,1315,7014,48245,78,58,65,2,11,Power BI,52,67,Neutral,No,54,50,Low,Late,Compliance,2026-01-26,4
EMP00902,Employee_902,47,Male,Finance,Executive,MBA,Hyderabad,2022-07-04,10,MGR020,2026-08-01,Present,08:08,18:43,0,7.7,Yes,Failed,Success,Yes,Night,3.6,Yes,Casual,13,14,Rejected,6.9,4.0,7.3,69532,16717,363,85886,72,97,97,4,55,SAP,5,67,Negative,No,10,40,Medium,None,None,2026-07-04,3
EMP00903,Employee_903,44,Male,Marketing,Engineer,Master,Bhubaneswar,2018-12-07,20,MGR048,2026-08-01,Present,10:18,20:37,62,9.1,Yes,Verified,Success,Yes,Evening,4.3,No,None,19,28,Pending,7.7,4.8,7.2,131193,5905,3947,133151,95,73,64,3,4,Power BI,34,51,Neutral,No,43,52,High,Leave,Payroll,2026-12-07,12
EMP00904,Employee_904,41,Female,Marketing,Specialist,Bachelor,Hyderabad,2019-03-29,3,MGR007,2026-08-01,Present,10:12,19:25,60,9.3,Yes,Failed,Success,Yes,Morning,1.2,No,Casual,4,24,Approved,6.0,5.9,6.6,64922,2255,1061,66116,94,59,62,2,59,Python,0,76,Negative,No,46,15,Medium,Leave,Compliance,2026-03-29,8
EMP00905,Employee_905,24,Male,Support,Engineer,MBA,Chennai,2023-01-13,19,MGR022,2026-08-01,Present,08:43,18:55,0,7.6,Yes,Failed,Failed,Yes,Night,2.3,No,None,14,14,Rejected,8.5,6.2,4.3,133587,8832,7222,135197,56,69,74,2,77,SAP,47,42,Neutral,No,87,12,Medium,Late,Compliance,2026-01-13,1
EMP00906,Employee_906,45,Male,IT,Coordinator,Bachelor,Pune,2018-10-11,18,MGR028,2026-08-01,WFH,08:24,19:41,0,8.5,Yes,Failed,Failed,Yes,Night,2.1,No,Sick,11,1,Pending,7.1,6.9,5.8,141979,19322,1375,159926,72,92,59,4,42,Excel,47,69,Positive,No,94,63,Medium,Leave,None,2026-10-11,10
EMP00907,Employee_907,49,Male,Marketing,Coordinator,Master,Pune,2020-12-04,0,MGR017,2026-08-01,WFH,09:53,20:42,0,8.1,Yes,Failed,Success,Yes,Morning,3.1,No,None,17,23,Approved,6.1,6.4,7.6,80755,4823,2986,82592,64,67,50,4,75,SQL,75,57,Negative,No,10,71,Low,Performance,None,2026-12-04,1
EMP00908,Employee_908,22,Female,Support,Coordinator,MCA,Pune,2020-03-15,14,MGR063,2026-08-01,Absent,09:50,18:05,0,7.8,Yes,Failed,Success,Yes,Morning,3.3,No,Casual,15,28,Approved,6.3,5.3,5.9,112395,5507,8640,109262,99,87,88,5,51,Java,55,41,Neutral,No,67,25,High,Leave,Payroll,2026-03-15,7
EMP00909,Employee_909,44,Female,IT,Coordinator,MCA,Chennai,2024-04-24,14,MGR037,2026-08-01,Present,08:50,20:39,0,7.5,Yes,Verified,Success,Yes,Evening,6.7,No,None,4,13,Pending,8.2,7.5,6.3,71412,3936,3353,71995,76,80,80,2,24,AWS,69,47,Negative,No,26,93,Low,Performance,Attrition,2026-04-24,5
EMP00910,Employee_910,44,Female,Operations,Specialist,MBA,Bangalore,2023-09-19,17,MGR031,2026-08-01,Present,09:38,20:37,0,8.4,Yes,Verified,Success,Yes,Evening,2.8,Yes,None,9,26,Approved,7.8,4.2,4.3,84130,19897,3911,100116,66,67,90,5,73,SQL,19,64,Neutral,No,24,73,Low,Performance,Compliance,2026-09-19,4
EMP00911,Employee_911,56,Male,HR,Manager,B.Tech,Delhi,2022-02-22,4,MGR066,2026-08-01,Present,09:46,19:23,0,7.7,Yes,Verified,Success,Yes,Morning,2.4,No,Casual,2,1,Approved,7.8,5.1,5.3,125224,18189,7837,135576,81,56,80,3,64,SQL,14,51,Negative,No,30,51,High,Late,Payroll,2026-02-22,12
EMP00912,Employee_912,29,Male,HR,Executive,B.Tech,Delhi,2022-02-17,13,MGR043,2026-08-01,Absent,08:00,18:36,0,9.0,Yes,Failed,Failed,Yes,Evening,1.8,No,None,14,10,Pending,8.9,6.8,5.0,99787,5413,2089,103111,80,89,86,3,10,SAP,38,53,Positive,No,26,85,Medium,Late,Payroll,2026-02-17,11
EMP00913,Employee_913,43,Male,Support,Specialist,Master,Pune,2021-07-31,5,MGR007,2026-08-01,Present,09:32,18:46,0,9.4,Yes,Verified,Failed,Yes,Night,1.6,No,Earned,2,20,Pending,9.0,4.7,5.7,115431,10827,8109,118149,62,52,86,2,12,HRMS,68,64,Neutral,No,10,66,High,Leave,Payroll,2026-07-31,1
EMP00914,Employee_914,25,Male,Finance,Engineer,B.Tech,Chennai,2022-06-26,18,MGR061,2026-08-01,Present,10:12,19:17,68,9.5,Yes,Verified,Success,Yes,Morning,4.9,Yes,None,7,16,Rejected,8.6,6.5,5.7,59868,3478,990,62356,89,81,57,4,27,Power BI,97,94,Negative,No,85,31,Medium,Performance,Payroll,2026-06-26,4
EMP00915,Employee_915,23,Male,Finance,Executive,MBA,Pune,2023-12-06,1,MGR012,2026-08-01,Absent,09:53,19:18,0,9.5,Yes,Failed,Success,Yes,Evening,4.2,Yes,Sick,2,26,Pending,8.7,5.1,7.9,36685,10647,8183,39149,50,98,61,2,15,Excel,43,85,Neutral,No,59,79,High,Late,Compliance,2026-12-06,11
EMP00916,Employee_916,36,Female,IT,Manager,B.Tech,Pune,2020-10-20,1,MGR080,2026-08-01,Absent,10:53,19:30,69,9.1,Yes,Failed,Failed,Yes,Morning,0.0,No,None,0,25,Approved,8.8,6.1,7.9,134646,2731,7287,130090,53,68,86,5,45,SQL,50,52,Neutral,No,27,9,Medium,None,Compliance,2026-10-20,1
EMP00917,Employee_917,23,Female,Sales,Manager,Bachelor,Delhi,2019-11-30,10,MGR035,2026-08-01,Present,09:13,20:12,0,8.3,Yes,Verified,Failed,Yes,Morning,2.8,Yes,Sick,10,30,Rejected,8.4,4.3,7.4,33830,12549,8431,37948,94,88,70,5,70,SQL,56,81,Negative,No,22,85,Medium,Performance,Compliance,2026-11-30,10
EMP00918,Employee_918,26,Male,Operations,Coordinator,Bachelor,Chennai,2018-09-01,9,MGR021,2026-08-01,Present,09:58,20:17,0,8.5,Yes,Verified,Success,Yes,Evening,3.9,Yes,None,5,6,Rejected,8.9,6.8,4.4,102679,5841,2788,105732,86,77,62,4,74,SQL,36,94,Positive,No,62,41,Low,None,None,2026-09-01,3
EMP00919,Employee_919,40,Female,Marketing,Specialist,MCA,Delhi,2018-05-06,12,MGR052,2026-08-01,Present,08:19,20:04,0,9.1,Yes,Verified,Success,Yes,Morning,0.0,Yes,Casual,4,21,Pending,7.4,6.7,7.7,106170,16583,4959,117794,56,98,76,2,39,Java,88,80,Negative,No,25,40,Low,Late,None,2026-05-06,9
EMP00920,Employee_920,29,Male,HR,Manager,B.Tech,Delhi,2018-04-15,5,MGR031,2026-08-01,Present,08:34,19:59,0,9.1,Yes,Verified,Failed,Yes,Morning,4.3,Yes,Sick,3,12,Approved,8.8,5.9,2.5,33078,16953,5155,44876,65,89,60,3,1,Power BI,40,55,Neutral,No,30,30,High,Performance,Attrition,2026-04-15,1
EMP00921,Employee_921,52,Female,Operations,Executive,B.Tech,Hyderabad,2023-01-10,1,MGR070,2026-08-01,Present,09:57,19:31,0,9.6,Yes,Verified,Success,Yes,Evening,1.7,No,Casual,4,25,Pending,8.5,4.2,3.4,110434,19334,8769,120999,63,84,52,3,47,SQL,2,84,Negative,No,86,91,Medium,Late,Payroll,2026-01-10,8
EMP00922,Employee_922,25,Female,Operations,Coordinator,MCA,Delhi,2019-07-18,6,MGR076,2026-08-01,Present,09:54,19:48,0,9.2,Yes,Failed,Failed,Yes,Morning,4.1,No,Casual,8,7,Rejected,8.0,7.2,3.0,81657,11349,4740,88266,82,76,62,3,48,Excel,85,80,Positive,No,68,70,High,Performance,None,2026-07-18,8
EMP00923,Employee_923,54,Female,Marketing,Engineer,Bachelor,Bhubaneswar,2018-06-12,13,MGR075,2026-08-01,Present,09:43,18:41,0,7.6,Yes,Verified,Success,Yes,Night,4.7,No,None,11,11,Approved,8.4,7.9,8.0,126354,7568,1295,132627,50,71,80,5,47,Python,92,75,Negative,No,48,72,Medium,Performance,Compliance,2026-06-12,6
EMP00924,Employee_924,25,Male,Marketing,Analyst,MBA,Delhi,2023-02-12,11,MGR010,2026-08-01,Present,09:52,19:35,0,7.8,Yes,Verified,Success,Yes,Night,6.7,Yes,Casual,16,28,Pending,7.7,5.3,3.2,117320,13585,2052,128853,62,85,52,5,41,SQL,44,58,Positive,No,84,52,Low,Leave,None,2026-02-12,12
EMP00925,Employee_925,35,Female,Support,Manager,MCA,Bhubaneswar,2019-02-12,10,MGR004,2026-08-01,Present,08:31,18:31,0,9.6,Yes,Verified,Success,Yes,Morning,1.1,No,Casual,10,13,Rejected,7.5,6.0,6.9,113149,7549,7026,113672,52,85,62,2,22,Excel,81,92,Negative,No,24,17,High,None,Attrition,2026-02-12,2
EMP00926,Employee_926,41,Male,Support,Analyst,Bachelor,Bangalore,2023-11-26,14,MGR041,2026-08-01,WFH,10:27,18:48,80,9.6,Yes,Verified,Success,Yes,Morning,1.7,No,Casual,18,7,Approved,8.7,8.0,5.0,71308,10066,7260,74114,60,55,53,3,55,AWS,100,77,Neutral,No,13,3,Low,None,None,2026-11-26,4
EMP00927,Employee_927,25,Male,Finance,Analyst,MBA,Bhubaneswar,2022-09-07,17,MGR012,2026-08-01,Present,09:08,20:16,0,9.9,Yes,Verified,Success,Yes,Night,1.2,No,Earned,2,20,Rejected,6.6,7.0,3.7,145284,1459,2113,144630,88,76,80,2,1,Excel,85,48,Positive,No,45,24,High,Leave,Attrition,2026-09-07,5
EMP00928,Employee_928,47,Female,HR,Analyst,Bachelor,Hyderabad,2020-05-22,12,MGR001,2026-08-01,Present,09:40,19:07,0,7.6,Yes,Verified,Success,Yes,Evening,2.4,No,Earned,9,18,Pending,6.4,6.9,6.6,42001,3423,710,44714,59,83,93,4,16,Excel,76,62,Neutral,No,69,16,High,None,Attrition,2026-05-22,7
EMP00929,Employee_929,52,Female,Sales,Coordinator,B.Tech,Hyderabad,2018-11-11,2,MGR028,2026-08-01,Present,10:29,20:04,79,7.4,Yes,Verified,Failed,Yes,Night,5.0,Yes,Casual,18,19,Pending,7.9,7.2,2.3,118757,18144,7437,129464,82,70,64,5,4,Java,46,47,Negative,No,42,40,Medium,Performance,None,2026-11-11,11
EMP00930,Employee_930,52,Female,Support,Manager,Bachelor,Bangalore,2023-02-12,20,MGR014,2026-08-01,Present,09:31,19:32,0,8.0,Yes,Verified,Failed,Yes,Morning,1.4,No,Casual,8,21,Pending,8.2,4.1,7.4,95588,18203,501,113290,69,78,62,2,30,Power BI,57,45,Negative,No,82,40,Medium,None,Attrition,2026-02-12,4
EMP00931,Employee_931,43,Male,Sales,Specialist,MBA,Bangalore,2023-10-17,1,MGR045,2026-08-01,Present,09:41,19:46,0,8.0,Yes,Verified,Failed,Yes,Evening,5.4,No,Sick,0,29,Approved,7.4,7.8,5.1,32149,15343,1223,46269,87,83,76,3,58,SAP,89,72,Negative,No,78,75,Low,Late,None,2026-10-17,1
EMP00932,Employee_932,60,Female,Sales,Analyst,Bachelor,Bangalore,2018-06-08,9,MGR052,2026-08-01,Present,09:28,19:42,0,8.5,Yes,Failed,Success,Yes,Evening,0.0,Yes,None,4,30,Rejected,9.0,6.2,4.5,146315,9084,354,155045,55,73,76,2,32,Java,19,67,Positive,No,47,38,Medium,None,Payroll,2026-06-08,10
EMP00933,Employee_933,21,Male,IT,Engineer,MBA,Pune,2024-02-26,1,MGR037,2026-08-01,Present,09:14,18:29,0,7.7,Yes,Verified,Success,Yes,Night,2.0,No,Earned,0,21,Pending,7.8,7.2,2.4,90808,15177,7638,98347,63,80,99,2,7,Java,29,72,Positive,No,69,56,High,Late,Payroll,2026-02-26,7
EMP00934,Employee_934,28,Male,Operations,Engineer,Bachelor,Bhubaneswar,2024-06-07,16,MGR055,2026-08-01,Present,09:18,18:08,0,7.7,Yes,Verified,Success,Yes,Night,3.2,No,Sick,9,3,Rejected,8.4,4.7,4.2,27927,9257,8640,28544,55,97,80,5,7,Python,31,57,Positive,No,68,34,Low,Late,Payroll,2026-06-07,7
EMP00935,Employee_935,26,Male,IT,Analyst,Bachelor,Hyderabad,2023-04-06,8,MGR014,2026-08-01,Present,09:07,20:53,0,9.8,Yes,Verified,Failed,Yes,Morning,6.6,Yes,Earned,10,0,Pending,6.3,6.9,5.9,74799,4524,5164,74159,63,43,100,3,4,AWS,16,51,Positive,No,49,33,Low,Performance,Attrition,2026-04-06,11
EMP00936,Employee_936,48,Male,HR,Executive,Bachelor,Chennai,2020-09-27,10,MGR080,2026-08-01,Present,09:39,19:17,0,9.2,Yes,Verified,Failed,Yes,Morning,3.6,No,Sick,6,10,Approved,7.3,7.1,7.3,112788,4459,5176,112071,84,49,75,4,67,Power BI,92,81,Negative,No,57,7,High,None,Payroll,2026-09-27,10
EMP00937,Employee_937,44,Male,Support,Manager,MCA,Bhubaneswar,2024-07-05,6,MGR043,2026-08-01,Absent,09:10,20:33,0,7.1,Yes,Verified,Success,Yes,Evening,4.2,Yes,Earned,6,22,Rejected,7.5,6.3,7.3,50539,11381,9095,52825,90,92,78,3,27,AWS,33,90,Neutral,No,26,45,Low,Leave,Attrition,2026-07-05,8
EMP00938,Employee_938,45,Female,Support,Specialist,Master,Bhubaneswar,2023-06-25,9,MGR055,2026-08-01,Present,09:03,18:27,0,7.0,Yes,Failed,Failed,Yes,Night,2.7,Yes,Earned,8,9,Rejected,7.3,7.8,6.0,127053,8961,9265,126749,73,91,73,4,26,SAP,59,77,Positive,No,81,45,High,Leave,Attrition,2026-06-25,1
EMP00939,Employee_939,37,Female,Operations,Engineer,MCA,Pune,2024-07-15,1,MGR012,2026-08-01,Present,08:03,20:53,0,10.0,Yes,Verified,Success,Yes,Night,3.3,No,Earned,8,0,Pending,7.7,5.6,2.8,86313,5149,5905,85557,92,100,100,2,13,SAP,37,52,Positive,No,60,99,Low,Late,Compliance,2026-07-15,6
EMP00940,Employee_940,54,Female,Finance,Engineer,B.Tech,Delhi,2018-08-29,18,MGR046,2026-08-01,Present,09:59,18:27,0,7.3,Yes,Verified,Failed,Yes,Evening,3.3,No,Sick,18,10,Pending,7.8,7.0,4.1,57312,19578,8331,68559,89,62,79,4,64,SQL,22,68,Negative,No,34,92,Low,Performance,Payroll,2026-08-29,11
EMP00941,Employee_941,31,Male,Marketing,Engineer,B.Tech,Chennai,2019-08-12,4,MGR061,2026-08-01,Present,09:29,19:58,0,9.4,Yes,Failed,Success,Yes,Night,2.7,No,None,4,8,Rejected,8.8,5.3,4.2,147129,9170,387,155912,55,50,85,3,48,Excel,64,45,Positive,No,12,44,Low,Late,Compliance,2026-08-12,9
EMP00942,Employee_942,58,Female,IT,Specialist,Master,Pune,2024-10-06,13,MGR063,2026-08-01,Present,09:17,18:13,0,8.9,Yes,Verified,Failed,Yes,Evening,0.6,Yes,Casual,1,26,Rejected,9.0,5.8,6.4,126573,9566,5546,130593,58,85,78,5,66,Excel,77,66,Negative,No,84,23,Low,Leave,None,2026-10-06,1
EMP00943,Employee_943,54,Female,Marketing,Coordinator,B.Tech,Hyderabad,2018-02-18,6,MGR064,2026-08-01,Present,09:57,19:30,0,7.7,Yes,Verified,Success,Yes,Morning,1.3,Yes,Casual,5,2,Rejected,7.4,4.1,6.9,58745,6347,4118,60974,73,43,80,2,79,Excel,29,69,Neutral,No,39,13,Low,Performance,Compliance,2026-02-18,5
EMP00944,Employee_944,44,Male,Marketing,Engineer,B.Tech,Delhi,2018-12-17,0,MGR001,2026-08-01,Present,09:30,18:11,0,7.1,Yes,Failed,Failed,Yes,Evening,4.6,Yes,Casual,16,30,Approved,7.6,7.4,7.9,31772,5239,7436,29575,72,51,65,4,76,AWS,72,66,Positive,No,26,30,Low,None,Payroll,2026-12-17,10
EMP00945,Employee_945,31,Male,HR,Specialist,MCA,Delhi,2023-10-15,1,MGR056,2026-08-01,Absent,09:56,20:18,0,9.8,Yes,Verified,Success,Yes,Morning,3.9,Yes,Sick,11,3,Approved,8.8,4.2,5.1,128489,968,3239,126218,84,67,81,5,44,SAP,41,61,Negative,No,79,43,Low,Leave,None,2026-10-15,5
EMP00946,Employee_946,47,Female,Operations,Executive,Master,Pune,2021-10-05,5,MGR065,2026-08-01,Present,08:21,18:34,0,9.7,Yes,Verified,Failed,Yes,Morning,2.7,Yes,Sick,9,25,Approved,8.0,5.1,6.0,48065,8129,6403,49791,52,83,94,5,33,HRMS,18,46,Neutral,No,59,33,High,Late,Payroll,2026-10-05,10
EMP00947,Employee_947,56,Female,Marketing,Specialist,MBA,Delhi,2020-04-04,10,MGR058,2026-08-01,Present,10:04,18:03,69,8.2,Yes,Verified,Success,Yes,Night,5.7,Yes,Earned,12,9,Approved,7.5,6.5,5.9,58608,1098,7235,52471,78,74,89,5,40,Excel,58,70,Positive,No,19,20,Medium,Late,None,2026-04-04,7
EMP00948,Employee_948,49,Male,Finance,Executive,Bachelor,Hyderabad,2020-12-25,1,MGR062,2026-08-01,Present,09:12,19:22,0,7.2,Yes,Failed,Success,Yes,Evening,5.2,No,Casual,19,13,Rejected,8.7,4.6,2.3,146412,8476,4044,150844,99,89,64,3,20,SAP,26,61,Neutral,No,25,18,Medium,Performance,Attrition,2026-12-25,3
EMP00949,Employee_949,43,Male,Finance,Engineer,Master,Chennai,2018-10-24,9,MGR024,2026-08-01,Present,09:24,19:01,0,7.0,Yes,Failed,Failed,Yes,Morning,3.1,No,Earned,17,25,Rejected,6.6,6.6,2.3,85009,16578,9438,92149,63,41,62,4,34,SQL,31,92,Negative,No,61,43,High,Late,Compliance,2026-10-24,10
EMP00950,Employee_950,49,Male,Operations,Executive,Bachelor,Pune,2023-10-13,1,MGR004,2026-08-01,Present,09:24,18:53,0,7.8,Yes,Verified,Success,Yes,Evening,2.8,Yes,None,13,25,Pending,8.2,4.3,7.2,105810,19728,7271,118267,81,59,68,4,25,HRMS,71,68,Positive,No,94,93,High,Performance,Compliance,2026-10-13,9
EMP00951,Employee_951,21,Female,Finance,Manager,MCA,Pune,2023-02-21,13,MGR016,2026-08-01,Present,09:18,20:46,0,8.5,Yes,Verified,Success,Yes,Morning,3.3,No,Sick,11,28,Approved,7.9,5.0,6.4,117782,16049,4932,128899,88,72,82,5,60,Power BI,53,53,Negative,No,43,87,High,Late,None,2026-02-21,11
EMP00952,Employee_952,31,Male,Finance,Specialist,Bachelor,Bhubaneswar,2019-10-22,14,MGR016,2026-08-01,Present,09:08,20:44,0,7.0,Yes,Failed,Success,Yes,Night,3.7,No,Sick,6,13,Pending,8.8,5.9,4.2,100529,19176,8587,111118,92,57,57,3,59,HRMS,49,40,Neutral,No,50,53,High,Late,None,2026-10-22,2
EMP00953,Employee_953,51,Female,Sales,Executive,MBA,Pune,2022-07-05,12,MGR006,2026-08-01,Present,09:08,18:32,0,9.0,Yes,Verified,Failed,Yes,Morning,1.0,No,Sick,15,10,Pending,8.8,4.3,4.2,123544,13090,6102,130532,68,76,89,5,68,SAP,67,48,Negative,No,81,64,Medium,Late,Attrition,2026-07-05,6
EMP00954,Employee_954,56,Female,Operations,Analyst,B.Tech,Delhi,2021-05-10,5,MGR077,2026-08-01,Present,09:29,20:14,0,8.9,Yes,Verified,Failed,Yes,Evening,5.1,Yes,None,4,12,Pending,6.4,5.7,7.8,25648,14127,1261,38514,62,77,52,3,31,Power BI,11,56,Positive,No,17,24,Low,Late,Compliance,2026-05-10,4
EMP00955,Employee_955,43,Female,Marketing,Specialist,MBA,Hyderabad,2018-03-23,16,MGR064,2026-08-01,Present,08:08,20:18,0,8.1,Yes,Failed,Success,Yes,Morning,3.8,No,None,16,8,Approved,7.2,5.8,3.5,112632,702,6561,106773,79,85,83,4,27,AWS,9,99,Neutral,No,83,69,Low,Performance,None,2026-03-23,11
EMP00956,Employee_956,34,Female,Operations,Coordinator,MCA,Pune,2020-09-16,8,MGR009,2026-08-01,Present,09:34,18:20,0,9.8,Yes,Verified,Success,Yes,Night,3.6,Yes,None,11,24,Rejected,7.3,5.1,4.5,80602,14156,4054,90704,88,59,90,5,60,HRMS,90,100,Positive,No,85,25,Medium,Leave,Compliance,2026-09-16,7
EMP00957,Employee_957,57,Male,HR,Analyst,Master,Chennai,2023-11-22,15,MGR010,2026-08-01,Present,09:03,20:50,0,10.0,Yes,Verified,Failed,Yes,Night,4.2,Yes,None,18,6,Rejected,8.9,5.8,2.6,50066,14224,7887,56403,58,47,99,5,46,SQL,73,42,Negative,No,45,45,High,Performance,Compliance,2026-11-22,5
EMP00958,Employee_958,42,Female,Sales,Engineer,Master,Delhi,2021-01-13,6,MGR046,2026-08-01,Present,09:09,19:12,0,9.2,Yes,Verified,Success,Yes,Evening,1.0,Yes,None,5,30,Pending,6.0,4.2,5.0,29672,3075,6401,26346,70,100,88,3,67,Java,8,83,Neutral,No,30,7,Low,Leave,Payroll,2026-01-13,4
EMP00959,Employee_959,53,Male,Support,Specialist,MCA,Delhi,2021-11-20,14,MGR004,2026-08-01,Present,08:17,18:19,0,9.8,Yes,Verified,Success,Yes,Morning,1.1,Yes,Earned,19,15,Approved,8.0,4.7,6.1,121665,8085,3016,126734,94,84,65,3,16,SAP,60,80,Negative,No,38,62,Medium,Leave,Payroll,2026-11-20,5
EMP00960,Employee_960,51,Male,Finance,Manager,MBA,Delhi,2022-12-11,3,MGR037,2026-08-01,Present,09:06,18:58,0,8.2,Yes,Verified,Success,Yes,Evening,3.1,Yes,Casual,2,25,Rejected,8.2,4.5,3.6,41682,14542,5848,50376,79,85,53,5,17,SQL,44,43,Negative,No,22,26,Medium,Late,Compliance,2026-12-11,10
EMP00961,Employee_961,49,Female,IT,Engineer,MCA,Bhubaneswar,2018-07-27,4,MGR078,2026-08-01,Absent,09:55,18:14,0,8.3,Yes,Verified,Failed,Yes,Night,4.5,Yes,Casual,17,14,Pending,7.8,6.3,6.7,91092,5928,4718,92302,70,69,92,4,11,Java,23,45,Negative,No,21,53,High,Late,Compliance,2026-07-27,1
EMP00962,Employee_962,33,Female,Finance,Engineer,B.Tech,Hyderabad,2022-05-23,9,MGR033,2026-08-01,Present,09:10,20:49,0,8.7,Yes,Verified,Failed,Yes,Morning,5.3,No,Casual,19,5,Rejected,8.3,7.7,2.0,31010,126,4523,26613,53,69,90,2,19,Power BI,56,65,Negative,No,74,30,Medium,Late,Attrition,2026-05-23,9
EMP00963,Employee_963,33,Female,IT,Analyst,Bachelor,Bhubaneswar,2018-07-12,18,MGR006,2026-08-01,Absent,10:42,19:13,74,8.9,Yes,Verified,Success,Yes,Night,4.5,No,Earned,15,29,Pending,8.7,5.1,4.2,32389,19712,3576,48525,76,47,80,2,21,Java,59,81,Positive,No,40,37,Medium,Performance,Compliance,2026-07-12,4
EMP00964,Employee_964,39,Male,Finance,Manager,B.Tech,Chennai,2020-01-23,6,MGR043,2026-08-01,Present,09:20,19:13,0,7.9,Yes,Verified,Failed,Yes,Evening,2.2,Yes,Earned,12,12,Rejected,8.0,5.4,6.9,110001,13536,8656,114881,73,98,87,4,52,AWS,52,40,Positive,No,91,98,Low,Late,Attrition,2026-01-23,12
EMP00965,Employee_965,21,Male,IT,Engineer,MBA,Bhubaneswar,2021-07-13,8,MGR044,2026-08-01,Present,09:58,20:40,0,8.1,Yes,Failed,Success,Yes,Evening,4.6,Yes,Casual,8,15,Pending,7.2,5.1,3.7,108548,4576,1446,111678,77,59,63,4,7,Power BI,79,94,Neutral,No,15,69,Low,Late,Attrition,2026-07-13,3
EMP00966,Employee_966,30,Female,Operations,Engineer,MCA,Bangalore,2020-01-03,5,MGR078,2026-08-01,Present,10:02,18:45,77,10.0,Yes,Failed,Success,Yes,Night,6.5,No,Casual,4,17,Pending,6.1,7.2,6.1,27115,6563,5926,27752,92,77,71,2,25,Python,69,69,Negative,No,37,84,High,Leave,Attrition,2026-01-03,7
EMP00967,Employee_967,46,Female,Marketing,Manager,MCA,Bangalore,2023-02-19,13,MGR001,2026-08-01,Present,10:36,20:19,60,7.6,Yes,Verified,Failed,Yes,Morning,8.2,No,None,16,16,Pending,7.0,4.7,6.7,65724,9943,6541,69126,77,50,86,3,61,Power BI,48,64,Negative,Yes,28,26,Low,Leave,Attrition,2026-02-19,12
EMP00968,Employee_968,59,Male,Sales,Analyst,MBA,Pune,2019-10-13,5,MGR025,2026-08-01,Present,09:43,18:16,0,8.9,Yes,Verified,Success,Yes,Evening,4.7,Yes,None,7,11,Approved,8.8,5.2,6.4,119088,13528,8852,123764,74,45,84,4,6,HRMS,65,65,Positive,No,74,70,Medium,Performance,Compliance,2026-10-13,5
EMP00969,Employee_969,60,Female,Sales,Analyst,Master,Chennai,2020-10-23,9,MGR035,2026-08-01,Present,10:35,20:14,68,9.1,Yes,Verified,Success,Yes,Night,5.6,Yes,None,20,3,Pending,7.7,4.8,4.8,35929,17043,6999,45973,87,44,58,4,26,SAP,63,78,Positive,No,90,78,High,None,None,2026-10-23,11
EMP00970,Employee_970,53,Female,IT,Analyst,Bachelor,Chennai,2019-10-09,4,MGR031,2026-08-01,Present,09:23,18:13,0,7.2,Yes,Verified,Success,Yes,Evening,0.9,Yes,None,0,9,Approved,7.8,4.7,3.0,75535,7047,1569,81013,52,51,65,2,15,HRMS,61,51,Positive,No,24,23,High,Leave,None,2026-10-09,4
EMP00971,Employee_971,58,Male,Sales,Executive,MBA,Bangalore,2019-02-05,5,MGR038,2026-08-01,Present,09:33,18:16,0,10.0,Yes,Failed,Success,Yes,Morning,1.2,No,None,18,10,Pending,8.2,5.2,5.7,26022,186,1723,24485,57,69,90,2,7,SAP,1,48,Neutral,No,28,68,Low,None,Payroll,2026-02-05,1
EMP00972,Employee_972,39,Male,IT,Engineer,Master,Bhubaneswar,2018-07-10,12,MGR002,2026-08-01,Present,10:55,20:55,67,9.1,Yes,Verified,Success,Yes,Night,3.2,Yes,Casual,16,4,Rejected,8.2,5.4,6.3,137859,17868,3311,152416,74,50,73,2,18,Python,20,45,Positive,No,24,12,Medium,Performance,Payroll,2026-07-10,12
EMP00973,Employee_973,22,Male,Operations,Analyst,B.Tech,Pune,2021-04-03,16,MGR015,2026-08-01,Present,09:27,19:50,0,9.5,Yes,Failed,Success,Yes,Night,0.0,Yes,None,6,5,Pending,6.3,4.8,4.4,141724,12657,8095,146286,66,88,60,3,55,SAP,29,89,Positive,No,31,21,Low,Leave,None,2026-04-03,8
EMP00974,Employee_974,33,Male,Marketing,Specialist,MBA,Bhubaneswar,2021-10-16,1,MGR044,2026-08-01,Present,09:20,19:00,0,8.6,Yes,Failed,Success,Yes,Morning,2.2,No,Earned,20,29,Pending,7.3,4.9,5.0,62082,390,5914,56558,66,67,78,2,78,SAP,6,86,Positive,No,81,83,High,Late,None,2026-10-16,11
EMP00975,Employee_975,41,Female,Operations,Analyst,Bachelor,Pune,2023-01-16,5,MGR057,2026-08-01,Present,09:41,20:28,0,7.7,Yes,Failed,Success,Yes,Night,2.8,Yes,None,1,3,Rejected,7.6,4.9,2.1,147390,16709,3805,160294,56,45,98,4,20,SQL,24,56,Positive,No,64,25,Medium,None,None,2026-01-16,10
EMP00976,Employee_976,46,Female,HR,Analyst,B.Tech,Chennai,2024-09-09,8,MGR061,2026-08-01,Present,08:46,18:29,0,7.1,Yes,Verified,Success,Yes,Night,4.7,No,Earned,11,18,Pending,8.7,6.2,7.7,48431,9923,679,57675,90,82,55,2,20,Java,7,68,Negative,No,94,77,Low,Leave,Payroll,2026-09-09,9
EMP00977,Employee_977,38,Female,Operations,Executive,B.Tech,Chennai,2018-11-25,12,MGR060,2026-08-01,Present,09:57,18:37,0,9.6,Yes,Verified,Success,Yes,Night,0.2,No,None,3,3,Pending,6.1,4.6,2.6,144788,4072,1635,147225,77,59,71,2,9,SAP,59,88,Positive,No,26,19,High,Late,None,2026-11-25,5
EMP00978,Employee_978,50,Male,Finance,Engineer,Master,Bhubaneswar,2021-12-04,19,MGR046,2026-08-01,Present,09:41,20:11,0,8.6,Yes,Failed,Failed,Yes,Night,2.2,No,Casual,9,11,Rejected,7.5,4.7,4.8,91165,5313,7215,89263,60,79,88,5,24,Excel,80,86,Neutral,No,70,87,High,None,Compliance,2026-12-04,12
EMP00979,Employee_979,59,Female,Support,Executive,MBA,Delhi,2020-11-10,9,MGR035,2026-08-01,Present,08:29,18:37,0,8.7,Yes,Verified,Failed,Yes,Evening,5.2,No,Casual,18,22,Approved,7.8,6.2,5.3,112291,13883,3202,122972,92,69,75,5,21,Power BI,60,55,Neutral,No,38,30,Medium,None,Attrition,2026-11-10,11
EMP00980,Employee_980,38,Male,HR,Manager,Master,Bhubaneswar,2019-10-10,11,MGR051,2026-08-01,Present,08:16,20:21,0,7.5,Yes,Verified,Success,Yes,Evening,1.3,Yes,Earned,3,5,Approved,6.6,5.8,3.7,80591,6371,4027,82935,67,63,73,5,15,Java,26,57,Neutral,No,28,10,Low,None,Attrition,2026-10-10,6
EMP00981,Employee_981,55,Female,IT,Coordinator,MBA,Pune,2020-12-22,7,MGR065,2026-08-01,Present,10:23,18:10,68,8.9,Yes,Verified,Success,Yes,Evening,2.3,No,Casual,15,28,Pending,8.0,5.2,5.5,46849,2655,9080,40424,82,68,61,4,32,SAP,93,53,Neutral,No,37,83,High,Performance,Payroll,2026-12-22,11
EMP00982,Employee_982,28,Female,Finance,Coordinator,Bachelor,Delhi,2024-05-23,7,MGR036,2026-08-01,Present,08:36,18:58,0,9.1,Yes,Verified,Success,Yes,Evening,5.5,No,Casual,11,8,Pending,8.2,8.0,2.2,136944,68,1001,136011,82,45,58,3,32,HRMS,38,97,Positive,Yes,71,68,High,Performance,Compliance,2026-05-23,5
EMP00983,Employee_983,58,Female,HR,Coordinator,Bachelor,Pune,2020-04-22,19,MGR053,2026-08-01,Present,08:28,19:38,0,7.3,Yes,Verified,Success,Yes,Night,5.8,No,None,8,12,Pending,6.0,4.3,6.6,26736,13951,6893,33794,78,45,72,5,74,Python,13,46,Positive,No,50,0,Low,Late,None,2026-04-22,7
EMP00984,Employee_984,56,Female,Support,Specialist,Master,Chennai,2018-06-30,4,MGR015,2026-08-01,Absent,08:03,20:25,0,9.7,Yes,Verified,Failed,Yes,Night,2.8,No,Casual,8,11,Approved,8.6,6.5,6.6,49542,15748,2704,62586,89,78,90,2,57,Java,20,42,Positive,No,92,8,Medium,None,Payroll,2026-06-30,5
EMP00985,Employee_985,48,Male,Operations,Manager,MCA,Hyderabad,2019-07-13,5,MGR067,2026-08-01,Present,09:53,19:47,0,8.8,Yes,Failed,Success,Yes,Evening,0.8,No,Earned,7,22,Pending,6.6,7.0,4.9,47227,8083,8736,46574,98,78,82,5,21,Excel,3,61,Neutral,No,73,61,High,Performance,Compliance,2026-07-13,7
EMP00986,Employee_986,44,Male,Marketing,Manager,MCA,Bhubaneswar,2022-12-22,10,MGR001,2026-08-01,Present,09:52,18:36,0,7.2,Yes,Verified,Success,Yes,Evening,4.8,Yes,Casual,0,16,Pending,8.3,6.5,5.7,65879,3267,661,68485,74,67,95,5,1,HRMS,27,62,Neutral,No,69,50,Low,Performance,Payroll,2026-12-22,2
EMP00987,Employee_987,40,Female,HR,Specialist,Bachelor,Bangalore,2019-12-04,8,MGR045,2026-08-01,Present,08:03,20:22,0,9.9,Yes,Failed,Failed,Yes,Morning,5.2,No,Earned,4,11,Approved,7.0,7.2,5.8,46652,4481,6220,44913,80,89,79,5,75,AWS,4,92,Neutral,No,63,87,Medium,Leave,Attrition,2026-12-04,4
EMP00988,Employee_988,25,Male,IT,Manager,MCA,Hyderabad,2023-06-14,13,MGR059,2026-08-01,Present,09:54,20:03,0,7.2,Yes,Verified,Success,Yes,Morning,3.8,Yes,Earned,17,18,Rejected,8.7,6.5,5.4,120344,5069,5410,120003,98,94,77,4,41,Power BI,26,90,Negative,No,60,63,Medium,None,Compliance,2026-06-14,1
EMP00989,Employee_989,57,Male,IT,Manager,Master,Pune,2020-07-06,18,MGR041,2026-08-01,Present,10:20,18:53,70,9.1,Yes,Verified,Success,Yes,Night,2.7,Yes,Earned,1,12,Rejected,6.7,4.6,3.7,124563,2938,5611,121890,54,59,58,4,55,Power BI,2,57,Positive,No,75,45,Low,None,Attrition,2026-07-06,4
EMP00990,Employee_990,52,Male,Sales,Engineer,MCA,Bangalore,2020-04-17,20,MGR049,2026-08-01,Absent,09:38,18:42,0,7.7,Yes,Failed,Success,Yes,Evening,5.1,Yes,None,13,15,Approved,8.4,7.2,2.3,34037,17275,9811,41501,65,52,97,2,29,Python,64,92,Neutral,Yes,47,36,Low,Leave,Compliance,2026-04-17,7
EMP00991,Employee_991,56,Male,Operations,Engineer,Bachelor,Bhubaneswar,2022-10-27,18,MGR031,2026-08-01,Absent,08:31,20:46,0,9.8,Yes,Verified,Success,Yes,Evening,1.5,No,Casual,20,27,Pending,7.0,7.8,4.3,36424,7291,7720,35995,72,62,69,3,42,Python,26,56,Negative,No,24,78,Medium,Leave,Compliance,2026-10-27,6
EMP00992,Employee_992,41,Female,IT,Engineer,Bachelor,Delhi,2019-03-31,19,MGR018,2026-08-01,Present,08:15,18:41,0,9.8,Yes,Verified,Success,Yes,Evening,0.4,Yes,Sick,1,20,Rejected,6.9,7.0,2.2,75045,6695,9407,72333,51,49,74,3,32,Python,55,48,Neutral,No,11,49,Medium,Leave,None,2026-03-31,6
EMP00993,Employee_993,56,Male,Operations,Manager,Master,Pune,2019-05-21,18,MGR059,2026-08-01,Present,09:11,20:18,0,7.2,Yes,Failed,Success,Yes,Evening,2.2,Yes,Sick,13,5,Rejected,6.1,4.9,6.8,39072,13764,4680,48156,73,72,89,3,26,SAP,59,89,Positive,No,30,47,High,Late,Payroll,2026-05-21,9
EMP00994,Employee_994,26,Female,Operations,Coordinator,MBA,Delhi,2024-04-10,18,MGR009,2026-08-01,Present,10:44,20:17,62,7.9,Yes,Verified,Failed,Yes,Evening,5.2,No,Earned,18,8,Pending,6.4,7.3,2.0,133809,19770,5869,147710,66,44,73,4,21,Java,19,96,Negative,No,77,48,Medium,Leave,Payroll,2026-04-10,5
EMP00995,Employee_995,28,Female,Sales,Executive,Bachelor,Chennai,2023-07-16,19,MGR030,2026-08-01,Present,08:09,20:21,0,9.7,Yes,Failed,Success,Yes,Night,3.6,Yes,None,15,25,Rejected,6.9,4.3,4.9,103527,11359,738,114148,95,42,90,5,63,Excel,34,84,Neutral,No,15,86,Low,None,Attrition,2026-07-16,2
EMP00996,Employee_996,45,Female,Finance,Executive,MBA,Bangalore,2020-06-26,15,MGR045,2026-08-01,Present,09:11,20:32,0,9.1,Yes,Failed,Success,Yes,Morning,0.7,No,Earned,0,21,Rejected,7.0,4.4,4.1,101992,4178,1438,104732,53,67,75,5,66,SQL,44,62,Negative,No,69,14,High,Leave,Payroll,2026-06-26,7
EMP00997,Employee_997,47,Male,Sales,Manager,B.Tech,Chennai,2022-09-02,0,MGR044,2026-08-01,Present,08:23,19:07,0,9.1,Yes,Verified,Success,Yes,Morning,4.3,Yes,Sick,18,13,Approved,6.6,5.0,4.2,30655,18535,3924,45266,54,72,59,4,47,HRMS,77,65,Positive,No,85,16,Low,Late,Attrition,2026-09-02,10
EMP00998,Employee_998,40,Female,Marketing,Specialist,MCA,Pune,2023-01-22,6,MGR011,2026-08-01,Present,09:59,18:03,0,8.0,Yes,Verified,Failed,Yes,Morning,1.4,No,Casual,17,12,Rejected,8.6,8.0,3.1,100986,15928,9067,107847,72,92,86,5,10,HRMS,32,48,Positive,No,10,15,Low,Performance,Payroll,2026-01-22,7
EMP00999,Employee_999,36,Female,Operations,Coordinator,Bachelor,Delhi,2024-07-29,11,MGR045,2026-08-01,Present,08:24,18:26,0,9.4,Yes,Verified,Success,Yes,Morning,4.5,No,Casual,3,11,Pending,7.4,6.6,4.1,99798,16462,6967,109293,79,63,75,2,79,Java,21,89,Negative,No,76,39,Low,None,Payroll,2026-07-29,1
EMP01000,Employee_1000,29,Female,Support,Specialist,Master,Chennai,2018-05-25,14,MGR039,2026-08-01,Absent,09:24,18:47,0,9.4,Yes,Verified,Failed,Yes,Night,4.3,Yes,Sick,5,26,Pending,6.2,6.2,6.1,51638,605,3571,48672,59,40,65,5,69,Python,87,93,Neutral,No,84,42,High,Performance,Compliance,2026-05-25,11
EMP01001,Employee_1001,26,Female,Sales,Specialist,Bachelor,Bangalore,2018-10-02,20,MGR051,2026-08-01,Present,10:25,18:25,70,9.0,Yes,Failed,Success,Yes,Evening,3.9,Yes,None,2,20,Approved,6.5,7.8,4.0,37305,5360,8233,34432,82,57,71,2,1,Excel,25,83,Neutral,No,88,6,High,Late,Payroll,2026-10-02,1
EMP01002,Employee_1002,30,Female,Operations,Manager,Master,Chennai,2020-07-10,14,MGR043,2026-08-01,Present,09:53,18:37,0,8.9,Yes,Verified,Failed,Yes,Morning,5.8,Yes,Sick,11,12,Rejected,7.4,4.2,6.7,70224,6485,1763,74946,58,84,99,3,50,AWS,19,58,Negative,No,47,69,High,None,Payroll,2026-07-10,3
EMP01003,Employee_1003,58,Female,Sales,Executive,B.Tech,Hyderabad,2024-09-21,18,MGR012,2026-08-01,Present,10:46,18:26,67,9.6,Yes,Verified,Success,Yes,Evening,0.0,Yes,Casual,0,30,Approved,8.1,7.2,4.3,67992,3958,4530,67420,86,81,70,2,34,Python,16,76,Neutral,No,81,33,High,Leave,Compliance,2026-09-21,11
EMP01004,Employee_1004,25,Male,Marketing,Specialist,B.Tech,Hyderabad,2020-11-14,20,MGR044,2026-08-01,Present,09:47,18:45,0,9.7,Yes,Verified,Failed,Yes,Evening,2.8,No,Earned,14,23,Pending,7.5,4.6,3.2,134268,13411,6473,141206,94,81,97,5,46,Excel,49,91,Positive,No,24,74,Medium,None,Compliance,2026-11-14,11
EMP01005,Employee_1005,52,Male,Sales,Engineer,Bachelor,Chennai,2023-02-26,4,MGR004,2026-08-01,Absent,08:57,18:59,0,8.9,Yes,Verified,Failed,Yes,Night,2.2,Yes,None,10,5,Approved,8.3,6.3,4.6,78708,1125,8700,71133,80,67,64,3,56,Power BI,2,52,Negative,No,66,28,Medium,Leave,Compliance,2026-02-26,7
EMP01006,Employee_1006,21,Female,Sales,Coordinator,MBA,Pune,2022-01-21,9,MGR025,2026-08-01,Present,09:31,19:02,0,8.0,Yes,Verified,Success,Yes,Morning,3.5,Yes,None,15,12,Pending,8.2,4.0,7.7,85293,3297,9491,79099,71,57,77,2,70,SAP,95,55,Negative,No,94,6,Medium,Performance,None,2026-01-21,1
EMP01007,Employee_1007,41,Female,Sales,Specialist,Bachelor,Chennai,2019-10-21,1,MGR073,2026-08-01,Present,09:03,19:00,0,9.5,Yes,Verified,Success,Yes,Morning,3.2,No,Earned,18,24,Rejected,6.0,4.1,7.5,80367,13748,2093,92022,92,43,52,3,57,Excel,66,72,Neutral,No,42,50,Medium,Late,Payroll,2026-10-21,12
EMP01008,Employee_1008,57,Male,Marketing,Specialist,MBA,Bhubaneswar,2023-07-26,6,MGR014,2026-08-01,Present,09:20,20:24,0,8.5,Yes,Failed,Success,Yes,Morning,3.9,Yes,Casual,7,30,Approved,7.1,4.5,6.0,123728,18758,3800,138686,90,56,91,5,22,AWS,80,44,Positive,No,21,74,High,None,Compliance,2026-07-26,6
EMP01009,Employee_1009,25,Male,Finance,Specialist,B.Tech,Delhi,2024-09-28,19,MGR076,2026-08-01,Present,09:43,18:48,0,9.3,Yes,Verified,Failed,Yes,Night,3.2,No,Earned,9,14,Pending,8.6,4.1,5.8,111747,18920,4631,126036,60,93,96,3,67,AWS,9,97,Positive,No,49,2,High,Late,Attrition,2026-09-28,9
EMP01010,Employee_1010,54,Male,Marketing,Engineer,B.Tech,Bangalore,2020-06-11,5,MGR073,2026-08-01,Present,10:40,20:55,74,9.1,Yes,Verified,Failed,Yes,Morning,2.7,Yes,Earned,9,24,Pending,6.7,4.7,2.0,112703,6370,349,118724,57,62,69,4,71,SQL,70,60,Positive,No,38,28,Low,None,Attrition,2026-06-11,9
EMP01011,Employee_1011,29,Male,Support,Analyst,Master,Bhubaneswar,2022-08-27,4,MGR068,2026-08-01,WFH,08:28,19:51,0,8.3,Yes,Verified,Success,Yes,Night,1.0,Yes,Casual,12,21,Approved,6.6,4.1,4.6,89656,2342,9714,82284,83,70,57,5,76,Power BI,34,88,Negative,No,70,84,Low,Performance,Payroll,2026-08-27,6
EMP01012,Employee_1012,51,Female,Operations,Manager,Bachelor,Chennai,2023-03-22,9,MGR041,2026-08-01,Present,08:22,18:22,0,8.3,Yes,Verified,Success,Yes,Night,6.2,Yes,Sick,6,4,Rejected,7.3,7.4,5.6,61936,18880,6786,74030,53,85,57,5,66,AWS,13,88,Positive,No,24,40,High,Performance,Attrition,2026-03-22,4
EMP01013,Employee_1013,24,Female,Support,Specialist,Bachelor,Delhi,2020-08-09,17,MGR026,2026-08-01,Present,10:13,18:55,71,8.7,Yes,Verified,Success,Yes,Evening,5.0,Yes,Casual,9,24,Pending,7.0,7.8,2.3,89807,1214,6033,84988,90,59,97,5,44,HRMS,25,84,Positive,No,36,99,High,Late,Compliance,2026-08-09,5
EMP01014,Employee_1014,25,Female,Support,Manager,B.Tech,Delhi,2022-01-12,20,MGR018,2026-08-01,Present,09:34,20:00,0,9.5,Yes,Verified,Success,Yes,Evening,4.0,Yes,Earned,8,2,Pending,6.3,6.1,6.0,84253,1756,5554,80455,99,50,95,4,65,HRMS,74,99,Neutral,No,42,61,Medium,Late,Compliance,2026-01-12,11
EMP01015,Employee_1015,32,Female,Marketing,Analyst,MCA,Bangalore,2023-04-07,3,MGR079,2026-08-01,Present,08:46,20:17,0,7.3,Yes,Failed,Success,Yes,Night,3.6,Yes,Casual,20,16,Rejected,6.0,7.8,8.0,86549,18358,7272,97635,75,51,72,4,30,Java,93,46,Negative,No,56,35,Medium,Leave,Payroll,2026-04-07,2
EMP01016,Employee_1016,24,Male,Finance,Executive,Master,Bhubaneswar,2024-01-18,6,MGR021,2026-08-01,Present,10:27,19:12,65,8.0,Yes,Verified,Failed,Yes,Morning,5.5,No,Earned,10,18,Rejected,8.9,5.4,2.6,36211,8561,58,44714,100,72,87,3,55,Power BI,11,52,Positive,No,56,7,High,Performance,Compliance,2026-01-18,9
EMP01017,Employee_1017,54,Male,IT,Analyst,MCA,Bangalore,2022-07-29,11,MGR070,2026-08-01,Present,10:33,20:50,70,9.0,Yes,Verified,Success,Yes,Evening,0.0,Yes,Earned,6,6,Approved,7.2,5.0,7.1,82442,12668,828,94282,68,64,52,4,13,SAP,20,87,Neutral,No,29,65,Low,Late,Compliance,2026-07-29,12
EMP01018,Employee_1018,26,Male,Sales,Engineer,MBA,Chennai,2022-07-18,7,MGR005,2026-08-01,Present,09:06,18:45,0,9.9,Yes,Verified,Success,Yes,Evening,6.3,Yes,Earned,19,13,Approved,9.0,7.9,5.1,92576,9305,8185,93696,73,93,70,2,39,SQL,37,88,Positive,Yes,78,81,Medium,Performance,Attrition,2026-07-18,3
EMP01019,Employee_1019,23,Female,Operations,Executive,Bachelor,Chennai,2019-10-29,1,MGR024,2026-08-01,Absent,10:57,18:18,71,8.3,Yes,Verified,Failed,Yes,Morning,6.4,No,Sick,20,19,Rejected,7.0,6.0,5.8,92036,10230,8635,93631,56,98,96,2,48,Power BI,39,57,Positive,Yes,13,53,Medium,Performance,Payroll,2026-10-29,6
EMP01020,Employee_1020,32,Female,IT,Engineer,MCA,Delhi,2023-04-12,6,MGR045,2026-08-01,Present,09:16,18:29,0,7.2,Yes,Verified,Failed,Yes,Morning,4.8,No,Casual,4,19,Rejected,7.1,4.7,6.0,81436,11440,917,91959,51,62,90,2,3,HRMS,55,68,Positive,No,42,69,Medium,Late,Compliance,2026-04-12,11
EMP01021,Employee_1021,31,Male,Finance,Specialist,Master,Bangalore,2020-03-26,0,MGR024,2026-08-01,Present,08:42,20:04,0,8.1,Yes,Failed,Success,Yes,Morning,2.2,No,Casual,14,3,Pending,8.6,6.2,2.7,71770,8371,1081,79060,60,66,88,4,55,Power BI,42,42,Neutral,No,17,61,High,Late,Compliance,2026-03-26,5
EMP01022,Employee_1022,31,Female,HR,Coordinator,Master,Pune,2024-09-24,8,MGR077,2026-08-01,Present,08:09,18:35,0,7.7,Yes,Verified,Success,Yes,Morning,3.0,Yes,Earned,7,20,Pending,7.1,4.8,5.5,56275,1775,4047,54003,67,49,96,4,71,AWS,94,73,Positive,No,34,28,Low,Performance,Payroll,2026-09-24,2
EMP01023,Employee_1023,42,Male,Support,Manager,MCA,Pune,2021-03-23,3,MGR043,2026-08-01,Present,10:53,19:07,73,8.7,Yes,Verified,Success,Yes,Evening,0.9,Yes,None,18,1,Rejected,6.2,5.0,3.5,92546,10463,333,102676,86,84,64,2,72,SQL,88,44,Neutral,No,25,62,Medium,None,None,2026-03-23,4
EMP01024,Employee_1024,42,Female,Support,Engineer,B.Tech,Hyderabad,2020-11-15,8,MGR077,2026-08-01,Present,09:24,18:28,0,7.4,Yes,Verified,Success,Yes,Night,0.0,Yes,Sick,12,27,Pending,6.8,4.6,5.3,144977,17365,6490,155852,84,40,62,4,55,Excel,64,80,Positive,No,55,16,High,Leave,None,2026-11-15,5
EMP01025,Employee_1025,51,Female,Finance,Engineer,B.Tech,Pune,2020-06-03,17,MGR038,2026-08-01,WFH,10:59,18:13,67,9.0,Yes,Verified,Success,Yes,Morning,3.1,No,Earned,0,16,Approved,7.4,4.6,7.0,76894,19913,5383,91424,85,44,65,3,43,Excel,62,64,Neutral,No,30,78,High,Late,Compliance,2026-06-03,1
EMP01026,Employee_1026,54,Female,IT,Engineer,MCA,Delhi,2020-05-06,14,MGR031,2026-08-01,Present,10:55,18:05,71,7.3,Yes,Failed,Failed,Yes,Evening,2.0,No,Earned,7,10,Pending,8.2,4.8,7.2,42779,13013,684,55108,78,94,79,4,4,Java,97,77,Negative,No,15,73,Medium,Performance,None,2026-05-06,10
EMP01027,Employee_1027,60,Female,HR,Analyst,Master,Chennai,2021-06-23,8,MGR003,2026-08-01,Present,09:13,19:34,0,9.7,Yes,Failed,Failed,Yes,Morning,3.9,Yes,None,10,9,Approved,8.1,6.0,7.3,148968,14769,3817,159920,77,79,90,5,35,Excel,4,70,Negative,No,30,13,High,Performance,Attrition,2026-06-23,2
EMP01028,Employee_1028,32,Male,Sales,Engineer,MBA,Bhubaneswar,2022-10-05,3,MGR005,2026-08-01,Present,10:54,19:28,78,10.0,Yes,Failed,Success,Yes,Evening,1.2,Yes,Casual,3,12,Pending,8.4,6.8,5.3,66979,16590,7579,75990,54,75,59,5,75,SQL,21,94,Neutral,No,81,79,High,Leave,Compliance,2026-10-05,5
EMP01029,Employee_1029,42,Female,IT,Executive,Master,Bhubaneswar,2024-06-23,8,MGR028,2026-08-01,Present,10:26,18:07,62,8.6,Yes,Verified,Failed,Yes,Evening,1.6,No,None,20,15,Approved,7.3,6.5,3.5,38096,11392,9179,40309,85,85,56,4,34,Java,0,40,Positive,No,44,4,Medium,Leave,Attrition,2026-06-23,1
EMP01030,Employee_1030,23,Female,Support,Specialist,B.Tech,Bangalore,2019-09-03,18,MGR053,2026-08-01,Present,09:10,18:46,0,8.7,Yes,Failed,Success,Yes,Night,1.6,No,Casual,3,14,Approved,8.2,5.0,5.5,120234,13854,5117,128971,81,76,97,2,76,Power BI,47,47,Negative,No,86,61,High,Late,Attrition,2026-09-03,7
EMP01031,Employee_1031,51,Male,HR,Coordinator,MBA,Bangalore,2021-08-10,18,MGR019,2026-08-01,Present,09:45,20:03,0,9.4,Yes,Failed,Success,Yes,Evening,0.0,Yes,Sick,16,6,Rejected,7.2,7.1,2.6,134617,18359,3987,148989,68,99,64,5,2,Java,7,99,Positive,No,54,48,Low,None,Payroll,2026-08-10,2
EMP01032,Employee_1032,43,Male,Sales,Analyst,B.Tech,Bhubaneswar,2020-04-03,4,MGR058,2026-08-01,Present,08:45,20:44,0,8.4,Yes,Verified,Success,Yes,Morning,4.6,No,None,13,13,Pending,6.5,6.8,2.9,135981,16194,7616,144559,96,78,51,5,37,Excel,65,75,Negative,No,22,62,High,Performance,Attrition,2026-04-03,7
EMP01033,Employee_1033,46,Male,Marketing,Analyst,MBA,Delhi,2019-07-09,9,MGR054,2026-08-01,Present,09:30,18:21,0,8.3,Yes,Verified,Success,Yes,Evening,4.2,Yes,None,4,21,Approved,7.3,4.1,6.2,65895,8079,1177,72797,56,60,95,4,44,Python,84,92,Positive,No,60,8,Low,Leave,None,2026-07-09,12
EMP01034,Employee_1034,45,Female,Sales,Executive,MBA,Hyderabad,2023-04-15,20,MGR001,2026-08-01,Present,09:47,20:11,0,7.8,Yes,Failed,Failed,Yes,Morning,1.2,No,Sick,2,7,Pending,6.7,4.7,7.8,45280,1816,7077,40019,97,67,54,3,59,Python,46,75,Positive,No,40,66,Low,Leave,Attrition,2026-04-15,4
EMP01035,Employee_1035,44,Male,Sales,Analyst,MBA,Bhubaneswar,2020-02-05,0,MGR057,2026-08-01,Present,08:47,19:42,0,8.1,Yes,Verified,Success,Yes,Evening,3.6,Yes,Sick,14,1,Rejected,7.2,6.0,6.8,63877,11694,5443,70128,68,45,58,5,24,AWS,86,77,Negative,No,79,75,Medium,Late,Payroll,2026-02-05,9
EMP01036,Employee_1036,32,Female,Operations,Manager,Bachelor,Hyderabad,2022-06-15,2,MGR062,2026-08-01,Present,10:37,19:44,64,9.9,Yes,Verified,Failed,Yes,Morning,6.4,No,Sick,12,18,Pending,6.7,7.3,3.0,66109,14119,408,79820,62,57,98,3,32,AWS,67,81,Positive,Yes,95,8,High,Performance,Attrition,2026-06-15,12
EMP01037,Employee_1037,41,Male,Operations,Executive,MBA,Bangalore,2019-10-16,4,MGR019,2026-08-01,Present,08:43,19:57,0,9.6,Yes,Verified,Success,Yes,Night,3.5,Yes,None,2,3,Pending,7.6,4.4,5.5,61337,12343,1260,72420,78,44,89,5,71,Java,5,89,Negative,No,86,84,Medium,Late,Attrition,2026-10-16,5
EMP01038,Employee_1038,59,Male,HR,Coordinator,Bachelor,Delhi,2024-03-18,0,MGR042,2026-08-01,Present,08:51,20:38,0,9.6,Yes,Verified,Failed,Yes,Night,4.5,Yes,None,4,8,Approved,6.6,5.1,7.0,92544,3603,7987,88160,71,42,85,5,14,Python,43,64,Negative,No,38,43,High,Performance,None,2026-03-18,11
EMP01039,Employee_1039,40,Female,HR,Engineer,Bachelor,Bangalore,2020-01-26,9,MGR056,2026-08-01,WFH,08:53,19:49,0,7.8,Yes,Failed,Success,Yes,Morning,4.4,No,Casual,3,12,Approved,6.2,7.3,3.6,116967,13593,9312,121248,82,92,85,5,33,AWS,76,44,Positive,No,59,0,High,Late,None,2026-01-26,4
EMP01040,Employee_1040,52,Male,Support,Executive,B.Tech,Hyderabad,2020-07-06,15,MGR066,2026-08-01,Present,08:13,18:18,0,9.9,Yes,Failed,Success,Yes,Morning,0.0,No,Casual,8,29,Rejected,7.7,7.0,3.7,73423,13672,5799,81296,56,65,67,5,45,Python,67,64,Positive,No,82,41,Low,Late,Compliance,2026-07-06,4
EMP01041,Employee_1041,32,Female,HR,Engineer,MCA,Hyderabad,2018-04-05,11,MGR063,2026-08-01,Present,09:34,19:07,0,8.5,Yes,Verified,Failed,Yes,Evening,9.3,Yes,Casual,17,9,Approved,7.6,5.5,5.8,75534,8345,1540,82339,67,93,59,5,60,AWS,72,74,Negative,No,25,75,Low,None,Attrition,2026-04-05,10
EMP01042,Employee_1042,47,Male,Sales,Executive,Master,Bangalore,2022-04-19,7,MGR054,2026-08-01,Present,09:05,18:30,0,8.0,Yes,Verified,Success,Yes,Night,2.8,Yes,Sick,12,30,Pending,7.9,5.9,5.4,48301,12139,9796,50644,97,89,52,3,20,Power BI,65,41,Positive,No,68,63,Low,None,Attrition,2026-04-19,3
EMP01043,Employee_1043,38,Female,IT,Manager,Master,Hyderabad,2024-04-29,3,MGR037,2026-08-01,Present,09:39,18:01,0,9.2,Yes,Verified,Success,Yes,Night,0.1,Yes,Earned,4,26,Rejected,8.2,7.9,7.1,111578,18723,4690,125611,90,43,77,5,54,SAP,95,56,Neutral,No,71,82,High,Late,None,2026-04-29,12
EMP01044,Employee_1044,53,Female,IT,Coordinator,B.Tech,Delhi,2019-02-04,5,MGR051,2026-08-01,Present,08:05,20:34,0,8.3,Yes,Failed,Success,Yes,Night,6.4,No,Casual,1,6,Rejected,8.8,4.6,3.9,25201,18065,3775,39491,87,54,89,4,16,Power BI,33,48,Neutral,No,73,61,Medium,Late,Attrition,2026-02-04,8
EMP01045,Employee_1045,43,Male,HR,Analyst,MBA,Delhi,2020-10-30,9,MGR056,2026-08-01,WFH,09:14,20:24,0,7.6,Yes,Verified,Failed,Yes,Evening,1.3,No,Sick,5,5,Approved,8.3,7.2,3.7,111293,17077,8610,119760,71,97,94,2,80,Excel,47,82,Negative,No,86,39,Medium,Performance,None,2026-10-30,7
EMP01046,Employee_1046,29,Male,IT,Manager,MBA,Pune,2024-06-18,2,MGR054,2026-08-01,Present,09:45,20:30,0,8.8,Yes,Verified,Success,Yes,Night,3.6,No,Earned,18,16,Rejected,8.4,6.1,6.6,93973,11152,3954,101171,83,90,77,3,27,HRMS,95,98,Positive,No,38,73,Medium,Leave,Payroll,2026-06-18,10
EMP01047,Employee_1047,26,Female,Sales,Engineer,B.Tech,Pune,2019-07-08,18,MGR055,2026-08-01,Present,08:43,18:32,0,9.7,Yes,Failed,Success,Yes,Evening,4.9,No,Earned,14,21,Pending,7.7,6.8,5.3,55101,10885,846,65140,90,49,100,3,17,Python,5,75,Negative,No,92,15,Low,None,None,2026-07-08,12
EMP01048,Employee_1048,24,Female,IT,Manager,Bachelor,Hyderabad,2020-11-12,15,MGR042,2026-08-01,Present,09:06,19:55,0,8.7,Yes,Verified,Failed,Yes,Night,4.7,No,Earned,16,3,Rejected,8.1,6.7,6.8,112530,13638,9767,116401,92,72,50,5,0,Java,80,100,Neutral,No,75,88,Medium,Late,Payroll,2026-11-12,3
EMP01049,Employee_1049,60,Female,Support,Specialist,Master,Bhubaneswar,2019-12-16,11,MGR015,2026-08-01,Present,09:37,19:09,0,9.2,Yes,Verified,Success,Yes,Night,5.7,Yes,Sick,9,6,Approved,7.0,7.8,4.8,80514,11454,2105,89863,93,68,93,5,61,SAP,56,53,Neutral,No,26,49,Medium,Performance,Payroll,2026-12-16,1
EMP01050,Employee_1050,59,Male,Finance,Analyst,B.Tech,Pune,2020-04-27,2,MGR024,2026-08-01,Absent,08:01,19:05,0,9.8,Yes,Failed,Failed,Yes,Morning,0.0,No,Sick,0,12,Pending,8.7,7.9,5.6,117911,19342,7169,130084,81,93,92,4,34,SAP,19,90,Negative,No,21,58,Low,Late,Payroll,2026-04-27,4
EMP01051,Employee_1051,33,Female,Support,Specialist,MBA,Chennai,2022-02-17,4,MGR047,2026-08-01,Present,09:28,20:47,0,9.7,Yes,Verified,Success,Yes,Evening,0.4,Yes,Earned,7,17,Approved,8.2,6.6,3.1,53576,5034,5705,52905,94,54,91,2,76,Java,59,93,Neutral,No,44,92,Medium,None,Compliance,2026-02-17,11
EMP01052,Employee_1052,27,Female,IT,Executive,MBA,Pune,2022-04-01,9,MGR033,2026-08-01,Present,08:55,18:37,0,8.0,Yes,Failed,Failed,Yes,Evening,4.4,No,Earned,8,6,Approved,6.2,5.6,4.3,111017,13267,3875,120409,95,99,57,3,6,AWS,86,44,Neutral,No,43,7,Medium,Performance,None,2026-04-01,5
EMP01053,Employee_1053,44,Male,Sales,Coordinator,Master,Delhi,2023-08-16,10,MGR075,2026-08-01,Present,08:25,19:29,0,8.4,Yes,Verified,Success,Yes,Evening,5.8,No,None,11,15,Approved,9.0,6.8,7.5,139510,15611,4036,151085,74,78,98,3,76,SQL,41,58,Negative,No,80,23,Medium,None,None,2026-08-16,11
EMP01054,Employee_1054,53,Male,Sales,Manager,B.Tech,Bhubaneswar,2019-06-06,5,MGR009,2026-08-01,Present,10:48,20:54,67,8.6,Yes,Verified,Success,Yes,Evening,4.8,No,None,6,22,Approved,8.2,8.0,5.2,52806,4216,6407,50615,61,84,90,2,47,SQL,92,77,Neutral,No,62,96,Low,Performance,Attrition,2026-06-06,11
EMP01055,Employee_1055,41,Female,Operations,Analyst,B.Tech,Bangalore,2022-02-02,0,MGR020,2026-08-01,Present,09:35,20:11,0,8.8,Yes,Verified,Success,Yes,Evening,1.9,Yes,Earned,7,16,Rejected,7.5,5.5,7.4,72386,4248,8958,67676,72,91,88,4,52,Java,62,100,Positive,No,62,67,High,Leave,Attrition,2026-02-02,5
EMP01056,Employee_1056,54,Male,HR,Analyst,Bachelor,Delhi,2022-08-17,11,MGR007,2026-08-01,Present,09:03,20:30,0,7.9,Yes,Failed,Success,Yes,Evening,2.6,Yes,Sick,11,17,Approved,8.0,5.3,2.1,29433,14904,2472,41865,50,75,91,4,71,HRMS,62,78,Neutral,No,43,32,Medium,Performance,None,2026-08-17,10
EMP01057,Employee_1057,39,Female,Support,Manager,Master,Bangalore,2020-05-18,7,MGR039,2026-08-01,Present,09:28,19:47,0,8.7,Yes,Verified,Success,Yes,Evening,0.0,Yes,Casual,17,25,Rejected,7.3,7.6,5.0,74404,6352,6293,74463,89,99,54,5,44,Python,23,53,Neutral,No,47,26,High,Performance,Compliance,2026-05-18,5
EMP01058,Employee_1058,21,Female,Operations,Analyst,MBA,Pune,2021-07-06,4,MGR054,2026-08-01,Present,08:30,20:36,0,8.3,Yes,Failed,Success,Yes,Evening,2.3,No,Earned,10,14,Approved,8.9,5.6,2.1,40113,19670,4747,55036,84,88,97,3,40,SQL,77,75,Positive,No,66,96,Medium,Performance,Compliance,2026-07-06,7
EMP01059,Employee_1059,53,Female,Operations,Manager,B.Tech,Bhubaneswar,2022-11-21,7,MGR015,2026-08-01,Present,09:39,20:16,0,9.9,Yes,Verified,Failed,Yes,Night,3.6,No,None,16,29,Pending,6.7,6.3,3.1,93678,14758,4906,103530,80,56,80,4,61,SAP,35,55,Neutral,No,91,20,Low,Late,Compliance,2026-11-21,9
EMP01060,Employee_1060,56,Female,Finance,Manager,B.Tech,Delhi,2021-01-27,17,MGR029,2026-08-01,Present,10:11,20:02,74,8.9,Yes,Verified,Success,Yes,Evening,5.1,Yes,Sick,14,9,Pending,8.2,5.8,4.3,75264,2382,1333,76313,85,63,68,4,4,AWS,93,76,Positive,No,83,28,Medium,Leave,Compliance,2026-01-27,5
EMP01061,Employee_1061,24,Female,Finance,Engineer,Master,Hyderabad,2022-08-02,6,MGR048,2026-08-01,Present,09:30,19:59,0,9.7,Yes,Failed,Failed,Yes,Night,5.1,Yes,Earned,15,25,Approved,7.5,6.9,2.7,42659,6174,9995,38838,75,98,50,2,67,SAP,71,71,Negative,Yes,51,81,Medium,Late,Attrition,2026-08-02,4
EMP01062,Employee_1062,35,Male,Support,Executive,B.Tech,Pune,2023-03-20,0,MGR073,2026-08-01,Present,09:36,19:32,0,9.4,Yes,Verified,Success,Yes,Morning,0.5,No,Sick,7,11,Rejected,6.1,6.8,5.6,102068,15363,7465,109966,60,100,89,2,3,SQL,2,99,Neutral,No,88,29,High,Late,Compliance,2026-03-20,7
EMP01063,Employee_1063,60,Female,Operations,Analyst,MBA,Pune,2021-12-27,15,MGR016,2026-08-01,Present,09:28,19:13,0,8.8,Yes,Failed,Success,Yes,Morning,1.9,No,Sick,9,17,Approved,8.2,6.4,7.1,56142,514,5448,51208,85,69,92,5,4,Java,0,71,Neutral,No,50,97,Low,None,Payroll,2026-12-27,4
EMP01064,Employee_1064,34,Female,HR,Executive,Bachelor,Hyderabad,2022-05-25,2,MGR025,2026-08-01,Absent,09:26,20:26,0,8.3,Yes,Verified,Success,Yes,Night,3.4,Yes,Sick,19,12,Rejected,6.7,5.8,2.2,43603,14332,8545,49390,61,70,83,5,42,Excel,57,76,Negative,No,29,14,Medium,Late,Payroll,2026-05-25,2
EMP01065,Employee_1065,44,Male,HR,Executive,MCA,Hyderabad,2020-07-01,16,MGR027,2026-08-01,WFH,09:27,20:59,0,7.4,Yes,Verified,Success,Yes,Morning,4.2,No,Earned,13,10,Rejected,7.2,7.7,4.8,99233,1158,8670,91721,73,99,72,3,72,AWS,57,90,Positive,No,51,37,Low,None,Payroll,2026-07-01,12
EMP01066,Employee_1066,32,Female,Operations,Coordinator,MCA,Chennai,2022-12-16,19,MGR065,2026-08-01,Present,09:01,20:34,0,9.7,Yes,Verified,Failed,Yes,Evening,3.9,Yes,Casual,4,10,Pending,7.5,7.0,6.7,26564,9622,640,35546,90,49,52,4,67,Python,19,58,Positive,No,12,36,Low,Leave,None,2026-12-16,8
EMP01067,Employee_1067,42,Female,Operations,Executive,B.Tech,Bhubaneswar,2021-05-25,7,MGR037,2026-08-01,Present,10:17,19:42,67,9.0,Yes,Verified,Success,Yes,Morning,4.4,No,Sick,16,17,Pending,6.1,6.6,5.5,81114,3754,1408,83460,58,80,80,2,2,HRMS,73,79,Negative,No,14,83,Medium,Leave,Payroll,2026-05-25,10
EMP01068,Employee_1068,35,Female,IT,Specialist,Master,Pune,2020-09-18,9,MGR063,2026-08-01,Present,09:10,19:23,0,8.0,Yes,Failed,Failed,Yes,Morning,4.3,No,None,13,16,Rejected,6.7,5.4,6.7,121875,16587,667,137795,99,58,91,4,23,Java,34,81,Negative,No,88,80,High,Performance,Attrition,2026-09-18,12
EMP01069,Employee_1069,22,Female,Operations,Coordinator,MCA,Delhi,2020-10-11,13,MGR064,2026-08-01,Present,10:53,19:06,61,7.9,Yes,Failed,Failed,Yes,Evening,3.4,Yes,Earned,8,1,Rejected,7.7,7.8,3.3,52750,19388,8991,63147,81,92,50,4,75,SQL,50,66,Negative,No,81,13,Low,None,Compliance,2026-10-11,11
EMP01070,Employee_1070,27,Female,HR,Analyst,B.Tech,Hyderabad,2024-02-13,10,MGR034,2026-08-01,Absent,09:24,18:23,0,8.3,Yes,Verified,Success,Yes,Evening,0.0,Yes,Earned,12,3,Approved,7.3,6.4,4.7,114045,5918,9003,110960,61,89,60,2,74,AWS,63,90,Negative,No,91,74,Medium,Performance,Payroll,2026-02-13,6
EMP01071,Employee_1071,35,Male,Support,Manager,B.Tech,Bhubaneswar,2018-06-02,13,MGR005,2026-08-01,Absent,10:11,19:52,61,7.2,Yes,Verified,Success,Yes,Morning,1.0,No,Sick,19,1,Pending,6.8,4.4,3.1,40693,15277,3793,52177,66,58,72,5,64,Power BI,76,97,Neutral,No,86,36,High,Leave,Payroll,2026-06-02,2
EMP01072,Employee_1072,59,Female,Support,Executive,Master,Bhubaneswar,2024-06-06,19,MGR025,2026-08-01,Present,08:51,18:28,0,7.7,Yes,Verified,Success,Yes,Night,0.9,Yes,Sick,7,28,Approved,8.5,6.7,2.0,98099,1459,4166,95392,81,58,92,5,15,Java,55,56,Neutral,No,10,21,Medium,None,Compliance,2026-06-06,6
EMP01073,Employee_1073,48,Male,Support,Analyst,Master,Delhi,2020-02-23,8,MGR016,2026-08-01,Absent,09:23,19:04,0,9.5,Yes,Failed,Failed,Yes,Evening,4.1,No,Casual,12,27,Rejected,7.1,4.6,4.9,98005,6470,2349,102126,50,63,75,2,69,Python,65,97,Neutral,No,92,67,Low,None,Attrition,2026-02-23,3
EMP01074,Employee_1074,23,Male,Operations,Specialist,Master,Pune,2023-04-13,16,MGR014,2026-08-01,Present,08:15,18:26,0,8.4,Yes,Verified,Success,Yes,Morning,4.5,Yes,Earned,4,4,Pending,7.3,6.9,4.6,49660,6734,5027,51367,77,96,89,5,42,SQL,74,80,Neutral,No,59,68,Medium,Performance,Payroll,2026-04-13,10
EMP01075,Employee_1075,52,Male,Support,Coordinator,B.Tech,Pune,2019-09-11,16,MGR034,2026-08-01,Present,10:38,18:58,69,9.1,Yes,Verified,Success,Yes,Night,2.7,No,Earned,2,20,Rejected,6.6,4.7,3.1,79667,16023,5678,90012,75,47,95,3,26,SQL,61,68,Negative,No,11,43,Low,Leave,None,2026-09-11,4
EMP01076,Employee_1076,53,Male,HR,Executive,B.Tech,Hyderabad,2024-03-21,17,MGR002,2026-08-01,Present,10:27,18:34,67,7.2,Yes,Verified,Failed,Yes,Morning,5.7,No,Casual,6,2,Approved,7.1,7.1,6.0,38344,10449,1570,47223,65,76,80,3,69,SQL,46,71,Positive,No,43,11,Medium,None,None,2026-03-21,11
EMP01077,Employee_1077,24,Female,Sales,Analyst,Master,Pune,2022-03-27,20,MGR023,2026-08-01,Present,09:19,19:35,0,8.9,Yes,Verified,Success,Yes,Evening,5.1,Yes,Casual,5,27,Pending,8.9,4.4,6.8,118811,12453,5787,125477,65,61,52,3,53,Power BI,8,43,Negative,No,47,4,Low,Leave,Attrition,2026-03-27,10
EMP01078,Employee_1078,25,Male,Marketing,Specialist,B.Tech,Chennai,2024-07-11,11,MGR024,2026-08-01,Absent,09:27,20:25,0,8.3,Yes,Verified,Success,Yes,Night,3.2,Yes,Earned,20,17,Approved,8.3,6.2,6.9,76731,4454,8576,72609,60,47,68,2,5,SAP,28,70,Positive,No,16,67,High,Performance,None,2026-07-11,5
EMP01079,Employee_1079,46,Male,Sales,Analyst,B.Tech,Bhubaneswar,2020-03-20,20,MGR023,2026-08-01,WFH,10:59,19:31,60,7.9,Yes,Verified,Failed,Yes,Evening,3.1,Yes,None,4,7,Approved,7.4,6.1,7.3,144722,1705,5591,140836,61,49,88,2,26,Power BI,17,76,Neutral,No,95,86,Low,Leave,Payroll,2026-03-20,1
EMP01080,Employee_1080,44,Female,IT,Coordinator,Bachelor,Delhi,2019-04-05,17,MGR052,2026-08-01,Present,09:23,20:17,0,8.4,Yes,Verified,Success,Yes,Evening,3.3,Yes,Sick,18,24,Pending,6.7,5.6,5.6,97177,9690,8016,98851,83,55,80,3,44,AWS,81,81,Neutral,No,92,2,Medium,Leave,Compliance,2026-04-05,9
EMP01081,Employee_1081,33,Male,Sales,Engineer,Bachelor,Chennai,2023-07-12,2,MGR030,2026-08-01,Present,09:37,20:32,0,7.0,Yes,Verified,Success,Yes,Morning,7.0,Yes,Sick,15,21,Pending,7.7,5.1,2.7,29108,19040,888,47260,55,59,75,5,3,SQL,79,83,Positive,No,36,41,Low,None,Attrition,2026-07-12,3
EMP01082,Employee_1082,29,Female,Sales,Engineer,Master,Bhubaneswar,2019-12-15,12,MGR013,2026-08-01,Present,09:57,20:09,0,7.6,Yes,Verified,Success,Yes,Evening,4.0,Yes,Earned,1,3,Rejected,8.4,5.2,4.8,35126,12705,4527,43304,97,56,52,3,42,SQL,77,82,Negative,No,83,46,Low,None,None,2026-12-15,1
EMP01083,Employee_1083,44,Female,HR,Executive,B.Tech,Bangalore,2021-09-24,11,MGR024,2026-08-01,Present,09:15,20:01,0,7.5,Yes,Verified,Failed,Yes,Evening,3.5,No,None,7,1,Pending,7.2,7.0,2.1,45617,13670,3700,55587,68,77,60,4,24,AWS,57,68,Neutral,No,46,10,High,Leave,None,2026-09-24,6
EMP01084,Employee_1084,52,Female,Operations,Coordinator,MBA,Bangalore,2023-04-13,12,MGR016,2026-08-01,Present,08:29,20:39,0,9.1,Yes,Failed,Failed,Yes,Night,0.0,Yes,Earned,15,26,Rejected,7.7,5.0,4.9,50119,4953,2105,52967,56,60,57,4,11,SQL,33,50,Negative,No,43,14,Low,Leave,Payroll,2026-04-13,6
EMP01085,Employee_1085,26,Male,Operations,Executive,B.Tech,Delhi,2021-06-04,10,MGR040,2026-08-01,Absent,09:20,20:03,0,8.6,Yes,Verified,Failed,Yes,Morning,2.3,Yes,Sick,6,0,Approved,7.9,7.2,7.6,34745,15399,4320,45824,75,96,55,5,59,Python,49,46,Positive,No,93,4,Low,None,Compliance,2026-06-04,8
EMP01086,Employee_1086,36,Female,Sales,Specialist,B.Tech,Hyderabad,2020-05-23,13,MGR034,2026-08-01,Present,10:04,20:04,67,9.0,Yes,Failed,Failed,Yes,Evening,3.3,No,Casual,2,24,Pending,8.2,6.8,7.2,84647,5319,485,89481,85,92,59,2,37,SQL,15,66,Neutral,No,36,34,High,Late,Payroll,2026-05-23,11
EMP01087,Employee_1087,30,Female,Support,Specialist,Master,Bangalore,2018-10-13,7,MGR008,2026-08-01,Present,08:57,19:08,0,9.2,Yes,Verified,Success,Yes,Night,2.8,No,Earned,10,1,Approved,7.6,7.8,5.6,111360,12968,7151,117177,72,46,90,4,43,Power BI,30,57,Negative,No,64,50,Medium,Late,None,2026-10-13,8
EMP01088,Employee_1088,48,Female,Marketing,Manager,Bachelor,Pune,2021-03-20,1,MGR042,2026-08-01,Present,09:18,18:06,0,9.1,Yes,Verified,Success,Yes,Night,10.2,Yes,Casual,8,20,Rejected,6.9,5.7,7.3,49684,7655,1614,55725,65,80,56,4,1,SAP,69,78,Negative,No,15,81,Medium,Performance,Payroll,2026-03-20,8
EMP01089,Employee_1089,41,Female,Operations,Manager,B.Tech,Hyderabad,2022-03-20,15,MGR031,2026-08-01,Present,08:44,18:23,0,10.0,Yes,Failed,Failed,Yes,Evening,5.7,Yes,Earned,16,24,Rejected,7.4,4.4,4.6,26794,8987,1744,34037,99,63,59,3,46,Excel,9,82,Negative,No,71,40,Low,Leave,None,2026-03-20,10
EMP01090,Employee_1090,41,Female,Marketing,Specialist,B.Tech,Hyderabad,2020-05-27,20,MGR003,2026-08-01,Present,09:22,18:36,0,7.1,Yes,Failed,Failed,Yes,Evening,5.3,Yes,Sick,0,15,Rejected,6.5,4.3,3.6,144529,3787,8492,139824,96,49,74,2,50,Python,50,100,Positive,No,87,77,High,Late,Payroll,2026-05-27,2
EMP01091,Employee_1091,52,Male,Marketing,Specialist,Bachelor,Pune,2022-10-11,16,MGR026,2026-08-01,Present,08:07,18:42,0,9.5,Yes,Verified,Failed,Yes,Evening,4.6,Yes,Casual,8,24,Approved,6.6,7.8,3.1,131495,12492,2908,141079,74,71,81,2,17,AWS,0,92,Negative,No,37,66,Medium,Performance,None,2026-10-11,7
EMP01092,Employee_1092,32,Female,Operations,Coordinator,B.Tech,Bangalore,2019-12-18,4,MGR026,2026-08-01,Present,09:31,18:44,0,8.5,Yes,Verified,Success,Yes,Morning,4.0,No,Casual,3,0,Rejected,6.8,4.1,5.6,37049,6208,4575,38682,80,56,57,4,47,SAP,8,79,Negative,No,88,36,Low,Leave,None,2026-12-18,11
EMP01093,Employee_1093,44,Female,Operations,Coordinator,MCA,Pune,2021-09-10,15,MGR078,2026-08-01,Present,10:45,20:14,64,8.2,Yes,Failed,Success,Yes,Evening,1.0,Yes,Earned,10,18,Pending,7.4,4.9,6.3,149822,71,9415,140478,56,67,93,3,9,Power BI,74,49,Positive,No,40,41,Low,None,None,2026-09-10,4
EMP01094,Employee_1094,44,Male,IT,Manager,B.Tech,Delhi,2020-04-29,8,MGR068,2026-08-01,Present,08:52,19:45,0,9.2,Yes,Verified,Success,Yes,Morning,0.0,Yes,Casual,3,5,Approved,8.6,7.6,5.3,87314,10753,3075,94992,100,55,83,2,41,SAP,7,100,Negative,No,83,38,Low,None,Compliance,2026-04-29,8
EMP01095,Employee_1095,35,Male,Sales,Coordinator,MCA,Bangalore,2018-02-18,4,MGR049,2026-08-01,Present,10:33,18:39,71,10.0,Yes,Failed,Success,Yes,Evening,1.0,Yes,Sick,16,3,Rejected,6.7,7.7,7.1,87878,5552,2029,91401,69,57,95,3,76,Excel,69,40,Positive,No,66,81,Medium,Performance,Compliance,2026-02-18,9
EMP01096,Employee_1096,57,Female,Sales,Engineer,MBA,Hyderabad,2019-05-21,10,MGR040,2026-08-01,Present,08:54,19:56,0,10.0,Yes,Verified,Success,Yes,Morning,2.2,No,Sick,7,20,Rejected,7.6,7.4,7.5,83377,2005,4099,81283,85,86,56,3,15,Python,85,75,Positive,No,82,83,High,Late,Payroll,2026-05-21,1
EMP01097,Employee_1097,43,Male,Sales,Analyst,MBA,Pune,2019-07-13,9,MGR013,2026-08-01,Present,10:54,18:13,68,9.2,Yes,Verified,Success,Yes,Evening,0.3,No,Earned,17,21,Pending,6.2,7.6,6.2,69644,16890,7967,78567,63,88,64,3,11,SQL,73,90,Positive,No,65,89,Low,None,Payroll,2026-07-13,6
EMP01098,Employee_1098,33,Female,Operations,Analyst,Master,Pune,2020-06-21,15,MGR080,2026-08-01,Present,08:29,18:49,0,9.8,Yes,Verified,Failed,Yes,Night,3.1,Yes,None,19,13,Approved,8.4,6.3,7.3,89235,6735,1869,94101,50,58,73,3,66,Power BI,5,70,Positive,No,22,50,Low,Leave,Attrition,2026-06-21,12
EMP01099,Employee_1099,24,Female,Finance,Engineer,MCA,Chennai,2021-05-07,19,MGR004,2026-08-01,Present,09:57,18:24,0,9.4,Yes,Verified,Failed,Yes,Night,2.2,Yes,Casual,15,0,Pending,9.0,7.6,6.5,44324,11802,5263,50863,52,79,72,3,61,Python,29,60,Negative,No,51,1,High,None,Attrition,2026-05-07,9
EMP01100,Employee_1100,26,Female,Finance,Manager,Master,Bhubaneswar,2020-12-13,10,MGR034,2026-08-01,Present,09:40,19:57,0,7.3,Yes,Verified,Failed,Yes,Night,5.4,No,Earned,10,15,Pending,6.0,7.1,2.3,67813,14637,8824,73626,96,65,91,5,63,AWS,76,87,Negative,No,41,4,Low,None,Compliance,2026-12-13,5
EMP01101,Employee_1101,57,Male,Support,Manager,MBA,Pune,2018-11-18,11,MGR040,2026-08-01,Present,09:00,18:00,0,7.1,Yes,Verified,Success,Yes,Morning,4.3,No,Earned,20,8,Pending,6.8,5.8,5.2,75803,15687,313,91177,63,58,96,2,68,SAP,44,50,Neutral,No,62,2,Medium,Late,Payroll,2026-11-18,7
EMP01102,Employee_1102,33,Male,Operations,Executive,MCA,Hyderabad,2022-10-07,2,MGR012,2026-08-01,WFH,09:07,18:42,0,9.7,Yes,Verified,Success,Yes,Morning,1.7,No,None,10,17,Rejected,6.4,6.3,5.6,80319,1983,1362,80940,69,55,56,5,43,Python,56,95,Positive,No,73,32,Low,Performance,Payroll,2026-10-07,8
EMP01103,Employee_1103,36,Male,Marketing,Executive,B.Tech,Pune,2023-06-07,1,MGR021,2026-08-01,Present,09:24,18:26,0,8.5,Yes,Verified,Success,Yes,Evening,5.7,No,Sick,3,11,Rejected,7.5,7.6,3.1,115542,7494,2560,120476,93,59,55,2,69,Excel,23,72,Positive,No,21,30,Medium,Late,Payroll,2026-06-07,12
EMP01104,Employee_1104,41,Male,Operations,Manager,MBA,Delhi,2021-02-16,18,MGR040,2026-08-01,Present,09:00,20:42,0,7.9,Yes,Verified,Failed,Yes,Evening,0.4,No,Casual,19,28,Rejected,6.5,7.0,5.4,127385,18948,7496,138837,82,71,85,3,2,SAP,96,55,Neutral,No,60,85,High,Performance,Attrition,2026-02-16,5
EMP01105,Employee_1105,43,Male,Marketing,Analyst,MCA,Pune,2024-06-01,3,MGR055,2026-08-01,Present,09:34,20:28,0,7.9,Yes,Verified,Success,Yes,Evening,5.0,No,Earned,1,24,Approved,8.1,4.3,2.7,57536,8984,2425,64095,62,97,73,4,20,HRMS,32,48,Neutral,No,83,84,High,Late,None,2026-06-01,8
EMP01106,Employee_1106,57,Male,HR,Coordinator,MBA,Chennai,2022-11-18,13,MGR028,2026-08-01,Present,10:46,20:41,75,9.0,Yes,Verified,Success,Yes,Morning,2.0,No,Sick,0,25,Pending,7.4,5.9,6.9,80110,14663,5219,89554,57,57,52,4,45,SAP,59,100,Positive,No,27,46,High,None,None,2026-11-18,6
EMP01107,Employee_1107,44,Female,Operations,Engineer,B.Tech,Hyderabad,2022-02-18,8,MGR071,2026-08-01,Present,09:21,20:21,0,9.1,Yes,Failed,Success,Yes,Evening,2.9,No,Casual,20,7,Pending,8.1,7.9,2.0,85069,10609,2165,93513,71,41,86,4,43,Excel,99,40,Negative,No,67,20,Medium,Performance,Compliance,2026-02-18,9
EMP01108,Employee_1108,52,Male,Operations,Specialist,MCA,Hyderabad,2019-08-09,5,MGR055,2026-08-01,Present,09:01,18:26,0,9.8,Yes,Failed,Failed,Yes,Morning,4.6,Yes,Earned,12,13,Rejected,8.6,5.1,3.0,113113,16630,9114,120629,99,78,68,4,25,AWS,5,43,Neutral,No,87,50,Low,Performance,Payroll,2026-08-09,4
EMP01109,Employee_1109,27,Female,Finance,Specialist,Bachelor,Delhi,2023-05-13,3,MGR050,2026-08-01,Present,09:43,19:37,0,8.0,Yes,Failed,Success,Yes,Morning,4.5,No,Casual,16,11,Approved,6.3,6.4,4.1,43293,9115,8044,44364,89,70,83,4,7,SAP,79,72,Positive,No,36,6,Medium,None,None,2026-05-13,9
EMP01110,Employee_1110,30,Male,Support,Executive,MBA,Bangalore,2018-09-17,5,MGR056,2026-08-01,Present,09:45,18:48,0,9.3,Yes,Failed,Success,Yes,Morning,1.4,Yes,None,6,22,Pending,8.0,6.6,7.4,133111,18989,301,151799,89,47,57,4,22,Java,53,97,Neutral,No,15,31,Low,None,Compliance,2026-09-17,9
EMP01111,Employee_1111,22,Male,Support,Engineer,MCA,Chennai,2023-03-08,1,MGR048,2026-08-01,Present,10:24,19:43,63,8.3,Yes,Failed,Success,Yes,Morning,2.6,Yes,Sick,18,26,Approved,7.7,4.8,4.9,37568,2690,2377,37881,93,87,68,4,20,Java,49,55,Neutral,No,71,30,Medium,Leave,None,2026-03-08,12
EMP01112,Employee_1112,50,Male,Support,Analyst,B.Tech,Bangalore,2020-09-24,11,MGR006,2026-08-01,WFH,08:21,19:12,0,7.5,Yes,Verified,Failed,Yes,Night,7.4,Yes,Sick,5,27,Rejected,7.9,6.7,6.2,87245,4477,1299,90423,65,84,79,5,18,HRMS,71,85,Neutral,No,72,75,Low,Leave,None,2026-09-24,3
EMP01113,Employee_1113,60,Male,HR,Manager,Bachelor,Pune,2023-11-27,12,MGR022,2026-08-01,Present,09:55,20:50,0,8.1,Yes,Verified,Failed,Yes,Evening,0.8,Yes,Sick,15,15,Approved,6.2,6.1,2.8,90255,17641,6284,101612,68,41,66,4,9,Python,58,91,Positive,No,82,8,Low,Leave,Compliance,2026-11-27,12
EMP01114,Employee_1114,54,Male,Finance,Specialist,B.Tech,Bangalore,2020-10-14,11,MGR041,2026-08-01,Present,09:37,18:23,0,7.6,Yes,Verified,Failed,Yes,Morning,3.8,Yes,None,1,23,Pending,7.5,5.5,4.7,80356,11941,7172,85125,64,96,55,3,28,SAP,7,84,Positive,No,18,85,High,Performance,Payroll,2026-10-14,10
EMP01115,Employee_1115,21,Male,HR,Coordinator,B.Tech,Bangalore,2020-02-20,14,MGR028,2026-08-01,Present,08:38,19:51,0,8.9,Yes,Verified,Success,Yes,Morning,4.8,Yes,Sick,13,18,Approved,7.2,4.3,6.8,130107,16373,3821,142659,85,79,60,2,20,Java,1,40,Neutral,No,19,26,High,Performance,Payroll,2026-02-20,5
EMP01116,Employee_1116,38,Male,Finance,Specialist,Bachelor,Hyderabad,2024-08-28,15,MGR011,2026-08-01,Present,09:35,20:54,0,7.1,Yes,Verified,Success,Yes,Evening,1.8,Yes,None,12,28,Pending,8.2,7.7,6.2,47422,10259,1392,56289,86,100,70,2,78,HRMS,7,93,Positive,No,71,51,High,Late,Payroll,2026-08-28,8
EMP01117,Employee_1117,51,Female,HR,Manager,Master,Bangalore,2023-06-09,9,MGR052,2026-08-01,Absent,10:48,18:24,73,8.8,Yes,Verified,Failed,Yes,Night,0.0,No,None,8,24,Rejected,8.3,5.4,3.5,74286,4904,5190,74000,56,87,83,4,20,SAP,99,71,Positive,No,24,38,High,None,Attrition,2026-06-09,1
EMP01118,Employee_1118,52,Male,Marketing,Engineer,B.Tech,Pune,2022-02-20,17,MGR049,2026-08-01,Absent,10:20,18:16,60,7.8,Yes,Verified,Success,Yes,Evening,4.9,No,Casual,2,19,Pending,8.3,7.0,5.0,112970,10823,5801,117992,90,41,83,5,68,Python,89,62,Positive,No,18,42,Low,Late,Attrition,2026-02-20,11
EMP01119,Employee_1119,39,Male,Finance,Analyst,B.Tech,Chennai,2023-09-28,18,MGR065,2026-08-01,Present,09:09,18:28,0,9.9,Yes,Failed,Failed,Yes,Morning,7.1,No,None,13,1,Pending,7.6,7.6,3.3,140050,14557,704,153903,73,76,80,4,19,Excel,76,87,Negative,No,69,50,Medium,None,None,2026-09-28,6
EMP01120,Employee_1120,52,Female,HR,Analyst,B.Tech,Hyderabad,2020-10-27,3,MGR069,2026-08-01,Absent,08:00,19:58,0,8.4,Yes,Verified,Success,Yes,Night,2.5,No,Sick,14,11,Pending,7.3,6.1,4.6,67263,1237,479,68021,80,70,52,2,55,HRMS,62,48,Negative,No,21,77,High,Late,Compliance,2026-10-27,9
EMP01121,Employee_1121,28,Female,IT,Executive,Master,Chennai,2020-08-10,11,MGR080,2026-08-01,Present,09:14,18:27,0,9.9,Yes,Verified,Success,Yes,Night,2.1,Yes,None,6,5,Rejected,8.3,5.4,5.5,149607,19394,2474,166527,67,91,68,2,59,HRMS,75,87,Negative,No,79,3,Low,Late,Compliance,2026-08-10,6
EMP01122,Employee_1122,56,Male,IT,Manager,B.Tech,Chennai,2022-07-17,1,MGR009,2026-08-01,Present,09:55,20:10,0,9.2,Yes,Failed,Failed,Yes,Evening,2.5,Yes,Earned,1,1,Approved,8.7,7.7,5.7,79387,3146,238,82295,89,46,70,3,15,HRMS,56,97,Neutral,No,19,55,High,Performance,Compliance,2026-07-17,10
EMP01123,Employee_1123,44,Male,Support,Executive,MCA,Pune,2022-07-21,6,MGR019,2026-08-01,Present,09:39,18:11,0,8.0,Yes,Verified,Success,Yes,Morning,1.1,Yes,Earned,6,19,Pending,6.1,5.8,6.8,137182,1780,2175,136787,79,92,63,5,71,SAP,12,92,Negative,No,35,81,Medium,None,None,2026-07-21,1
EMP01124,Employee_1124,39,Male,Support,Coordinator,MCA,Bangalore,2018-01-19,0,MGR001,2026-08-01,Present,09:03,18:44,0,9.4,Yes,Failed,Failed,Yes,Evening,2.5,Yes,Earned,12,28,Approved,7.2,6.3,7.1,95767,9596,8442,96921,65,70,73,4,79,Python,36,58,Neutral,No,88,6,High,Leave,Compliance,2026-01-19,1
EMP01125,Employee_1125,28,Male,HR,Coordinator,Bachelor,Hyderabad,2020-12-12,20,MGR007,2026-08-01,Absent,09:07,20:34,0,9.8,Yes,Verified,Success,Yes,Evening,5.3,No,Earned,16,6,Rejected,7.5,4.0,3.7,45946,14924,6970,53900,81,59,51,2,48,Power BI,65,50,Negative,Yes,51,100,Low,Performance,Compliance,2026-12-12,6
EMP01126,Employee_1126,44,Male,Finance,Manager,Bachelor,Bhubaneswar,2021-07-13,6,MGR043,2026-08-01,Present,09:29,18:05,0,9.4,Yes,Failed,Failed,Yes,Evening,3.2,No,None,5,23,Pending,6.4,7.9,5.7,73555,4588,8785,69358,94,47,83,2,34,SQL,65,41,Neutral,No,21,37,Low,Late,None,2026-07-13,12
EMP01127,Employee_1127,58,Male,IT,Engineer,B.Tech,Pune,2018-01-14,19,MGR019,2026-08-01,Present,09:24,20:36,0,9.7,Yes,Failed,Success,Yes,Evening,2.8,Yes,Earned,8,26,Rejected,6.6,6.3,2.9,33879,10853,7009,37723,73,51,63,4,77,Python,48,43,Neutral,No,62,25,Medium,None,Attrition,2026-01-14,2
EMP01128,Employee_1128,40,Male,IT,Coordinator,MBA,Delhi,2019-09-02,2,MGR073,2026-08-01,Present,09:27,19:37,0,7.9,Yes,Verified,Success,Yes,Evening,7.5,Yes,Earned,3,11,Rejected,8.1,4.3,3.8,87545,6723,9990,84278,97,60,94,3,76,Java,47,100,Neutral,No,80,97,Low,Leave,None,2026-09-02,9
EMP01129,Employee_1129,56,Female,Sales,Engineer,Master,Chennai,2024-07-18,1,MGR017,2026-08-01,Present,09:17,18:51,0,9.5,Yes,Verified,Success,Yes,Night,7.4,Yes,None,12,21,Rejected,7.2,7.1,3.9,128517,3532,8750,123299,89,86,95,3,19,SAP,2,56,Positive,Yes,13,99,Medium,Late,Attrition,2026-07-18,7
EMP01130,Employee_1130,45,Male,Operations,Engineer,B.Tech,Hyderabad,2022-10-23,15,MGR065,2026-08-01,Present,10:27,18:26,69,8.5,Yes,Verified,Success,Yes,Evening,2.8,Yes,None,14,26,Rejected,8.3,7.9,2.9,131401,16372,2503,145270,62,96,52,2,72,SAP,3,45,Negative,No,84,69,Low,Leave,Attrition,2026-10-23,8
EMP01131,Employee_1131,53,Female,Support,Engineer,B.Tech,Pune,2018-07-26,16,MGR023,2026-08-01,Present,09:41,18:56,0,8.3,Yes,Failed,Success,Yes,Morning,1.4,Yes,Earned,12,24,Pending,8.6,6.0,7.4,38672,104,9231,29545,54,96,60,3,62,Python,39,86,Positive,No,57,21,High,Leave,Attrition,2026-07-26,6
EMP01132,Employee_1132,29,Male,Operations,Manager,Bachelor,Chennai,2023-08-25,19,MGR079,2026-08-01,Present,08:38,19:00,0,7.7,Yes,Verified,Failed,Yes,Morning,4.9,Yes,Sick,13,17,Rejected,6.0,6.2,7.1,113816,14732,9777,118771,96,56,66,2,67,SAP,70,76,Positive,No,44,68,Low,Late,Payroll,2026-08-25,7
EMP01133,Employee_1133,27,Male,HR,Coordinator,MCA,Chennai,2021-07-27,0,MGR055,2026-08-01,Present,10:47,20:26,72,7.9,Yes,Verified,Failed,Yes,Night,4.9,No,Sick,20,7,Rejected,6.1,6.0,5.3,75710,1962,2994,74678,94,53,78,3,67,Power BI,82,89,Neutral,No,40,56,Low,Late,Attrition,2026-07-27,12
EMP01134,Employee_1134,41,Female,Marketing,Coordinator,Bachelor,Bangalore,2023-11-25,20,MGR057,2026-08-01,Present,10:04,19:52,75,7.5,Yes,Verified,Success,Yes,Night,1.9,No,Earned,0,4,Pending,7.4,6.4,7.8,142353,2631,5466,139518,66,55,62,4,14,SAP,69,50,Neutral,No,38,92,Low,Leave,Attrition,2026-11-25,7
EMP01135,Employee_1135,37,Male,Support,Analyst,MBA,Pune,2022-11-16,14,MGR038,2026-08-01,Present,09:24,18:07,0,8.8,Yes,Failed,Success,Yes,Night,4.7,No,Earned,0,10,Rejected,6.4,7.6,6.0,93269,8986,6569,95686,69,49,66,5,42,HRMS,51,69,Positive,No,88,22,High,None,Attrition,2026-11-16,3
EMP01136,Employee_1136,27,Female,Support,Manager,Bachelor,Bangalore,2019-07-09,16,MGR021,2026-08-01,Present,09:59,18:35,0,8.2,Yes,Failed,Failed,Yes,Morning,3.3,Yes,Casual,15,25,Approved,8.5,6.7,5.6,30724,14203,384,44543,74,48,59,4,45,Java,54,81,Negative,No,63,23,High,Performance,Attrition,2026-07-09,2
EMP01137,Employee_1137,52,Male,Operations,Manager,MCA,Bangalore,2018-09-05,13,MGR019,2026-08-01,Present,09:40,19:00,0,8.9,Yes,Verified,Success,Yes,Night,1.8,Yes,Casual,8,26,Pending,7.2,5.1,4.3,98342,10228,3289,105281,52,77,77,2,9,Java,77,90,Positive,No,82,10,Low,None,None,2026-09-05,7
EMP01138,Employee_1138,36,Male,HR,Analyst,B.Tech,Delhi,2022-05-26,8,MGR052,2026-08-01,Present,09:47,19:46,0,7.9,Yes,Failed,Failed,Yes,Morning,4.5,Yes,Sick,18,5,Rejected,6.4,6.7,5.3,65488,11135,5095,71528,82,99,79,4,25,Python,63,89,Positive,No,30,13,Medium,Performance,Payroll,2026-05-26,7
EMP01139,Employee_1139,52,Male,IT,Coordinator,MBA,Bhubaneswar,2024-05-21,20,MGR019,2026-08-01,Present,08:01,19:17,0,7.5,Yes,Verified,Success,Yes,Evening,5.1,Yes,Sick,20,26,Rejected,7.9,7.1,4.5,123436,2153,1932,123657,58,98,77,5,45,Python,40,52,Neutral,No,73,62,High,Leave,None,2026-05-21,2
EMP01140,Employee_1140,33,Female,Finance,Manager,MCA,Chennai,2022-08-12,17,MGR064,2026-08-01,Absent,08:36,20:11,0,7.2,Yes,Failed,Success,Yes,Night,3.6,No,Sick,5,5,Rejected,8.2,7.4,3.0,116897,18776,5773,129900,64,43,56,4,51,Java,93,54,Positive,No,94,31,High,Late,Attrition,2026-08-12,8
EMP01141,Employee_1141,50,Female,Sales,Coordinator,MBA,Chennai,2021-02-17,1,MGR038,2026-08-01,WFH,09:57,19:29,0,7.4,Yes,Failed,Failed,Yes,Evening,2.0,No,Earned,7,4,Rejected,8.4,4.8,6.6,102744,10128,5653,107219,56,76,100,3,1,HRMS,57,80,Negative,No,19,2,Low,Performance,Payroll,2026-02-17,5
EMP01142,Employee_1142,29,Male,IT,Specialist,Master,Pune,2019-12-13,11,MGR065,2026-08-01,Present,10:38,19:49,76,7.2,Yes,Verified,Success,Yes,Night,1.7,Yes,None,5,10,Rejected,7.1,6.3,5.4,33654,12427,4254,41827,73,89,83,3,33,Excel,33,83,Neutral,No,58,44,Low,Late,Compliance,2026-12-13,5
EMP01143,Employee_1143,34,Male,Operations,Engineer,MCA,Hyderabad,2020-04-17,19,MGR038,2026-08-01,Present,09:59,19:34,0,9.2,Yes,Failed,Success,Yes,Evening,2.5,Yes,Earned,14,6,Rejected,8.2,4.5,5.1,92385,658,6789,86254,54,80,56,2,9,Power BI,50,59,Negative,No,29,12,High,None,Payroll,2026-04-17,5
EMP01144,Employee_1144,24,Female,Support,Analyst,B.Tech,Bhubaneswar,2020-12-11,19,MGR048,2026-08-01,WFH,09:46,18:40,0,8.2,Yes,Verified,Success,Yes,Night,6.1,Yes,Casual,17,14,Pending,6.5,5.0,5.9,125560,15217,7466,133311,98,96,62,3,16,HRMS,42,68,Positive,Yes,10,98,Medium,None,Payroll,2026-12-11,12
EMP01145,Employee_1145,52,Female,Operations,Manager,Master,Chennai,2023-07-05,20,MGR025,2026-08-01,Present,08:39,19:53,0,9.5,Yes,Verified,Failed,Yes,Morning,0.2,No,Sick,20,8,Pending,6.3,6.7,5.5,82793,19800,8472,94121,93,54,82,3,46,SAP,91,96,Negative,No,29,67,Low,Performance,Compliance,2026-07-05,12
EMP01146,Employee_1146,41,Female,IT,Executive,MBA,Pune,2024-10-12,17,MGR064,2026-08-01,WFH,08:23,20:21,0,9.2,Yes,Verified,Success,Yes,Morning,3.3,No,Casual,3,2,Rejected,6.6,5.2,5.0,130286,11531,1714,140103,74,96,54,5,78,HRMS,95,46,Neutral,No,58,46,High,None,Compliance,2026-10-12,2
EMP01147,Employee_1147,54,Female,HR,Analyst,MBA,Bhubaneswar,2018-03-25,20,MGR017,2026-08-01,WFH,08:14,20:57,0,9.0,Yes,Failed,Success,Yes,Morning,3.3,Yes,None,16,10,Approved,8.7,7.3,4.3,65329,18450,5845,77934,88,53,60,5,71,SAP,81,76,Negative,No,31,90,Medium,Leave,Attrition,2026-03-25,3
EMP01148,Employee_1148,25,Female,IT,Coordinator,MBA,Bangalore,2020-01-04,17,MGR063,2026-08-01,Present,09:42,18:28,0,8.0,Yes,Failed,Success,Yes,Night,1.8,Yes,Sick,16,27,Rejected,6.9,6.6,3.6,66583,6371,1455,71499,100,91,57,5,75,HRMS,84,57,Neutral,No,83,97,High,Performance,Compliance,2026-01-04,11
EMP01149,Employee_1149,25,Female,Sales,Engineer,B.Tech,Delhi,2020-12-12,10,MGR001,2026-08-01,Present,09:03,19:43,0,7.3,Yes,Failed,Success,Yes,Evening,2.8,Yes,None,18,25,Approved,8.8,4.4,5.2,125521,16159,7319,134361,78,48,51,3,61,AWS,74,46,Neutral,No,45,94,Medium,Performance,Attrition,2026-12-12,2
EMP01150,Employee_1150,42,Male,Operations,Manager,Master,Hyderabad,2022-07-30,0,MGR011,2026-08-01,Present,09:11,19:41,0,8.1,Yes,Verified,Success,Yes,Night,2.9,No,Earned,14,11,Pending,8.5,7.4,7.0,129359,313,1511,128161,75,63,97,5,58,Excel,92,48,Negative,No,92,61,Medium,Leave,None,2026-07-30,1
EMP01151,Employee_1151,60,Female,Support,Executive,Master,Bhubaneswar,2021-10-14,9,MGR063,2026-08-01,Present,08:55,19:53,0,7.3,Yes,Verified,Success,Yes,Morning,1.4,No,Casual,0,26,Approved,7.0,7.1,7.2,56628,7984,893,63719,60,74,88,3,0,SAP,90,73,Positive,No,91,53,Low,Late,None,2026-10-14,10
EMP01152,Employee_1152,48,Female,HR,Executive,MCA,Bhubaneswar,2022-03-28,7,MGR056,2026-08-01,Present,08:29,18:21,0,8.7,Yes,Verified,Success,Yes,Morning,3.7,No,Earned,11,14,Rejected,7.3,4.8,5.6,87783,3655,827,90611,68,66,78,2,4,HRMS,86,43,Negative,No,69,34,High,Performance,None,2026-03-28,3
EMP01153,Employee_1153,57,Male,Finance,Engineer,B.Tech,Hyderabad,2019-09-05,19,MGR052,2026-08-01,WFH,10:47,19:34,76,9.1,Yes,Verified,Success,Yes,Evening,3.5,Yes,Casual,15,0,Approved,7.7,5.8,7.4,118342,15371,7410,126303,66,71,71,4,75,AWS,2,47,Positive,No,37,49,Medium,Late,None,2026-09-05,2
EMP01154,Employee_1154,55,Male,Finance,Executive,MBA,Delhi,2021-09-03,20,MGR016,2026-08-01,Present,09:28,18:26,0,9.4,Yes,Verified,Failed,Yes,Evening,5.4,Yes,Casual,14,21,Approved,7.1,6.3,5.8,61310,582,8776,53116,80,74,55,2,28,SQL,83,93,Negative,Yes,18,46,Low,None,Compliance,2026-09-03,7
EMP01155,Employee_1155,37,Male,Support,Manager,MCA,Bhubaneswar,2024-07-04,10,MGR013,2026-08-01,Present,08:14,20:16,0,9.7,Yes,Verified,Failed,Yes,Night,7.3,Yes,None,19,19,Rejected,6.5,7.2,5.2,64828,14162,5001,73989,53,41,89,2,64,HRMS,86,43,Negative,Yes,64,66,Low,Leave,Payroll,2026-07-04,2
EMP01156,Employee_1156,30,Female,IT,Analyst,B.Tech,Pune,2022-10-23,1,MGR072,2026-08-01,WFH,09:21,20:33,0,9.2,Yes,Verified,Failed,Yes,Morning,3.7,No,None,12,8,Rejected,7.9,5.9,6.1,38477,15627,7644,46460,94,60,94,2,61,Power BI,36,40,Positive,No,39,7,Low,None,Payroll,2026-10-23,2
EMP01157,Employee_1157,60,Female,Operations,Executive,B.Tech,Hyderabad,2023-10-31,20,MGR013,2026-08-01,Present,09:37,19:55,0,8.5,Yes,Verified,Success,Yes,Evening,4.5,Yes,None,17,2,Approved,6.4,7.4,4.4,48340,4991,5080,48251,63,56,89,5,17,Power BI,56,98,Neutral,No,70,7,High,Leave,Payroll,2026-10-31,11
EMP01158,Employee_1158,37,Male,Operations,Manager,MBA,Delhi,2019-11-09,5,MGR012,2026-08-01,Present,09:40,18:07,0,7.4,Yes,Failed,Success,Yes,Evening,4.0,No,Sick,16,24,Approved,8.0,5.5,7.8,55774,11809,6074,61509,63,79,84,3,46,AWS,31,50,Positive,No,70,46,Low,Late,Attrition,2026-11-09,4
EMP01159,Employee_1159,38,Male,Finance,Coordinator,Master,Bhubaneswar,2019-04-26,6,MGR073,2026-08-01,Present,09:47,19:50,0,8.7,Yes,Verified,Success,Yes,Evening,2.5,Yes,None,10,15,Approved,8.7,5.5,2.1,114316,7220,2411,119125,95,56,94,3,41,AWS,92,73,Positive,No,49,100,High,Late,Payroll,2026-04-26,1
EMP01160,Employee_1160,54,Female,Operations,Engineer,MCA,Bangalore,2023-05-04,14,MGR003,2026-08-01,Present,10:56,18:40,65,8.9,Yes,Failed,Success,Yes,Night,4.1,Yes,Earned,16,0,Rejected,6.2,5.4,2.8,49534,11970,5690,55814,93,48,76,5,18,Excel,90,82,Positive,No,62,58,Medium,None,None,2026-05-04,2
EMP01161,Employee_1161,27,Female,Sales,Executive,MBA,Pune,2022-02-24,17,MGR066,2026-08-01,Present,09:26,18:47,0,8.5,Yes,Verified,Success,Yes,Night,4.7,No,None,14,16,Approved,8.6,6.8,7.1,126638,7046,4927,128757,65,72,61,2,69,SQL,22,85,Positive,No,93,100,Low,Performance,Payroll,2026-02-24,8
EMP01162,Employee_1162,39,Female,HR,Engineer,MBA,Pune,2022-01-29,4,MGR022,2026-08-01,Present,09:34,20:13,0,9.4,Yes,Verified,Success,Yes,Night,0.7,No,Casual,20,18,Rejected,8.1,5.5,3.3,128822,12744,4420,137146,53,68,54,5,71,HRMS,5,98,Negative,No,65,72,High,Late,Payroll,2026-01-29,6
EMP01163,Employee_1163,30,Female,HR,Manager,Master,Pune,2018-11-01,16,MGR048,2026-08-01,Present,08:50,18:48,0,7.2,Yes,Verified,Failed,Yes,Morning,5.8,Yes,Sick,16,12,Rejected,7.0,7.8,6.5,92986,4979,2308,95657,61,60,90,3,4,HRMS,78,59,Positive,Yes,27,27,Medium,Late,None,2026-11-01,11
EMP01164,Employee_1164,21,Female,HR,Manager,MCA,Chennai,2024-02-25,5,MGR027,2026-08-01,Present,10:01,18:49,76,9.9,Yes,Failed,Success,Yes,Night,2.1,No,Sick,12,8,Pending,6.6,7.3,2.8,93850,2247,1503,94594,57,93,62,2,22,HRMS,91,85,Neutral,No,73,53,Low,Late,None,2026-02-25,12
EMP01165,Employee_1165,23,Female,Marketing,Executive,MBA,Pune,2024-08-02,16,MGR034,2026-08-01,Present,08:35,18:35,0,9.3,Yes,Verified,Success,Yes,Night,2.0,No,Sick,9,14,Approved,7.8,6.9,6.2,92171,9733,3943,97961,64,46,57,3,20,HRMS,45,79,Negative,No,66,39,Medium,None,Compliance,2026-08-02,1
EMP01166,Employee_1166,28,Female,Support,Analyst,MBA,Bangalore,2019-06-22,7,MGR018,2026-08-01,Present,09:20,20:34,0,8.7,Yes,Verified,Failed,Yes,Evening,0.8,Yes,None,3,13,Approved,6.1,5.0,4.3,34458,16034,8647,41845,58,95,79,3,21,HRMS,11,75,Negative,No,23,1,High,Leave,Compliance,2026-06-22,2
EMP01167,Employee_1167,31,Male,IT,Specialist,Bachelor,Bhubaneswar,2018-06-24,6,MGR058,2026-08-01,WFH,08:11,18:54,0,8.7,Yes,Failed,Success,Yes,Night,6.7,No,None,14,2,Pending,7.2,5.6,7.2,124318,10612,1055,133875,65,92,75,3,4,SAP,63,49,Neutral,Yes,30,4,High,Leave,Payroll,2026-06-24,1
EMP01168,Employee_1168,36,Male,Finance,Analyst,Bachelor,Pune,2024-05-29,5,MGR054,2026-08-01,Present,10:04,18:19,60,9.5,Yes,Failed,Success,Yes,Evening,2.4,Yes,Earned,13,7,Approved,8.6,5.5,2.4,115425,11496,3746,123175,96,100,71,3,12,Excel,28,82,Positive,No,13,75,Medium,Performance,Compliance,2026-05-29,1
EMP01169,Employee_1169,57,Female,Sales,Manager,Master,Bangalore,2024-07-30,18,MGR007,2026-08-01,Present,09:24,18:42,0,9.9,Yes,Verified,Success,Yes,Evening,3.0,Yes,Casual,9,19,Approved,7.8,7.5,2.1,108587,6603,5537,109653,50,41,100,2,70,Java,13,65,Positive,No,58,62,Medium,None,None,2026-07-30,12
EMP01170,Employee_1170,46,Female,HR,Analyst,Master,Delhi,2021-06-24,8,MGR048,2026-08-01,Absent,09:23,20:45,0,9.0,Yes,Failed,Success,Yes,Evening,3.0,No,Casual,16,1,Approved,7.5,7.1,7.5,109985,3974,4390,109569,51,48,63,3,21,Python,12,64,Neutral,No,23,76,High,None,Attrition,2026-06-24,12
EMP01171,Employee_1171,31,Female,Support,Executive,B.Tech,Chennai,2018-03-06,11,MGR003,2026-08-01,Present,10:06,19:41,63,7.5,Yes,Verified,Failed,Yes,Night,5.0,No,Casual,1,23,Rejected,8.0,5.4,5.2,70029,3931,9476,64484,97,95,90,5,71,SAP,100,50,Positive,No,28,0,Medium,Performance,None,2026-03-06,1
EMP01172,Employee_1172,39,Male,Finance,Manager,Master,Chennai,2020-07-20,15,MGR015,2026-08-01,Present,09:37,19:18,0,8.0,Yes,Verified,Success,Yes,Evening,0.3,No,Sick,10,0,Rejected,8.9,4.2,5.8,62264,15987,6170,72081,51,67,96,3,74,AWS,39,70,Positive,No,50,54,Medium,Late,Attrition,2026-07-20,12
EMP01173,Employee_1173,37,Female,HR,Coordinator,MCA,Bhubaneswar,2019-07-24,8,MGR056,2026-08-01,Present,10:28,18:09,68,9.5,Yes,Verified,Success,Yes,Evening,3.8,No,None,1,15,Approved,8.4,4.1,3.0,99120,17062,2613,113569,60,61,70,2,25,SQL,24,56,Negative,No,21,57,Medium,Late,Compliance,2026-07-24,9
EMP01174,Employee_1174,23,Male,Sales,Engineer,B.Tech,Delhi,2018-04-26,1,MGR045,2026-08-01,Present,10:17,20:10,71,8.7,Yes,Verified,Success,Yes,Night,5.7,Yes,Casual,9,24,Rejected,8.2,6.5,7.4,89459,12123,4356,97226,51,88,98,2,69,Power BI,74,67,Negative,No,94,45,Medium,None,Compliance,2026-04-26,1
EMP01175,Employee_1175,43,Female,IT,Manager,Bachelor,Delhi,2022-04-17,8,MGR046,2026-08-01,Present,09:43,18:41,0,9.6,Yes,Verified,Success,Yes,Night,0.6,Yes,Sick,15,14,Approved,8.6,6.3,3.0,59041,15189,9093,65137,77,47,50,5,18,AWS,80,61,Positive,No,42,30,High,Late,Payroll,2026-04-17,11
EMP01176,Employee_1176,42,Male,Marketing,Analyst,MCA,Delhi,2021-09-28,1,MGR045,2026-08-01,Present,09:54,18:51,0,8.8,Yes,Verified,Success,Yes,Morning,5.1,Yes,Earned,0,15,Approved,8.7,6.9,5.2,49334,17744,6707,60371,53,54,85,3,67,Java,2,46,Negative,No,65,81,Medium,Performance,Attrition,2026-09-28,10
EMP01177,Employee_1177,58,Female,HR,Specialist,MBA,Pune,2019-08-06,9,MGR040,2026-08-01,Present,08:45,19:01,0,9.5,Yes,Failed,Success,Yes,Evening,0.5,Yes,Earned,0,25,Pending,7.4,6.2,3.8,26664,16043,1663,41044,57,89,94,4,40,AWS,52,71,Neutral,No,87,40,High,Performance,Compliance,2026-08-06,10
EMP01178,Employee_1178,31,Female,IT,Executive,Bachelor,Bangalore,2022-03-25,20,MGR079,2026-08-01,Present,09:42,18:20,0,8.2,Yes,Verified,Failed,Yes,Morning,1.6,No,None,13,21,Approved,6.9,4.1,4.7,46504,15593,3578,58519,83,81,64,3,19,SAP,49,91,Negative,No,80,10,High,Performance,None,2026-03-25,6
EMP01179,Employee_1179,36,Female,Finance,Coordinator,Master,Pune,2018-12-22,7,MGR069,2026-08-01,Present,10:13,18:33,63,10.0,Yes,Verified,Success,Yes,Morning,2.8,Yes,Sick,8,27,Rejected,7.4,4.5,4.6,138468,7790,7008,139250,85,49,76,3,15,SQL,13,87,Neutral,No,69,48,Low,None,Attrition,2026-12-22,4
EMP01180,Employee_1180,40,Male,Finance,Manager,MBA,Pune,2020-11-11,9,MGR058,2026-08-01,Absent,09:12,18:41,0,7.3,Yes,Verified,Failed,Yes,Night,3.0,No,Casual,17,12,Pending,6.7,6.5,2.1,141106,7502,5632,142976,84,95,91,5,66,Java,28,75,Positive,No,15,15,Medium,Leave,Attrition,2026-11-11,9
EMP01181,Employee_1181,53,Male,Support,Coordinator,Master,Hyderabad,2019-03-03,9,MGR052,2026-08-01,Present,09:11,20:33,0,9.3,Yes,Verified,Success,Yes,Evening,1.5,Yes,Sick,16,22,Pending,6.1,7.8,5.3,141658,8670,1122,149206,63,88,77,2,25,SQL,33,76,Positive,No,21,66,Low,Late,Attrition,2026-03-03,3
EMP01182,Employee_1182,35,Male,Support,Coordinator,MCA,Chennai,2019-09-14,7,MGR036,2026-08-01,Present,10:41,18:25,66,7.9,Yes,Verified,Success,Yes,Night,4.5,Yes,Earned,16,6,Rejected,8.1,5.6,6.9,65046,11120,110,76056,63,96,64,2,60,Power BI,89,50,Negative,No,72,89,High,None,None,2026-09-14,6
EMP01183,Employee_1183,33,Female,Sales,Analyst,B.Tech,Bhubaneswar,2021-11-15,20,MGR031,2026-08-01,Present,09:19,18:58,0,9.2,Yes,Failed,Success,Yes,Evening,2.3,Yes,Casual,16,16,Pending,6.9,8.0,4.8,29479,5731,1447,33763,76,98,94,3,32,SQL,0,61,Negative,No,13,31,High,None,Attrition,2026-11-15,8
EMP01184,Employee_1184,59,Female,Operations,Specialist,Master,Bhubaneswar,2024-01-09,17,MGR020,2026-08-01,WFH,08:50,18:50,0,8.3,Yes,Failed,Success,Yes,Evening,1.9,No,Sick,5,7,Rejected,7.0,7.3,4.5,83226,19974,3627,99573,83,86,59,3,31,Power BI,5,68,Positive,No,90,38,High,Performance,None,2026-01-09,11
EMP01185,Employee_1185,56,Male,HR,Coordinator,MCA,Hyderabad,2018-12-17,12,MGR063,2026-08-01,Present,09:05,19:45,0,10.0,Yes,Verified,Failed,Yes,Morning,0.0,No,Sick,5,14,Approved,9.0,7.5,3.0,31813,12740,8164,36389,85,52,98,3,53,Power BI,36,75,Neutral,No,49,64,Medium,Performance,Compliance,2026-12-17,4
EMP01186,Employee_1186,35,Male,Support,Executive,B.Tech,Pune,2023-01-12,0,MGR054,2026-08-01,WFH,10:12,20:56,80,9.0,Yes,Verified,Failed,Yes,Morning,4.7,Yes,Earned,17,17,Rejected,8.6,4.2,4.2,117095,2301,7858,111538,80,58,54,5,52,Java,82,54,Neutral,No,61,90,Low,Late,Attrition,2026-01-12,12
EMP01187,Employee_1187,51,Female,Sales,Coordinator,B.Tech,Delhi,2022-03-02,11,MGR073,2026-08-01,Present,09:39,19:21,0,8.5,Yes,Verified,Success,Yes,Night,3.8,Yes,Earned,16,9,Pending,7.6,6.3,3.0,71339,7255,5614,72980,98,79,74,4,4,Java,16,57,Neutral,No,51,0,Low,Leave,Attrition,2026-03-02,8
EMP01188,Employee_1188,60,Female,Support,Specialist,MCA,Delhi,2018-09-12,2,MGR051,2026-08-01,Present,09:46,18:14,0,8.3,Yes,Verified,Success,Yes,Morning,0.0,No,None,3,7,Rejected,9.0,6.9,2.2,131432,16942,2835,145539,63,71,66,5,11,Power BI,55,79,Negative,No,11,65,High,Performance,Payroll,2026-09-12,6
EMP01189,Employee_1189,53,Male,Marketing,Engineer,Bachelor,Bangalore,2019-05-08,4,MGR080,2026-08-01,Present,08:10,20:30,0,9.4,Yes,Failed,Success,Yes,Morning,0.0,No,None,3,2,Pending,7.1,5.5,3.9,145316,100,8126,137290,69,73,74,5,27,Power BI,71,44,Positive,No,95,63,High,None,Payroll,2026-05-08,7
EMP01190,Employee_1190,28,Male,Marketing,Executive,Bachelor,Bhubaneswar,2018-08-31,13,MGR049,2026-08-01,Present,09:26,20:55,0,7.2,Yes,Verified,Success,Yes,Morning,2.5,No,Earned,10,12,Approved,8.4,4.7,3.8,52548,17149,4650,65047,73,64,88,5,59,SQL,65,45,Neutral,No,37,29,High,Performance,Attrition,2026-08-31,6
EMP01191,Employee_1191,38,Male,Sales,Analyst,MBA,Bangalore,2023-02-20,7,MGR068,2026-08-01,Present,09:52,20:19,0,8.8,Yes,Failed,Success,Yes,Night,4.1,No,Earned,12,23,Approved,7.6,7.1,7.6,75397,18238,3121,90514,93,47,82,2,59,AWS,66,75,Positive,No,46,13,Medium,None,Compliance,2026-02-20,7
EMP01192,Employee_1192,29,Female,HR,Specialist,Master,Pune,2020-07-02,19,MGR008,2026-08-01,Absent,09:10,20:47,0,9.7,Yes,Verified,Success,Yes,Night,1.4,No,Sick,16,6,Approved,8.1,4.3,3.2,59091,10932,1725,68298,95,60,71,5,56,Python,5,70,Positive,No,53,51,Medium,Performance,Compliance,2026-07-02,4
EMP01193,Employee_1193,49,Male,Operations,Coordinator,MBA,Bhubaneswar,2018-08-24,1,MGR037,2026-08-01,Present,09:25,19:29,0,8.4,Yes,Verified,Success,Yes,Night,0.0,No,Casual,11,23,Approved,8.2,4.5,7.2,138183,17264,3245,152202,74,70,63,5,59,SQL,75,66,Neutral,No,50,42,Medium,None,Compliance,2026-08-24,1
EMP01194,Employee_1194,55,Female,Finance,Engineer,MCA,Chennai,2024-10-13,16,MGR018,2026-08-01,Present,09:37,19:25,0,8.7,Yes,Verified,Success,Yes,Night,0.0,No,Earned,10,15,Pending,8.3,6.1,7.0,112820,783,2674,110929,88,77,75,4,77,Python,66,89,Neutral,No,76,54,Low,None,Payroll,2026-10-13,2
EMP01195,Employee_1195,39,Female,Sales,Manager,Master,Pune,2024-01-18,1,MGR058,2026-08-01,Present,09:19,19:21,0,9.2,Yes,Verified,Failed,Yes,Evening,2.8,Yes,None,19,19,Pending,6.8,7.3,3.0,104941,1734,4611,102064,80,57,53,4,58,AWS,11,95,Negative,No,41,78,Low,Leave,Attrition,2026-01-18,1
EMP01196,Employee_1196,41,Female,Marketing,Specialist,MCA,Chennai,2020-09-06,3,MGR003,2026-08-01,Present,09:41,19:34,0,8.5,Yes,Verified,Success,Yes,Night,3.5,No,Sick,17,0,Approved,6.6,6.6,5.7,98249,1015,3741,95523,88,80,61,3,41,HRMS,57,93,Negative,No,71,88,Medium,Performance,Compliance,2026-09-06,2
EMP01197,Employee_1197,47,Male,Sales,Engineer,Master,Delhi,2023-05-17,12,MGR027,2026-08-01,Present,09:07,18:00,0,9.8,Yes,Verified,Failed,Yes,Evening,4.9,Yes,Sick,13,21,Rejected,7.5,5.2,5.7,120829,14406,8642,126593,75,65,73,5,35,SAP,57,41,Neutral,No,38,50,Medium,Leave,Compliance,2026-05-17,5
EMP01198,Employee_1198,45,Male,HR,Specialist,Bachelor,Bhubaneswar,2024-04-25,5,MGR068,2026-08-01,Present,09:57,19:58,0,8.5,Yes,Failed,Success,Yes,Morning,3.8,Yes,None,9,11,Approved,8.6,5.3,3.7,42295,3569,7619,38245,72,65,83,2,54,HRMS,76,42,Positive,No,20,76,Low,Late,Compliance,2026-04-25,2
EMP01199,Employee_1199,41,Female,Operations,Engineer,B.Tech,Pune,2021-07-18,16,MGR054,2026-08-01,WFH,09:05,20:51,0,7.5,Yes,Verified,Failed,Yes,Night,3.1,Yes,Casual,8,7,Approved,8.5,5.7,7.0,146615,10264,7473,149406,69,97,59,2,2,SQL,70,57,Neutral,No,51,57,Medium,Performance,None,2026-07-18,7
EMP01200,Employee_1200,34,Male,Marketing,Manager,Bachelor,Chennai,2019-12-19,20,MGR063,2026-08-01,Absent,10:42,18:40,71,8.2,Yes,Verified,Success,Yes,Evening,2.7,No,Sick,1,22,Pending,6.8,7.0,2.8,61876,2140,227,63789,92,91,53,5,28,Java,94,66,Neutral,No,32,55,Medium,Leave,None,2026-12-19,2
EMP01201,Employee_1201,34,Female,Support,Coordinator,MBA,Bangalore,2024-10-01,10,MGR056,2026-08-01,Present,10:34,20:55,79,8.3,Yes,Failed,Failed,Yes,Morning,5.7,No,None,19,26,Approved,8.3,8.0,3.7,141996,9832,3443,148385,95,69,100,2,42,SQL,31,87,Neutral,No,15,59,High,Leave,None,2026-10-01,9
EMP01202,Employee_1202,41,Female,Sales,Coordinator,MBA,Bhubaneswar,2021-07-23,4,MGR008,2026-08-01,Present,08:01,20:40,0,8.9,Yes,Verified,Success,Yes,Night,8.2,No,Earned,11,6,Rejected,7.3,5.3,6.7,112802,8533,848,120487,64,47,70,3,68,Java,48,59,Positive,No,86,100,Medium,Leave,Compliance,2026-07-23,9
EMP01203,Employee_1203,57,Female,HR,Executive,MCA,Pune,2018-03-09,7,MGR002,2026-08-01,Absent,09:21,20:12,0,8.7,Yes,Verified,Success,Yes,Evening,3.0,Yes,Casual,18,23,Rejected,6.5,5.6,2.2,127187,6904,1760,132331,71,83,73,3,47,AWS,92,64,Positive,No,74,38,High,Performance,Payroll,2026-03-09,7
EMP01204,Employee_1204,36,Female,IT,Analyst,Bachelor,Delhi,2021-11-14,11,MGR011,2026-08-01,WFH,09:32,20:22,0,9.3,Yes,Failed,Success,Yes,Night,3.4,Yes,None,17,21,Rejected,7.0,4.7,7.2,134353,7518,9736,132135,82,55,88,3,57,Excel,1,83,Positive,No,81,77,High,Performance,Payroll,2026-11-14,11
EMP01205,Employee_1205,47,Male,Operations,Manager,B.Tech,Chennai,2024-08-07,14,MGR001,2026-08-01,Absent,10:58,18:28,69,7.3,Yes,Failed,Failed,Yes,Night,0.1,No,Sick,0,16,Pending,8.5,4.2,5.5,123786,9579,5594,127771,52,82,58,5,4,SAP,43,96,Negative,No,26,5,Medium,Performance,None,2026-08-07,8
EMP01206,Employee_1206,55,Female,Sales,Executive,Master,Delhi,2021-03-23,5,MGR006,2026-08-01,Present,09:40,19:52,0,9.7,Yes,Verified,Success,Yes,Night,5.0,No,Casual,18,20,Approved,7.7,4.3,5.2,107940,13071,4254,116757,89,87,93,2,0,SQL,8,51,Positive,No,35,96,Medium,Performance,Compliance,2026-03-23,10
EMP01207,Employee_1207,47,Female,Sales,Analyst,Bachelor,Pune,2018-10-22,18,MGR029,2026-08-01,Present,09:28,19:26,0,8.1,Yes,Failed,Failed,Yes,Morning,0.9,Yes,None,4,30,Rejected,8.7,7.0,3.2,35820,12855,6801,41874,91,40,54,5,49,SQL,81,95,Negative,No,38,22,Low,Leave,Compliance,2026-10-22,10
EMP01208,Employee_1208,38,Male,HR,Specialist,B.Tech,Bhubaneswar,2018-07-11,9,MGR019,2026-08-01,Present,08:42,18:06,0,8.2,Yes,Verified,Success,Yes,Morning,1.1,No,Earned,15,26,Rejected,6.8,5.1,2.7,34104,12556,6185,40475,74,43,100,4,50,Python,55,69,Negative,No,40,62,Medium,Late,None,2026-07-11,5
EMP01209,Employee_1209,55,Male,Operations,Analyst,Bachelor,Pune,2019-05-16,1,MGR045,2026-08-01,Present,10:17,19:40,63,9.6,Yes,Verified,Failed,Yes,Evening,5.1,No,Earned,19,24,Pending,7.3,4.1,3.4,91031,8428,7715,91744,96,54,75,2,80,SAP,93,60,Negative,No,85,96,High,Leave,Attrition,2026-05-16,10
EMP01210,Employee_1210,39,Female,Finance,Engineer,Master,Bhubaneswar,2018-12-07,17,MGR001,2026-08-01,Present,08:53,18:12,0,7.8,Yes,Verified,Success,Yes,Evening,3.5,Yes,None,18,25,Pending,8.5,4.0,2.9,122292,15829,8671,129450,99,69,72,3,43,Java,57,62,Positive,No,88,55,Medium,None,Attrition,2026-12-07,4
EMP01211,Employee_1211,53,Male,HR,Executive,Master,Pune,2023-12-07,7,MGR032,2026-08-01,Absent,09:34,18:50,0,9.8,Yes,Verified,Failed,Yes,Night,2.5,Yes,Earned,4,28,Rejected,6.2,4.7,4.2,31907,6306,5717,32496,51,59,69,3,29,Python,50,60,Negative,No,69,61,Low,None,None,2026-12-07,3
EMP01212,Employee_1212,27,Female,Sales,Executive,Master,Hyderabad,2022-12-29,4,MGR011,2026-08-01,Present,08:59,19:30,0,7.6,Yes,Failed,Success,Yes,Morning,3.8,Yes,None,12,14,Approved,8.8,6.1,5.2,25103,18503,8696,34910,77,57,76,2,39,SQL,37,70,Positive,No,54,77,Medium,Performance,Payroll,2026-12-29,4
EMP01213,Employee_1213,58,Female,Operations,Executive,Master,Chennai,2023-03-27,18,MGR048,2026-08-01,Present,09:40,19:02,0,7.7,Yes,Verified,Failed,Yes,Night,4.8,Yes,Earned,10,23,Approved,6.3,6.7,2.1,83229,12446,8820,86855,89,62,95,5,7,SAP,82,91,Positive,No,54,82,Low,Performance,Compliance,2026-03-27,3
EMP01214,Employee_1214,42,Female,HR,Coordinator,Bachelor,Hyderabad,2020-07-04,20,MGR078,2026-08-01,WFH,08:22,20:43,0,8.9,Yes,Verified,Success,Yes,Night,2.7,No,None,20,12,Approved,8.8,8.0,6.9,88919,16099,2473,102545,93,98,99,4,2,HRMS,23,75,Negative,No,75,11,Medium,Performance,Attrition,2026-07-04,1
EMP01215,Employee_1215,34,Female,IT,Manager,MCA,Bangalore,2020-03-01,13,MGR032,2026-08-01,Present,08:33,18:44,0,10.0,Yes,Failed,Success,Yes,Evening,5.6,Yes,Sick,1,15,Approved,6.9,6.8,2.6,148423,2747,8552,142618,77,69,74,4,18,SQL,68,71,Negative,No,47,30,Low,Performance,Payroll,2026-03-01,8
EMP01216,Employee_1216,36,Female,Marketing,Executive,Bachelor,Delhi,2021-05-19,20,MGR023,2026-08-01,Present,09:21,18:26,0,9.0,Yes,Failed,Failed,Yes,Night,2.5,Yes,Sick,19,11,Pending,7.6,4.6,2.8,43357,12807,8655,47509,80,97,63,3,28,SQL,23,61,Negative,No,22,16,High,Performance,Attrition,2026-05-19,7
EMP01217,Employee_1217,50,Female,Finance,Coordinator,Master,Bangalore,2020-07-02,9,MGR052,2026-08-01,Present,09:25,20:51,0,8.0,Yes,Verified,Success,Yes,Night,6.6,Yes,None,19,15,Pending,6.2,4.4,4.2,138657,8267,4280,142644,92,49,90,5,70,Java,41,56,Negative,No,68,3,High,Leave,None,2026-07-02,11
EMP01218,Employee_1218,23,Female,Sales,Executive,MBA,Delhi,2018-04-05,14,MGR067,2026-08-01,Present,09:14,20:42,0,7.7,Yes,Verified,Success,Yes,Evening,3.2,Yes,Earned,14,17,Approved,6.6,6.4,5.2,114515,10896,8626,116785,90,98,100,4,16,Java,46,48,Neutral,No,79,68,Low,Performance,None,2026-04-05,11
EMP01219,Employee_1219,47,Male,Support,Manager,Bachelor,Bhubaneswar,2020-02-14,20,MGR075,2026-08-01,Present,09:02,20:06,0,7.9,Yes,Verified,Success,Yes,Night,3.6,Yes,Casual,15,26,Rejected,7.5,6.6,7.6,116772,11562,5102,123232,70,73,66,5,36,Python,86,46,Positive,No,68,60,Low,Late,Attrition,2026-02-14,8
EMP01220,Employee_1220,58,Male,Operations,Executive,MBA,Hyderabad,2019-03-07,15,MGR073,2026-08-01,Absent,09:16,18:58,0,8.6,Yes,Failed,Success,Yes,Morning,1.4,Yes,Casual,12,18,Rejected,6.1,5.6,7.0,50511,19712,73,70150,88,79,98,4,49,AWS,71,87,Neutral,No,14,19,High,Late,Attrition,2026-03-07,7
EMP01221,Employee_1221,31,Male,Marketing,Executive,MBA,Pune,2020-10-28,5,MGR053,2026-08-01,Present,09:00,20:00,0,8.1,Yes,Failed,Success,Yes,Night,4.5,Yes,None,10,0,Rejected,6.7,4.0,7.6,41973,17192,233,58932,79,74,59,5,69,HRMS,67,87,Neutral,No,90,20,High,Late,None,2026-10-28,4
EMP01222,Employee_1222,48,Male,IT,Engineer,MCA,Pune,2018-02-11,12,MGR051,2026-08-01,Present,09:23,19:04,0,8.0,Yes,Failed,Success,Yes,Night,4.5,Yes,Earned,2,0,Rejected,8.7,5.8,2.8,137552,17773,1024,154301,92,50,94,2,76,Java,19,82,Negative,No,62,27,Medium,Late,Payroll,2026-02-11,10
EMP01223,Employee_1223,43,Male,HR,Specialist,Master,Chennai,2019-11-18,7,MGR031,2026-08-01,Present,09:54,20:32,0,8.0,Yes,Verified,Failed,Yes,Night,3.8,Yes,Sick,20,12,Rejected,6.6,6.1,5.7,109523,8825,5305,113043,77,45,92,5,76,Python,44,60,Negative,No,72,46,Low,None,Compliance,2026-11-18,10
EMP01224,Employee_1224,25,Female,Sales,Specialist,MBA,Chennai,2022-08-04,5,MGR006,2026-08-01,Present,08:38,20:39,0,9.0,Yes,Failed,Success,Yes,Evening,5.5,No,Sick,8,29,Rejected,6.2,4.3,7.7,128480,19979,4876,143583,57,70,90,2,20,Java,43,90,Negative,No,48,68,High,Performance,Payroll,2026-08-04,10
EMP01225,Employee_1225,46,Female,Operations,Specialist,Bachelor,Pune,2020-11-20,5,MGR003,2026-08-01,Present,08:35,20:42,0,7.1,Yes,Verified,Success,Yes,Morning,4.4,No,Sick,5,27,Approved,8.9,6.6,8.0,49097,18108,8466,58739,78,60,93,5,18,Power BI,42,62,Negative,No,57,81,Medium,None,Payroll,2026-11-20,7
EMP01226,Employee_1226,29,Male,Sales,Engineer,MBA,Chennai,2024-09-22,5,MGR038,2026-08-01,Present,08:43,19:50,0,8.5,Yes,Verified,Success,Yes,Morning,0.8,No,None,0,18,Rejected,6.1,7.6,4.7,69493,18419,1822,86090,58,59,94,2,34,HRMS,6,79,Neutral,No,70,88,Medium,Late,Payroll,2026-09-22,9
EMP01227,Employee_1227,55,Male,Marketing,Analyst,Bachelor,Bhubaneswar,2023-05-17,13,MGR032,2026-08-01,Present,09:29,19:40,0,9.3,Yes,Verified,Failed,Yes,Morning,2.5,No,Casual,1,1,Rejected,6.5,4.8,3.9,68686,14400,2163,80923,86,70,72,3,58,Excel,27,89,Neutral,No,81,99,High,Late,Attrition,2026-05-17,7
EMP01228,Employee_1228,53,Female,Marketing,Manager,B.Tech,Delhi,2021-11-10,11,MGR004,2026-08-01,Present,09:27,19:17,0,10.0,Yes,Failed,Success,Yes,Night,4.9,Yes,Earned,11,9,Rejected,7.4,4.9,2.3,70487,4547,5437,69597,61,61,72,4,33,HRMS,82,56,Neutral,No,41,30,Medium,Performance,Payroll,2026-11-10,3
EMP01229,Employee_1229,28,Female,Finance,Analyst,MBA,Chennai,2024-07-24,12,MGR028,2026-08-01,Present,09:30,18:27,0,8.8,Yes,Verified,Failed,Yes,Morning,0.0,Yes,None,9,18,Pending,7.9,4.8,5.9,84653,198,4696,80155,73,81,89,4,44,AWS,72,57,Positive,No,32,73,High,None,Compliance,2026-07-24,4
EMP01230,Employee_1230,26,Male,Support,Analyst,B.Tech,Pune,2019-09-14,14,MGR038,2026-08-01,WFH,09:12,19:03,0,9.5,Yes,Failed,Failed,Yes,Morning,0.0,No,Casual,2,14,Approved,9.0,4.9,4.5,136037,15139,1427,149749,99,57,80,5,32,Excel,81,59,Neutral,No,59,89,High,Late,Attrition,2026-09-14,2
EMP01231,Employee_1231,54,Male,Marketing,Manager,Master,Bhubaneswar,2022-05-21,19,MGR054,2026-08-01,Present,08:10,20:04,0,9.7,Yes,Verified,Failed,Yes,Night,2.3,Yes,None,15,27,Pending,6.6,4.3,8.0,75213,10063,5183,80093,51,63,70,5,62,Java,7,48,Negative,No,78,96,Medium,Leave,Payroll,2026-05-21,9
EMP01232,Employee_1232,31,Female,Marketing,Analyst,Master,Bhubaneswar,2022-12-15,15,MGR067,2026-08-01,Present,09:55,18:06,0,9.3,Yes,Failed,Failed,Yes,Morning,0.7,No,Sick,18,3,Approved,8.2,7.1,7.9,74064,18523,1541,91046,70,77,95,4,22,Excel,22,91,Neutral,No,76,7,High,Late,Payroll,2026-12-15,6
EMP01233,Employee_1233,34,Female,HR,Manager,MCA,Bangalore,2021-07-31,16,MGR053,2026-08-01,Present,09:31,20:03,0,7.5,Yes,Verified,Success,Yes,Evening,3.8,Yes,Casual,12,16,Rejected,6.2,7.8,2.0,131294,15244,4423,142115,90,94,81,3,49,Excel,37,57,Positive,No,36,35,High,Performance,None,2026-07-31,3
EMP01234,Employee_1234,46,Male,Marketing,Specialist,B.Tech,Bhubaneswar,2022-03-18,5,MGR043,2026-08-01,Present,09:23,20:46,0,9.6,Yes,Verified,Failed,Yes,Night,3.4,Yes,Sick,7,27,Approved,7.4,6.6,6.0,77177,9100,1209,85068,82,63,52,4,33,Java,68,63,Positive,No,59,6,High,Late,Compliance,2026-03-18,6
EMP01235,Employee_1235,23,Female,HR,Analyst,Master,Delhi,2021-03-22,0,MGR001,2026-08-01,Present,09:41,20:58,0,8.8,Yes,Verified,Success,Yes,Night,3.7,Yes,Casual,1,8,Approved,7.5,4.1,4.2,146582,11802,3885,154499,85,90,92,4,28,Excel,42,63,Neutral,No,61,30,High,Leave,None,2026-03-22,9
EMP01236,Employee_1236,58,Male,HR,Manager,MBA,Pune,2019-09-23,6,MGR026,2026-08-01,Absent,10:00,19:39,68,9.9,Yes,Verified,Success,Yes,Night,4.0,No,None,6,18,Rejected,6.9,5.2,4.7,63939,17362,6382,74919,73,41,56,5,58,AWS,1,61,Neutral,No,60,44,Medium,None,Attrition,2026-09-23,6
EMP01237,Employee_1237,32,Male,Finance,Engineer,Bachelor,Bhubaneswar,2023-12-31,12,MGR031,2026-08-01,Present,09:36,18:55,0,7.1,Yes,Verified,Failed,Yes,Evening,4.6,Yes,Casual,4,12,Approved,7.0,4.3,6.0,51470,5545,4742,52273,55,94,69,3,18,Python,19,75,Neutral,No,23,17,Low,Late,Compliance,2026-12-31,9
EMP01238,Employee_1238,42,Female,IT,Engineer,MBA,Chennai,2022-08-12,19,MGR020,2026-08-01,Present,08:15,18:09,0,7.7,Yes,Verified,Failed,Yes,Morning,1.3,Yes,None,8,3,Approved,6.4,6.1,5.6,118817,4312,4711,118418,84,82,93,2,20,Java,84,55,Neutral,No,17,82,High,Performance,None,2026-08-12,12
EMP01239,Employee_1239,32,Female,Operations,Coordinator,MCA,Hyderabad,2020-08-13,13,MGR063,2026-08-01,Present,09:18,18:57,0,9.3,Yes,Failed,Success,Yes,Evening,3.1,No,Casual,10,12,Approved,8.7,4.0,3.1,40279,15882,6731,49430,91,69,52,5,76,Python,50,55,Positive,No,58,7,Low,Performance,Compliance,2026-08-13,2
EMP01240,Employee_1240,33,Female,IT,Specialist,Master,Hyderabad,2021-10-01,10,MGR077,2026-08-01,Present,09:36,19:45,0,8.4,Yes,Verified,Success,Yes,Night,4.2,Yes,Sick,15,6,Rejected,6.5,5.1,3.0,80233,2256,8026,74463,60,50,61,3,20,Excel,25,73,Negative,No,20,25,High,Leave,Compliance,2026-10-01,12
EMP01241,Employee_1241,39,Male,Operations,Coordinator,Bachelor,Hyderabad,2019-11-01,9,MGR010,2026-08-01,Present,09:21,18:11,0,8.8,Yes,Verified,Success,Yes,Evening,0.0,No,Earned,12,21,Approved,7.6,7.3,5.4,88615,898,9517,79996,86,85,64,3,44,Python,35,66,Positive,No,88,88,Low,Late,Attrition,2026-11-01,5
EMP01242,Employee_1242,54,Female,Marketing,Coordinator,MCA,Hyderabad,2019-04-08,19,MGR011,2026-08-01,Present,09:51,20:01,0,8.0,Yes,Verified,Failed,Yes,Night,8.5,No,Sick,6,17,Pending,7.1,5.4,5.1,97458,7677,3395,101740,61,62,80,4,16,Excel,23,87,Negative,No,34,1,Low,Performance,None,2026-04-08,9
EMP01243,Employee_1243,50,Female,IT,Coordinator,MCA,Bhubaneswar,2022-09-22,8,MGR071,2026-08-01,Present,08:23,20:24,0,9.6,Yes,Verified,Failed,Yes,Night,0.5,No,Casual,9,21,Approved,7.4,7.8,7.6,76618,14954,4671,86901,50,87,61,4,42,Power BI,86,83,Neutral,No,91,85,High,Leave,None,2026-09-22,2
EMP01244,Employee_1244,30,Female,Operations,Executive,B.Tech,Pune,2018-09-12,20,MGR065,2026-08-01,Present,09:41,20:52,0,7.8,Yes,Verified,Failed,Yes,Evening,2.0,No,Sick,11,15,Approved,6.7,5.7,3.6,48322,9937,1174,57085,68,93,99,5,41,Excel,91,49,Positive,No,65,40,Medium,Late,Compliance,2026-09-12,7
EMP01245,Employee_1245,30,Female,IT,Analyst,Bachelor,Delhi,2018-10-03,2,MGR043,2026-08-01,Present,09:59,19:34,0,7.7,Yes,Verified,Failed,Yes,Night,4.7,No,Casual,1,23,Approved,8.2,4.7,7.9,87712,2332,5656,84388,60,87,99,3,51,Java,75,68,Neutral,No,66,70,Medium,None,Attrition,2026-10-03,8
EMP01246,Employee_1246,23,Female,Operations,Coordinator,Bachelor,Pune,2022-04-11,16,MGR011,2026-08-01,Present,09:46,18:46,0,7.1,Yes,Verified,Success,Yes,Evening,2.9,Yes,Sick,9,12,Rejected,7.9,7.8,2.6,91356,13552,3813,101095,97,72,80,3,39,Python,3,57,Neutral,No,84,8,Low,None,Attrition,2026-04-11,3
EMP01247,Employee_1247,59,Male,HR,Coordinator,B.Tech,Hyderabad,2020-02-27,1,MGR034,2026-08-01,Present,08:04,18:29,0,7.1,Yes,Verified,Failed,Yes,Morning,2.6,Yes,None,18,25,Pending,7.1,4.0,2.5,29032,9280,9313,28999,96,73,82,3,58,AWS,4,64,Neutral,No,11,98,Medium,Performance,Payroll,2026-02-27,11
EMP01248,Employee_1248,25,Female,Sales,Analyst,MCA,Hyderabad,2019-04-20,3,MGR035,2026-08-01,Present,09:59,19:30,0,7.2,Yes,Verified,Success,Yes,Evening,0.0,Yes,Earned,3,3,Approved,8.9,4.5,2.5,93470,7469,5661,95278,95,67,61,4,60,SQL,32,53,Neutral,No,88,24,Medium,None,None,2026-04-20,7
EMP01249,Employee_1249,34,Male,Support,Coordinator,Bachelor,Pune,2019-03-07,6,MGR064,2026-08-01,Absent,09:11,18:00,0,8.3,Yes,Verified,Failed,Yes,Morning,3.3,No,Sick,8,26,Rejected,8.2,5.2,2.1,49480,10407,5697,54190,83,67,96,5,4,HRMS,86,77,Positive,No,50,98,Low,Late,Attrition,2026-03-07,1
EMP01250,Employee_1250,27,Female,Support,Analyst,Bachelor,Delhi,2019-02-11,19,MGR065,2026-08-01,Present,08:53,20:55,0,8.9,Yes,Failed,Success,Yes,Night,2.9,Yes,Casual,18,16,Rejected,7.3,7.6,6.4,127516,2437,9679,120274,71,85,87,3,32,Power BI,45,56,Negative,No,34,38,High,Leave,None,2026-02-11,3
EMP01251,Employee_1251,48,Female,Marketing,Analyst,Bachelor,Bhubaneswar,2022-07-18,10,MGR009,2026-08-01,WFH,09:10,20:40,0,9.2,Yes,Failed,Success,Yes,Morning,2.9,No,Casual,7,0,Rejected,7.3,5.9,5.7,106966,19504,6450,120020,64,82,74,5,58,SAP,64,44,Positive,No,73,0,High,Late,Payroll,2026-07-18,1
EMP01252,Employee_1252,27,Female,Sales,Specialist,Master,Bhubaneswar,2023-08-24,17,MGR024,2026-08-01,Present,10:50,19:24,67,7.3,Yes,Failed,Success,Yes,Night,4.2,Yes,None,20,2,Pending,8.5,7.7,5.5,35911,7175,3129,39957,70,86,57,4,17,HRMS,82,93,Neutral,No,17,87,High,Performance,Attrition,2026-08-24,2
EMP01253,Employee_1253,51,Female,Sales,Engineer,B.Tech,Bhubaneswar,2018-12-25,16,MGR054,2026-08-01,Present,08:51,18:13,0,9.4,Yes,Failed,Failed,Yes,Evening,2.9,Yes,Earned,7,12,Rejected,7.2,8.0,4.6,122292,18611,2957,137946,100,85,71,2,45,Python,67,81,Positive,No,93,4,Medium,None,None,2026-12-25,9
EMP01254,Employee_1254,53,Male,Finance,Manager,B.Tech,Hyderabad,2020-06-12,9,MGR010,2026-08-01,Present,08:47,19:49,0,7.2,Yes,Verified,Success,Yes,Morning,3.0,No,None,13,12,Approved,7.1,6.8,5.6,72278,1571,9675,64174,98,100,87,3,78,Python,56,65,Positive,No,84,15,High,None,Payroll,2026-06-12,10
EMP01255,Employee_1255,49,Female,Finance,Specialist,Bachelor,Bhubaneswar,2024-01-07,15,MGR056,2026-08-01,Present,09:23,18:44,0,10.0,Yes,Verified,Success,Yes,Morning,0.9,No,Sick,19,20,Approved,8.2,4.4,6.9,56065,4388,1534,58919,72,81,92,2,16,Power BI,79,60,Positive,No,78,31,High,Performance,None,2026-01-07,4
EMP01256,Employee_1256,48,Female,Support,Manager,B.Tech,Pune,2024-07-16,11,MGR027,2026-08-01,Present,08:20,18:56,0,7.9,Yes,Verified,Failed,Yes,Night,4.3,No,Sick,6,6,Rejected,8.8,6.0,5.1,89972,9539,9096,90415,60,43,79,5,69,Python,97,92,Negative,No,13,26,Medium,None,None,2026-07-16,2
EMP01257,Employee_1257,27,Female,HR,Specialist,MCA,Bhubaneswar,2018-01-13,18,MGR060,2026-08-01,Present,09:45,20:34,0,9.4,Yes,Verified,Success,Yes,Evening,0.6,No,None,0,18,Approved,7.5,5.6,3.9,136027,7842,4212,139657,88,43,67,3,28,Java,95,82,Negative,No,61,91,Low,Performance,Compliance,2026-01-13,3
EMP01258,Employee_1258,42,Female,Support,Coordinator,Bachelor,Bangalore,2019-11-23,12,MGR003,2026-08-01,Present,09:11,20:41,0,7.9,Yes,Verified,Success,Yes,Night,0.3,No,Casual,14,28,Approved,8.1,6.4,4.3,81561,3429,305,84685,82,91,75,3,32,Excel,24,82,Negative,No,67,35,Medium,Late,None,2026-11-23,9
EMP01259,Employee_1259,37,Male,Operations,Coordinator,Master,Chennai,2018-06-24,14,MGR030,2026-08-01,Present,09:41,20:02,0,8.9,Yes,Verified,Failed,Yes,Evening,3.2,No,Sick,14,7,Rejected,7.4,5.2,4.4,36043,9952,4975,41020,63,46,83,5,27,Java,23,85,Negative,No,12,1,Low,Leave,Compliance,2026-06-24,11
EMP01260,Employee_1260,41,Male,Support,Engineer,Bachelor,Pune,2023-06-19,15,MGR052,2026-08-01,Present,10:52,20:59,70,8.8,Yes,Verified,Success,Yes,Morning,4.7,No,Earned,5,27,Pending,7.5,6.5,5.0,63719,13090,1284,75525,60,85,69,3,16,AWS,53,63,Negative,No,26,96,High,Late,Payroll,2026-06-19,5
EMP01261,Employee_1261,46,Male,Marketing,Engineer,MBA,Pune,2018-06-20,12,MGR078,2026-08-01,Present,09:33,18:16,0,7.9,Yes,Failed,Success,Yes,Morning,2.5,Yes,Earned,0,25,Pending,9.0,4.7,5.3,140510,18817,9019,150308,64,95,54,3,44,Excel,2,70,Positive,No,69,76,Low,None,Payroll,2026-06-20,12
EMP01262,Employee_1262,43,Male,Marketing,Coordinator,Master,Bangalore,2023-11-29,8,MGR041,2026-08-01,Present,09:38,20:09,0,8.8,Yes,Failed,Failed,Yes,Evening,0.2,No,Sick,16,24,Approved,7.5,4.8,5.0,148707,749,1240,148216,83,46,69,5,62,Java,18,96,Neutral,No,13,58,Medium,Late,Compliance,2026-11-29,1
EMP01263,Employee_1263,49,Female,Finance,Analyst,Bachelor,Hyderabad,2020-03-30,6,MGR041,2026-08-01,Present,10:58,20:40,71,9.7,Yes,Verified,Failed,Yes,Morning,3.3,Yes,Earned,1,27,Pending,6.6,8.0,2.4,91632,14018,7327,98323,61,56,80,5,35,SQL,45,88,Positive,No,65,94,Low,Late,Payroll,2026-03-30,7
EMP01264,Employee_1264,36,Female,Finance,Specialist,MBA,Bhubaneswar,2022-08-30,14,MGR068,2026-08-01,Present,08:28,20:23,0,9.2,Yes,Verified,Success,Yes,Morning,2.4,No,None,20,8,Pending,6.1,6.0,3.5,91624,5120,4332,92412,55,78,74,4,39,Python,92,43,Positive,No,85,19,Medium,Performance,Compliance,2026-08-30,11
EMP01265,Employee_1265,45,Female,Finance,Analyst,Master,Bangalore,2021-09-13,9,MGR061,2026-08-01,Present,10:18,19:07,80,9.7,Yes,Verified,Success,Yes,Night,6.3,Yes,Casual,14,17,Rejected,8.3,5.7,4.1,107034,18247,7763,117518,91,89,77,3,43,Power BI,72,54,Negative,Yes,58,61,Medium,Performance,Compliance,2026-09-13,8
EMP01266,Employee_1266,58,Male,Marketing,Executive,MBA,Delhi,2022-02-23,11,MGR043,2026-08-01,Present,09:42,19:40,0,9.8,Yes,Verified,Failed,Yes,Morning,1.2,No,Earned,10,1,Pending,6.8,5.0,7.2,26818,7679,4996,29501,72,72,95,4,25,Python,8,100,Negative,No,93,59,Medium,Late,Attrition,2026-02-23,1
EMP01267,Employee_1267,35,Female,Operations,Coordinator,MBA,Bangalore,2021-01-21,0,MGR017,2026-08-01,Present,09:39,20:42,0,8.4,Yes,Failed,Success,Yes,Night,1.2,No,Sick,4,8,Approved,8.4,4.2,5.7,33228,11573,8482,36319,99,56,84,5,0,Java,89,67,Negative,No,77,49,High,None,Attrition,2026-01-21,7
EMP01268,Employee_1268,50,Male,HR,Manager,B.Tech,Delhi,2020-03-27,14,MGR025,2026-08-01,Present,09:34,18:21,0,9.7,Yes,Verified,Success,Yes,Morning,2.9,Yes,Earned,5,6,Pending,8.8,7.4,3.4,46699,10070,7195,49574,83,86,81,5,25,SQL,37,41,Negative,No,91,27,Low,None,Attrition,2026-03-27,7
EMP01269,Employee_1269,25,Male,IT,Manager,B.Tech,Delhi,2022-08-29,20,MGR024,2026-08-01,Present,08:31,19:41,0,9.9,Yes,Failed,Success,Yes,Evening,1.5,Yes,Earned,12,3,Pending,8.5,4.4,3.6,87851,12887,2822,97916,92,76,72,5,58,Power BI,42,69,Negative,No,57,88,Low,Late,Payroll,2026-08-29,3
EMP01270,Employee_1270,49,Male,Finance,Manager,MBA,Bangalore,2024-09-13,9,MGR062,2026-08-01,Present,10:52,18:04,61,8.0,Yes,Verified,Failed,Yes,Morning,3.8,Yes,None,0,17,Approved,8.5,5.3,4.7,63314,2299,3648,61965,100,78,50,3,57,Python,55,69,Neutral,No,93,54,High,Late,None,2026-09-13,4
EMP01271,Employee_1271,31,Female,Finance,Analyst,Master,Hyderabad,2019-02-03,7,MGR032,2026-08-01,Present,09:47,20:46,0,9.9,Yes,Failed,Success,Yes,Morning,4.4,Yes,Casual,7,10,Pending,8.1,5.8,6.6,50318,13115,4849,58584,88,44,68,3,74,AWS,73,88,Neutral,No,70,5,Low,None,Attrition,2026-02-03,1
EMP01272,Employee_1272,32,Male,HR,Manager,Master,Hyderabad,2022-01-16,9,MGR048,2026-08-01,Present,09:58,18:50,0,8.2,Yes,Verified,Failed,Yes,Night,2.0,Yes,Earned,17,16,Pending,6.7,6.5,7.0,73456,18083,3214,88325,92,59,96,3,39,SQL,3,82,Neutral,No,34,96,Low,Performance,Attrition,2026-01-16,4
EMP01273,Employee_1273,30,Male,Support,Analyst,Bachelor,Delhi,2024-05-01,5,MGR035,2026-08-01,Present,09:13,20:48,0,9.4,Yes,Verified,Success,Yes,Evening,1.7,No,Casual,0,1,Rejected,7.7,4.8,4.9,43429,19023,4825,57627,57,46,58,4,2,Excel,65,49,Negative,No,85,78,High,Late,None,2026-05-01,2
EMP01274,Employee_1274,48,Male,Sales,Specialist,Bachelor,Chennai,2022-02-20,20,MGR050,2026-08-01,Present,08:15,18:19,0,9.2,Yes,Verified,Success,Yes,Evening,1.6,No,Earned,11,16,Approved,6.2,6.8,3.2,148238,9767,8029,149976,67,53,65,4,53,Python,45,71,Neutral,No,35,23,Low,None,None,2026-02-20,6
EMP01275,Employee_1275,59,Male,Marketing,Executive,MCA,Chennai,2020-12-25,1,MGR078,2026-08-01,Absent,10:15,19:18,70,7.2,Yes,Failed,Success,Yes,Evening,0.6,Yes,None,20,29,Pending,8.9,5.2,5.8,100749,2687,7765,95671,100,65,51,3,72,Python,9,66,Negative,No,11,13,Low,Leave,Compliance,2026-12-25,12
EMP01276,Employee_1276,40,Female,Operations,Engineer,MBA,Delhi,2022-09-02,15,MGR027,2026-08-01,Present,08:00,20:26,0,7.1,Yes,Verified,Success,Yes,Morning,0.8,No,Casual,19,25,Rejected,9.0,7.2,4.2,63271,6888,9969,60190,61,90,99,5,44,HRMS,95,51,Neutral,No,81,69,High,None,Payroll,2026-09-02,10
EMP01277,Employee_1277,57,Male,IT,Coordinator,MBA,Bhubaneswar,2023-07-23,10,MGR058,2026-08-01,Present,08:43,19:06,0,7.2,Yes,Failed,Failed,Yes,Morning,2.9,No,Casual,10,18,Approved,7.9,4.9,5.9,71697,3187,6627,68257,87,44,94,4,50,HRMS,63,68,Negative,No,13,79,High,Leave,Compliance,2026-07-23,2
EMP01278,Employee_1278,33,Female,IT,Specialist,Bachelor,Bhubaneswar,2023-09-10,16,MGR068,2026-08-01,Present,09:09,19:49,0,9.7,Yes,Failed,Failed,Yes,Evening,4.6,No,Casual,16,19,Rejected,8.5,6.2,3.2,94552,1403,4278,91677,51,53,78,5,60,Excel,96,45,Positive,No,16,47,High,Performance,Payroll,2026-09-10,9
EMP01279,Employee_1279,33,Female,HR,Coordinator,MCA,Hyderabad,2021-12-24,20,MGR016,2026-08-01,Absent,09:00,19:03,0,9.2,Yes,Failed,Success,Yes,Morning,2.2,No,None,16,15,Approved,6.0,7.9,5.1,149172,18062,1272,165962,72,59,96,5,13,Power BI,87,52,Negative,No,42,64,Low,None,Payroll,2026-12-24,11
EMP01280,Employee_1280,45,Male,Finance,Manager,B.Tech,Bhubaneswar,2021-08-25,8,MGR035,2026-08-01,Present,09:09,20:45,0,9.3,Yes,Failed,Failed,Yes,Night,0.9,No,None,10,2,Approved,7.8,6.6,2.7,140879,8159,9374,139664,59,77,66,4,13,SAP,55,47,Positive,No,22,39,High,Late,Compliance,2026-08-25,5
EMP01281,Employee_1281,28,Female,Support,Executive,MCA,Hyderabad,2018-06-04,16,MGR012,2026-08-01,Absent,10:54,20:03,72,7.0,Yes,Verified,Success,Yes,Night,3.0,Yes,Casual,4,22,Approved,6.4,5.8,7.0,131609,2503,2158,131954,71,63,90,5,49,SAP,31,51,Positive,No,80,93,High,Late,Attrition,2026-06-04,9
EMP01282,Employee_1282,31,Male,Support,Specialist,Bachelor,Chennai,2021-06-13,15,MGR034,2026-08-01,Present,08:41,18:20,0,9.9,Yes,Failed,Failed,Yes,Night,0.0,Yes,Sick,9,23,Rejected,7.1,6.5,7.4,65276,9225,6440,68061,96,57,60,3,67,SQL,55,74,Positive,No,60,19,Medium,Performance,Attrition,2026-06-13,3
EMP01283,Employee_1283,44,Male,Finance,Coordinator,B.Tech,Delhi,2018-12-18,16,MGR011,2026-08-01,Present,08:21,18:35,0,7.9,Yes,Verified,Failed,Yes,Evening,2.3,Yes,Earned,14,8,Approved,7.9,4.6,2.6,149976,4007,825,153158,62,48,85,4,39,Power BI,33,89,Negative,No,71,82,High,Late,None,2026-12-18,11
EMP01284,Employee_1284,45,Female,Support,Analyst,Master,Chennai,2019-10-26,8,MGR019,2026-08-01,Present,08:40,19:53,0,8.5,Yes,Verified,Success,Yes,Morning,0.8,No,Sick,4,30,Pending,6.4,5.5,2.4,109351,15039,2823,121567,53,96,58,2,35,SQL,28,41,Positive,No,24,14,Low,None,Payroll,2026-10-26,7
EMP01285,Employee_1285,42,Male,Operations,Engineer,B.Tech,Pune,2021-05-23,0,MGR017,2026-08-01,Present,09:47,19:36,0,8.4,Yes,Failed,Failed,Yes,Evening,3.6,No,Casual,14,11,Pending,8.0,5.7,6.7,90820,910,6083,85647,54,44,63,5,44,Python,57,84,Neutral,No,47,79,High,Performance,Attrition,2026-05-23,3
EMP01286,Employee_1286,22,Male,Sales,Analyst,Bachelor,Delhi,2023-01-06,9,MGR064,2026-08-01,Present,09:42,19:40,0,7.6,Yes,Verified,Success,Yes,Morning,4.5,Yes,Earned,6,26,Approved,8.2,4.6,7.7,99021,13463,8290,104194,73,99,86,3,28,Excel,83,85,Positive,No,36,97,High,None,Payroll,2026-01-06,4
EMP01287,Employee_1287,40,Female,Marketing,Executive,Bachelor,Pune,2020-05-19,3,MGR015,2026-08-01,Present,08:33,20:37,0,8.0,Yes,Verified,Success,Yes,Morning,0.0,No,Earned,2,17,Pending,6.4,6.3,7.5,78230,15455,5036,88649,81,47,70,5,47,HRMS,1,51,Neutral,No,48,16,Low,Performance,Compliance,2026-05-19,12
EMP01288,Employee_1288,34,Female,HR,Manager,B.Tech,Chennai,2021-05-23,17,MGR064,2026-08-01,Present,09:01,20:42,0,7.1,Yes,Failed,Failed,Yes,Evening,6.0,Yes,None,16,28,Pending,7.6,6.5,3.7,118226,12331,9515,121042,53,49,96,4,62,Java,99,72,Negative,No,42,21,Medium,Leave,Compliance,2026-05-23,8
EMP01289,Employee_1289,50,Male,HR,Specialist,MCA,Bhubaneswar,2024-10-24,13,MGR009,2026-08-01,Present,09:47,19:45,0,8.3,Yes,Verified,Success,Yes,Evening,1.2,No,Sick,1,18,Pending,7.3,6.1,3.8,65574,17653,6508,76719,94,48,79,4,30,Excel,82,80,Negative,No,23,81,High,None,Payroll,2026-10-24,7
EMP01290,Employee_1290,38,Female,Finance,Coordinator,B.Tech,Delhi,2023-07-23,14,MGR004,2026-08-01,Present,09:38,20:03,0,8.4,Yes,Verified,Failed,Yes,Morning,4.2,No,Sick,9,10,Approved,6.1,4.1,4.9,132409,6999,5490,133918,56,89,66,2,13,Power BI,60,51,Neutral,No,85,22,Low,Late,Payroll,2026-07-23,7
EMP01291,Employee_1291,51,Female,Operations,Specialist,MBA,Pune,2023-01-09,10,MGR020,2026-08-01,Absent,09:25,19:58,0,7.5,Yes,Failed,Success,Yes,Morning,2.9,No,Sick,10,4,Rejected,8.2,7.1,2.1,67797,3427,8160,63064,58,43,67,3,9,Python,53,58,Negative,No,61,5,Medium,Late,Attrition,2026-01-09,6
EMP01292,Employee_1292,24,Female,Sales,Engineer,B.Tech,Bangalore,2019-10-03,11,MGR005,2026-08-01,Present,08:15,18:07,0,9.2,Yes,Verified,Success,Yes,Night,4.9,Yes,Casual,3,1,Pending,8.2,5.7,4.1,92311,15116,6871,100556,75,97,86,4,49,SQL,86,86,Neutral,No,79,66,Medium,Leave,Payroll,2026-10-03,3
EMP01293,Employee_1293,31,Male,Marketing,Specialist,B.Tech,Pune,2020-06-09,12,MGR005,2026-08-01,Present,09:50,19:09,0,7.7,Yes,Verified,Success,Yes,Evening,3.0,Yes,Earned,2,10,Approved,7.8,5.9,6.8,143682,893,544,144031,86,66,51,2,43,HRMS,45,54,Positive,No,44,86,Low,Leave,Compliance,2026-06-09,3
EMP01294,Employee_1294,50,Female,IT,Engineer,Master,Delhi,2018-05-15,14,MGR033,2026-08-01,Present,09:38,19:58,0,8.5,Yes,Verified,Failed,Yes,Evening,7.4,No,Sick,1,5,Rejected,8.2,4.1,4.9,53441,2577,741,55277,75,96,94,4,60,SAP,27,97,Negative,No,76,7,Low,None,None,2026-05-15,4
EMP01295,Employee_1295,31,Male,IT,Executive,B.Tech,Hyderabad,2018-05-16,1,MGR035,2026-08-01,Present,09:33,18:25,0,9.0,Yes,Failed,Success,Yes,Evening,5.2,No,Earned,4,17,Pending,7.2,5.1,2.7,94419,7291,5965,95745,95,50,76,3,13,HRMS,92,87,Neutral,No,51,80,Medium,Late,Attrition,2026-05-16,10
EMP01296,Employee_1296,40,Female,HR,Coordinator,B.Tech,Delhi,2020-10-11,1,MGR040,2026-08-01,Present,09:24,18:03,0,7.4,Yes,Failed,Success,Yes,Night,7.1,No,Sick,18,9,Approved,7.8,4.2,6.8,32299,4334,1978,34655,62,71,79,5,4,Power BI,79,82,Neutral,No,68,4,Medium,None,Compliance,2026-10-11,6
EMP01297,Employee_1297,46,Male,Finance,Specialist,MBA,Bhubaneswar,2022-08-21,2,MGR075,2026-08-01,Present,09:58,19:20,0,9.3,Yes,Failed,Success,Yes,Morning,3.2,Yes,Earned,5,15,Rejected,6.2,4.5,6.9,77034,8798,5332,80500,82,61,57,4,23,AWS,77,85,Positive,No,68,22,High,None,Attrition,2026-08-21,10
EMP01298,Employee_1298,43,Male,Marketing,Manager,Bachelor,Delhi,2021-04-07,14,MGR043,2026-08-01,Present,09:30,19:05,0,8.5,Yes,Verified,Failed,Yes,Evening,5.2,Yes,Casual,4,21,Pending,8.6,7.7,7.0,140387,19887,2327,157947,83,95,65,3,55,HRMS,1,71,Negative,No,81,27,Low,Leave,None,2026-04-07,9
EMP01299,Employee_1299,45,Female,Marketing,Executive,B.Tech,Chennai,2020-04-03,16,MGR004,2026-08-01,Present,09:01,19:37,0,8.1,Yes,Verified,Success,Yes,Morning,1.6,Yes,None,20,5,Approved,7.5,5.5,5.7,71095,18884,2990,86989,94,66,92,2,2,Java,60,95,Positive,No,89,19,High,None,Compliance,2026-04-03,4
EMP01300,Employee_1300,51,Female,Sales,Engineer,B.Tech,Delhi,2023-01-28,7,MGR075,2026-08-01,Present,08:09,20:26,0,10.0,Yes,Failed,Failed,Yes,Night,3.2,No,Sick,8,8,Approved,7.5,5.7,7.3,114419,3652,3537,114534,89,55,96,3,31,HRMS,93,76,Negative,No,37,18,Medium,None,Attrition,2026-01-28,3
EMP01301,Employee_1301,53,Male,Marketing,Specialist,Bachelor,Delhi,2023-10-11,17,MGR072,2026-08-01,Present,08:16,18:39,0,7.6,Yes,Verified,Failed,Yes,Morning,3.6,No,Casual,11,8,Pending,7.0,4.5,4.9,107657,13646,1233,120070,88,56,58,2,49,SAP,29,91,Positive,No,71,22,Low,Late,None,2026-10-11,6
EMP01302,Employee_1302,60,Male,Support,Engineer,MCA,Pune,2021-11-27,8,MGR047,2026-08-01,Present,09:45,20:25,0,8.0,Yes,Failed,Success,Yes,Evening,0.3,Yes,Earned,4,5,Pending,8.5,7.1,7.3,31577,3156,6428,28305,64,52,87,4,54,HRMS,92,40,Negative,No,53,59,Medium,Late,Attrition,2026-11-27,7
EMP01303,Employee_1303,33,Male,Marketing,Coordinator,Bachelor,Delhi,2021-06-02,8,MGR052,2026-08-01,Present,09:23,18:49,0,8.2,Yes,Verified,Success,Yes,Night,5.8,No,None,16,12,Pending,8.6,7.5,5.9,52813,4410,62,57161,73,62,89,2,79,SQL,76,64,Neutral,Yes,84,56,Medium,None,Compliance,2026-06-02,3
EMP01304,Employee_1304,27,Female,IT,Executive,Bachelor,Chennai,2020-03-19,8,MGR026,2026-08-01,Absent,09:16,18:18,0,8.8,Yes,Verified,Success,Yes,Evening,4.2,Yes,None,8,15,Pending,7.4,5.1,7.4,99986,18787,5692,113081,59,51,59,4,12,Power BI,87,59,Positive,No,92,13,High,Performance,Compliance,2026-03-19,9
EMP01305,Employee_1305,23,Male,Marketing,Manager,MCA,Bangalore,2019-01-15,17,MGR042,2026-08-01,Present,10:47,18:15,60,7.5,Yes,Verified,Success,Yes,Evening,4.3,No,Casual,6,23,Pending,6.3,4.9,5.9,84467,10704,1653,93518,96,52,93,2,37,Excel,8,84,Neutral,No,19,77,High,None,Attrition,2026-01-15,4
EMP01306,Employee_1306,37,Male,IT,Coordinator,MCA,Bangalore,2020-03-12,10,MGR039,2026-08-01,Present,09:51,19:34,0,8.7,Yes,Verified,Failed,Yes,Night,2.2,Yes,None,8,12,Rejected,6.4,7.8,5.6,107341,2789,5873,104257,96,56,71,5,70,Python,22,99,Negative,No,48,44,Medium,None,Attrition,2026-03-12,10
EMP01307,Employee_1307,59,Male,HR,Manager,MBA,Bangalore,2019-02-14,13,MGR044,2026-08-01,Present,10:13,20:27,80,7.3,Yes,Verified,Success,Yes,Evening,2.2,No,Earned,5,2,Pending,6.3,7.3,3.9,148395,9612,9779,148228,65,54,78,4,2,SAP,96,82,Negative,No,40,48,Medium,None,Compliance,2026-02-14,8
EMP01308,Employee_1308,25,Male,HR,Executive,MCA,Delhi,2020-11-29,9,MGR001,2026-08-01,Present,09:24,20:49,0,8.4,Yes,Failed,Success,Yes,Evening,2.9,Yes,None,0,8,Approved,7.7,4.7,3.2,104360,12283,3921,112722,89,88,56,5,48,SAP,70,99,Negative,No,67,40,High,Performance,Payroll,2026-11-29,8
EMP01309,Employee_1309,28,Female,Finance,Manager,Bachelor,Hyderabad,2020-11-24,12,MGR014,2026-08-01,Present,08:18,20:14,0,8.6,Yes,Failed,Success,Yes,Morning,6.2,Yes,Earned,19,4,Pending,7.4,5.1,4.6,108648,11915,5644,114919,87,80,53,3,74,Java,11,56,Positive,Yes,55,84,Low,Leave,Attrition,2026-11-24,4
EMP01310,Employee_1310,53,Male,IT,Analyst,Master,Bangalore,2022-08-01,19,MGR080,2026-08-01,WFH,08:31,20:13,0,9.7,Yes,Verified,Success,Yes,Evening,0.3,No,None,6,27,Rejected,7.4,7.1,4.5,109715,10555,2629,117641,82,63,82,4,50,Power BI,18,61,Negative,No,92,89,Medium,Late,Attrition,2026-08-01,12
EMP01311,Employee_1311,48,Female,Support,Engineer,MBA,Delhi,2022-07-26,10,MGR045,2026-08-01,WFH,09:38,19:59,0,8.1,Yes,Verified,Success,Yes,Night,1.9,No,Casual,15,19,Pending,7.6,4.9,6.8,35069,15121,1898,48292,88,76,96,2,59,Power BI,66,61,Neutral,No,90,35,Low,Performance,Compliance,2026-07-26,12
EMP01312,Employee_1312,37,Male,HR,Manager,MBA,Hyderabad,2021-05-10,1,MGR075,2026-08-01,Present,09:53,19:09,0,7.9,Yes,Verified,Failed,Yes,Evening,3.6,No,Sick,2,1,Pending,6.1,7.1,3.0,142584,18545,1944,159185,92,84,81,4,59,Python,25,63,Neutral,No,69,55,Medium,Late,None,2026-05-10,8
EMP01313,Employee_1313,43,Male,Marketing,Manager,Bachelor,Pune,2022-12-14,5,MGR030,2026-08-01,Present,10:51,19:06,79,8.1,Yes,Verified,Success,Yes,Morning,2.2,Yes,Earned,20,1,Rejected,6.5,4.6,2.3,101385,922,6475,95832,59,92,70,2,11,Excel,79,41,Positive,No,32,74,High,Leave,None,2026-12-14,2
EMP01314,Employee_1314,60,Male,Operations,Manager,MBA,Hyderabad,2019-01-19,4,MGR031,2026-08-01,Present,09:12,20:39,0,7.1,Yes,Failed,Success,Yes,Evening,3.1,No,Sick,14,10,Pending,8.8,5.1,2.8,143341,14606,2891,155056,74,54,62,4,26,Excel,99,97,Negative,No,81,69,Medium,Performance,Payroll,2026-01-19,2
EMP01315,Employee_1315,26,Male,HR,Analyst,B.Tech,Bhubaneswar,2024-05-26,12,MGR033,2026-08-01,Present,08:47,19:51,0,8.7,Yes,Verified,Success,Yes,Night,3.4,Yes,Sick,6,29,Approved,8.9,6.7,6.4,98289,4517,4826,97980,90,52,63,2,36,Excel,96,85,Negative,No,15,97,High,Performance,None,2026-05-26,9
EMP01316,Employee_1316,48,Male,Marketing,Engineer,Master,Bhubaneswar,2019-09-15,16,MGR049,2026-08-01,Present,08:40,20:33,0,7.3,Yes,Verified,Failed,Yes,Morning,4.6,Yes,Casual,20,29,Approved,8.8,6.2,7.3,37061,12547,276,49332,86,83,80,3,0,Power BI,85,90,Neutral,No,67,77,Medium,Late,Payroll,2026-09-15,7
EMP01317,Employee_1317,32,Female,IT,Specialist,MCA,Chennai,2021-06-22,12,MGR021,2026-08-01,Present,09:01,20:10,0,7.7,Yes,Failed,Success,Yes,Night,0.7,Yes,None,19,7,Approved,7.4,5.4,2.5,70702,9567,7395,72874,70,40,88,3,5,Python,83,52,Negative,No,56,98,Medium,Late,Attrition,2026-06-22,10
EMP01318,Employee_1318,35,Male,IT,Specialist,Master,Pune,2020-09-16,12,MGR041,2026-08-01,Present,10:48,19:34,70,9.0,Yes,Verified,Failed,Yes,Evening,0.0,No,Earned,7,16,Rejected,7.7,4.7,7.8,28218,12548,7877,32889,73,75,72,2,42,Power BI,3,44,Positive,No,24,81,High,Leave,Payroll,2026-09-16,5
EMP01319,Employee_1319,56,Female,HR,Engineer,Master,Bangalore,2021-06-16,3,MGR058,2026-08-01,Present,10:39,20:03,69,7.4,Yes,Verified,Failed,Yes,Night,1.9,Yes,None,14,0,Approved,6.5,6.8,2.6,32463,12007,1717,42753,53,54,90,4,62,Power BI,65,88,Positive,No,17,19,High,Performance,Compliance,2026-06-16,10
EMP01320,Employee_1320,48,Male,Sales,Analyst,Bachelor,Pune,2021-10-31,19,MGR055,2026-08-01,Present,09:59,20:47,0,7.6,Yes,Failed,Success,Yes,Morning,3.1,Yes,Sick,10,3,Pending,7.2,5.7,5.2,140949,3749,2551,142147,89,51,57,4,21,SAP,36,66,Positive,No,22,26,Low,Leave,Payroll,2026-10-31,10
EMP01321,Employee_1321,58,Male,Marketing,Coordinator,MBA,Delhi,2021-11-24,1,MGR075,2026-08-01,Absent,10:36,19:55,65,7.9,Yes,Verified,Success,Yes,Evening,0.0,Yes,Earned,12,13,Approved,8.3,7.0,7.4,77135,5230,1047,81318,61,62,76,4,37,AWS,69,67,Neutral,No,73,55,Medium,Leave,Payroll,2026-11-24,11
EMP01322,Employee_1322,44,Male,Sales,Executive,MCA,Chennai,2023-07-28,18,MGR053,2026-08-01,Absent,09:55,19:04,0,7.3,Yes,Failed,Failed,Yes,Morning,0.0,No,Casual,0,27,Pending,7.2,5.8,3.9,40415,18374,6665,52124,60,67,66,4,48,SAP,79,62,Positive,No,79,6,Medium,Performance,Attrition,2026-07-28,1
EMP01323,Employee_1323,47,Male,Support,Executive,MBA,Bhubaneswar,2022-05-16,20,MGR021,2026-08-01,Present,09:39,18:11,0,8.0,Yes,Verified,Success,Yes,Morning,0.0,Yes,Casual,5,18,Rejected,8.2,5.1,6.9,29150,9691,1674,37167,58,97,81,4,48,Excel,41,86,Positive,No,47,65,Medium,Leave,Attrition,2026-05-16,11
EMP01324,Employee_1324,38,Female,Support,Specialist,MCA,Bangalore,2019-01-11,17,MGR041,2026-08-01,Present,09:40,18:21,0,8.5,Yes,Failed,Success,Yes,Night,2.8,Yes,Earned,3,18,Pending,6.7,5.4,6.6,113201,19574,5387,127388,91,78,95,3,43,Power BI,17,75,Negative,No,70,83,High,Leave,None,2026-01-11,3
EMP01325,Employee_1325,26,Female,Marketing,Executive,Master,Bangalore,2018-01-29,13,MGR004,2026-08-01,Present,10:39,20:06,61,9.8,Yes,Verified,Success,Yes,Night,3.8,Yes,Sick,9,21,Pending,7.8,5.6,7.1,57693,2073,2007,57759,89,81,78,5,34,Python,3,94,Negative,No,56,78,Medium,Leave,Compliance,2026-01-29,5
EMP01326,Employee_1326,40,Male,HR,Coordinator,MCA,Hyderabad,2021-04-06,2,MGR066,2026-08-01,Present,09:40,19:20,0,7.8,Yes,Verified,Success,Yes,Night,3.3,No,Casual,19,10,Pending,6.1,5.5,2.7,47024,2916,269,49671,57,78,53,4,73,Excel,58,63,Neutral,No,69,0,Medium,Performance,None,2026-04-06,11
EMP01327,Employee_1327,31,Female,Support,Specialist,Master,Pune,2022-07-05,19,MGR041,2026-08-01,WFH,08:50,19:37,0,9.5,Yes,Failed,Success,Yes,Evening,4.8,No,None,8,22,Pending,7.7,7.4,7.3,52689,11961,1647,63003,76,78,92,2,14,AWS,49,76,Negative,No,95,32,High,None,Attrition,2026-07-05,1
EMP01328,Employee_1328,31,Male,Finance,Analyst,Master,Bhubaneswar,2023-11-16,19,MGR034,2026-08-01,Present,09:37,20:49,0,8.2,Yes,Verified,Success,Yes,Evening,1.9,Yes,Sick,15,19,Pending,8.6,6.2,7.6,41307,636,176,41767,92,67,62,5,26,SAP,45,76,Negative,No,44,75,High,None,Compliance,2026-11-16,12
EMP01329,Employee_1329,26,Male,Operations,Engineer,Master,Pune,2024-01-24,19,MGR042,2026-08-01,Absent,09:59,18:13,0,7.6,Yes,Verified,Success,Yes,Morning,4.9,No,None,0,20,Pending,6.0,5.9,6.6,98552,16903,1451,114004,56,49,81,2,64,SAP,98,78,Neutral,No,40,31,High,Performance,None,2026-01-24,9
EMP01330,Employee_1330,30,Male,HR,Manager,MBA,Delhi,2018-10-08,9,MGR031,2026-08-01,Absent,09:07,20:31,0,8.5,Yes,Failed,Success,Yes,Evening,1.4,No,Sick,5,15,Approved,8.4,4.1,3.7,121516,1655,8314,114857,59,82,71,3,79,Python,1,85,Negative,No,33,65,Medium,Late,Compliance,2026-10-08,5
EMP01331,Employee_1331,52,Female,Operations,Manager,Master,Hyderabad,2019-02-04,1,MGR029,2026-08-01,WFH,09:58,18:53,0,8.0,Yes,Failed,Success,Yes,Night,4.0,Yes,Sick,20,22,Rejected,6.3,4.9,3.5,136653,3135,3908,135880,72,73,57,3,29,HRMS,64,50,Positive,No,16,10,High,Leave,Compliance,2026-02-04,10
EMP01332,Employee_1332,26,Male,Sales,Executive,Bachelor,Chennai,2023-06-16,1,MGR054,2026-08-01,Present,10:32,18:06,73,9.5,Yes,Verified,Success,Yes,Evening,3.3,No,Earned,17,9,Rejected,7.9,5.4,6.9,62716,13239,2878,73077,74,49,86,4,16,SQL,96,84,Positive,No,52,5,High,None,None,2026-06-16,4
EMP01333,Employee_1333,57,Male,Support,Specialist,MBA,Delhi,2021-01-14,18,MGR076,2026-08-01,Present,09:17,20:58,0,9.2,Yes,Verified,Failed,Yes,Night,4.7,No,Casual,18,11,Pending,7.4,4.6,7.4,28546,19329,2172,45703,53,58,81,4,32,Java,16,83,Positive,No,67,46,Medium,Late,Payroll,2026-01-14,10
EMP01334,Employee_1334,37,Female,Sales,Coordinator,MBA,Pune,2018-01-08,9,MGR067,2026-08-01,Present,09:18,20:20,0,7.5,Yes,Verified,Failed,Yes,Night,2.1,No,Sick,12,12,Pending,8.6,7.5,5.7,38224,9289,4932,42581,51,56,65,4,10,SAP,71,58,Positive,No,19,30,High,None,Compliance,2026-01-08,7
EMP01335,Employee_1335,29,Female,Operations,Analyst,MBA,Hyderabad,2024-10-31,4,MGR021,2026-08-01,Present,10:10,19:48,75,10.0,Yes,Verified,Failed,Yes,Morning,1.7,Yes,Sick,19,24,Approved,6.6,5.9,3.1,88920,15888,7925,96883,79,98,59,3,5,SAP,38,98,Positive,No,86,61,Medium,Late,Attrition,2026-10-31,1
EMP01336,Employee_1336,56,Female,Sales,Engineer,Master,Hyderabad,2018-08-01,5,MGR013,2026-08-01,WFH,09:33,19:58,0,8.6,Yes,Failed,Success,Yes,Evening,5.1,No,Casual,7,13,Approved,6.5,4.4,5.6,55767,19521,9898,65390,99,89,73,3,12,Python,71,73,Neutral,No,74,72,High,None,None,2026-08-01,2
EMP01337,Employee_1337,47,Female,IT,Engineer,MCA,Chennai,2024-09-30,20,MGR041,2026-08-01,Present,10:51,19:12,68,7.6,Yes,Failed,Failed,Yes,Evening,3.4,Yes,Earned,17,4,Rejected,6.0,4.2,7.6,62395,4420,33,66782,86,83,63,3,23,Java,18,57,Positive,No,90,98,Low,None,None,2026-09-30,11
EMP01338,Employee_1338,39,Male,HR,Coordinator,MCA,Chennai,2023-02-26,15,MGR022,2026-08-01,Present,09:30,20:15,0,9.5,Yes,Failed,Success,Yes,Evening,3.9,Yes,Casual,3,2,Approved,7.1,6.5,5.2,50259,7259,2191,55327,87,67,88,5,9,Python,18,59,Positive,No,82,64,High,Late,Attrition,2026-02-26,3
EMP01339,Employee_1339,25,Female,IT,Specialist,Master,Bhubaneswar,2021-02-24,2,MGR073,2026-08-01,Present,09:32,20:22,0,7.3,Yes,Verified,Success,Yes,Morning,1.9,Yes,None,1,1,Pending,6.8,7.9,6.5,75318,18695,9550,84463,79,68,74,5,7,SQL,85,95,Positive,No,38,12,Medium,Late,Payroll,2026-02-24,8
EMP01340,Employee_1340,47,Female,Sales,Manager,Master,Delhi,2022-02-15,15,MGR031,2026-08-01,Present,08:54,19:40,0,9.5,Yes,Verified,Failed,Yes,Night,1.5,No,Sick,0,16,Approved,8.6,4.9,2.3,27535,7064,6323,28276,61,46,61,2,75,SQL,68,50,Positive,No,62,24,Medium,Late,Payroll,2026-02-15,2
EMP01341,Employee_1341,30,Female,IT,Engineer,B.Tech,Bhubaneswar,2019-01-18,11,MGR005,2026-08-01,Present,09:29,20:18,0,8.7,Yes,Verified,Failed,Yes,Evening,1.0,Yes,Casual,1,18,Approved,7.0,7.4,6.8,123908,2832,863,125877,71,92,98,3,35,SAP,48,54,Positive,No,65,77,Low,Leave,Payroll,2026-01-18,6
EMP01342,Employee_1342,39,Male,Support,Engineer,B.Tech,Bangalore,2024-09-03,8,MGR056,2026-08-01,Present,08:55,19:47,0,9.5,Yes,Verified,Success,Yes,Night,1.6,No,Earned,6,2,Pending,6.9,5.8,2.1,69345,7382,5816,70911,72,88,71,5,21,Power BI,37,86,Positive,No,15,46,High,Performance,Payroll,2026-09-03,3
EMP01343,Employee_1343,60,Female,HR,Coordinator,Master,Hyderabad,2022-02-09,16,MGR080,2026-08-01,Present,09:14,18:06,0,8.3,Yes,Verified,Success,Yes,Evening,1.0,No,Casual,12,28,Rejected,7.8,4.7,2.6,55069,15803,1361,69511,99,87,90,4,40,Java,23,56,Positive,No,21,44,Low,Leave,Compliance,2026-02-09,11
EMP01344,Employee_1344,54,Male,Finance,Specialist,MBA,Hyderabad,2023-03-21,16,MGR029,2026-08-01,Present,10:20,19:40,61,8.7,Yes,Verified,Failed,Yes,Evening,1.5,No,Sick,16,4,Pending,8.2,7.7,5.8,134804,17958,438,152324,91,43,96,5,38,Excel,49,73,Positive,No,71,41,Medium,Leave,Attrition,2026-03-21,11
EMP01345,Employee_1345,41,Male,HR,Specialist,Bachelor,Hyderabad,2023-12-03,16,MGR001,2026-08-01,Present,09:25,19:33,0,9.0,Yes,Failed,Success,Yes,Evening,5.8,Yes,None,14,27,Rejected,8.7,6.7,7.1,143934,15768,2970,156732,68,66,80,5,9,Power BI,59,61,Positive,No,37,56,Low,None,None,2026-12-03,12
EMP01346,Employee_1346,56,Female,Finance,Executive,Bachelor,Hyderabad,2019-08-25,6,MGR024,2026-08-01,Present,10:45,18:24,71,7.2,Yes,Failed,Failed,Yes,Morning,4.2,Yes,Sick,19,9,Pending,6.8,7.9,5.7,49973,10425,1208,59190,80,50,95,5,72,Java,9,82,Positive,No,37,54,Medium,Leave,None,2026-08-25,7
EMP01347,Employee_1347,50,Male,Support,Engineer,Bachelor,Bangalore,2024-05-16,15,MGR004,2026-08-01,Present,09:06,20:16,0,8.2,Yes,Verified,Failed,Yes,Morning,4.8,No,Earned,16,25,Rejected,6.7,4.9,5.8,30217,2321,1497,31041,76,91,86,4,18,SAP,44,79,Positive,No,72,39,Medium,None,None,2026-05-16,1
EMP01348,Employee_1348,21,Female,HR,Analyst,MCA,Bangalore,2018-03-08,4,MGR048,2026-08-01,Present,09:44,19:24,0,9.2,Yes,Verified,Failed,Yes,Morning,5.7,No,None,20,0,Rejected,8.7,7.1,6.9,86688,9570,844,95414,52,40,81,5,7,Python,12,40,Positive,No,27,16,High,None,Compliance,2026-03-08,12
EMP01349,Employee_1349,25,Male,Operations,Executive,MCA,Bangalore,2022-06-10,8,MGR076,2026-08-01,Present,10:50,19:58,66,8.4,Yes,Failed,Failed,Yes,Evening,6.4,Yes,None,1,26,Approved,6.8,5.2,2.5,37556,1171,1997,36730,99,67,64,4,22,Power BI,95,49,Neutral,No,24,72,Medium,Leave,Compliance,2026-06-10,10
EMP01350,Employee_1350,27,Male,Support,Executive,Bachelor,Bangalore,2021-09-11,10,MGR033,2026-08-01,Absent,10:50,20:24,80,7.9,Yes,Verified,Success,Yes,Night,0.0,No,Casual,12,28,Rejected,6.3,6.1,7.8,81706,14616,2389,93933,59,98,70,2,33,Python,42,84,Neutral,No,54,79,Medium,None,Compliance,2026-09-11,5
EMP01351,Employee_1351,28,Female,Operations,Manager,MBA,Delhi,2019-08-04,14,MGR064,2026-08-01,WFH,09:54,20:12,0,7.5,Yes,Verified,Success,Yes,Evening,2.4,Yes,Casual,6,19,Rejected,6.4,4.9,6.7,74125,5879,3721,76283,76,68,77,3,59,Java,39,73,Positive,No,32,65,High,Performance,None,2026-08-04,8
EMP01352,Employee_1352,23,Female,Sales,Executive,B.Tech,Pune,2020-03-10,5,MGR073,2026-08-01,Present,10:40,18:50,61,9.1,Yes,Verified,Failed,Yes,Evening,2.1,Yes,None,1,8,Rejected,7.5,7.9,3.8,105234,14168,3774,115628,88,60,66,4,41,Java,93,59,Neutral,No,54,59,Medium,None,Compliance,2026-03-10,12
EMP01353,Employee_1353,50,Male,IT,Engineer,B.Tech,Pune,2023-01-19,13,MGR042,2026-08-01,Present,08:46,20:40,0,7.9,Yes,Verified,Success,Yes,Night,2.1,No,Earned,14,22,Pending,7.0,5.1,2.4,108310,5718,8538,105490,96,41,96,3,3,Power BI,82,46,Neutral,No,39,49,Medium,Leave,Payroll,2026-01-19,6
EMP01354,Employee_1354,42,Male,IT,Manager,B.Tech,Pune,2020-04-04,16,MGR021,2026-08-01,WFH,10:49,20:38,77,9.9,Yes,Verified,Success,Yes,Evening,4.3,No,Sick,5,19,Rejected,6.4,4.0,6.7,42884,8153,5007,46030,64,93,94,3,78,Python,14,52,Positive,No,91,59,High,Performance,None,2026-04-04,10
EMP01355,Employee_1355,28,Male,Finance,Coordinator,MCA,Bhubaneswar,2018-11-16,20,MGR049,2026-08-01,Present,09:13,18:22,0,7.7,Yes,Verified,Success,Yes,Night,1.9,Yes,None,0,11,Rejected,7.4,6.9,4.4,144829,10181,1460,153550,52,76,99,2,8,HRMS,25,97,Negative,No,67,81,Medium,None,Payroll,2026-11-16,8
EMP01356,Employee_1356,56,Male,HR,Analyst,MCA,Hyderabad,2024-10-16,9,MGR029,2026-08-01,Present,09:08,19:31,0,7.7,Yes,Verified,Failed,Yes,Evening,1.0,No,Earned,3,18,Pending,6.4,6.6,5.8,33435,1260,9889,24806,85,40,90,4,67,Power BI,48,95,Positive,No,31,50,Medium,Performance,Compliance,2026-10-16,12
EMP01357,Employee_1357,53,Female,HR,Manager,Bachelor,Hyderabad,2019-02-16,5,MGR056,2026-08-01,Present,08:18,18:37,0,7.7,Yes,Verified,Failed,Yes,Evening,2.7,No,None,1,9,Approved,7.5,4.8,7.4,69525,7493,9776,67242,82,95,97,5,8,HRMS,63,59,Negative,No,27,88,High,Leave,Payroll,2026-02-16,1
EMP01358,Employee_1358,39,Female,Finance,Engineer,MCA,Delhi,2021-12-28,15,MGR021,2026-08-01,Present,10:21,20:29,69,9.7,Yes,Failed,Failed,Yes,Night,3.8,Yes,Casual,15,29,Pending,7.0,6.8,2.2,57260,18272,9567,65965,91,100,67,4,19,SQL,2,40,Positive,No,48,81,High,Performance,None,2026-12-28,2
EMP01359,Employee_1359,49,Female,Sales,Engineer,B.Tech,Delhi,2023-04-23,5,MGR028,2026-08-01,Present,09:21,18:59,0,9.8,Yes,Verified,Success,Yes,Night,0.0,Yes,Sick,11,23,Pending,8.8,6.4,7.2,99169,1027,5675,94521,61,95,90,3,47,HRMS,88,53,Neutral,No,72,85,High,Late,None,2026-04-23,3
EMP01360,Employee_1360,28,Male,HR,Coordinator,Bachelor,Bhubaneswar,2022-01-09,14,MGR045,2026-08-01,Present,09:15,20:13,0,8.1,Yes,Verified,Success,Yes,Morning,2.4,No,Casual,9,3,Pending,6.3,5.7,3.9,94577,16039,523,110093,64,75,81,4,70,SAP,8,69,Positive,No,39,41,High,Late,Payroll,2026-01-09,12
EMP01361,Employee_1361,51,Male,Marketing,Executive,MBA,Bangalore,2023-10-05,6,MGR016,2026-08-01,Present,10:49,18:00,62,8.9,Yes,Failed,Success,Yes,Night,6.8,No,Earned,8,17,Pending,6.5,6.8,4.9,68358,14195,2605,79948,56,60,64,3,50,SAP,17,43,Negative,No,85,56,High,Leave,None,2026-10-05,7
EMP01362,Employee_1362,46,Female,Marketing,Manager,MBA,Bhubaneswar,2022-03-19,13,MGR037,2026-08-01,Present,10:15,18:06,78,9.3,Yes,Verified,Success,Yes,Evening,0.7,No,Sick,3,9,Approved,6.5,7.0,2.8,121051,17908,5140,133819,83,42,75,3,1,Excel,96,66,Positive,No,31,29,High,Leave,None,2026-03-19,9
EMP01363,Employee_1363,24,Female,Operations,Engineer,MCA,Delhi,2021-08-25,14,MGR011,2026-08-01,Present,09:18,20:18,0,9.0,Yes,Verified,Success,Yes,Morning,4.8,Yes,None,13,14,Rejected,6.9,5.3,6.1,77294,3056,3264,77086,78,87,81,4,60,Java,15,81,Neutral,No,63,95,Medium,None,Compliance,2026-08-25,2
EMP01364,Employee_1364,36,Female,IT,Analyst,MBA,Pune,2022-07-03,11,MGR060,2026-08-01,Present,09:52,19:25,0,9.6,Yes,Verified,Success,Yes,Morning,5.3,No,None,6,14,Rejected,9.0,5.7,2.3,141084,12022,3632,149474,74,76,91,3,45,Python,65,99,Neutral,No,28,54,Low,None,Attrition,2026-07-03,9
EMP01365,Employee_1365,38,Male,Operations,Coordinator,MBA,Bhubaneswar,2022-08-06,5,MGR035,2026-08-01,Present,09:48,19:12,0,8.7,Yes,Failed,Success,Yes,Night,0.8,Yes,Sick,6,18,Pending,6.2,4.0,2.4,75527,8344,8133,75738,92,83,59,3,0,SAP,13,64,Negative,No,37,67,High,None,Compliance,2026-08-06,12
EMP01366,Employee_1366,35,Male,Marketing,Specialist,B.Tech,Delhi,2024-07-10,4,MGR013,2026-08-01,Present,09:00,18:54,0,8.6,Yes,Verified,Success,Yes,Night,6.2,No,Earned,15,13,Rejected,6.0,6.0,7.8,99237,3115,8289,94063,77,85,78,2,40,Power BI,16,66,Positive,No,49,76,Low,Leave,Compliance,2026-07-10,11
EMP01367,Employee_1367,52,Male,HR,Engineer,Bachelor,Delhi,2023-10-25,14,MGR038,2026-08-01,Present,10:07,18:20,67,7.4,Yes,Failed,Success,Yes,Night,3.5,No,Casual,12,25,Pending,7.0,5.0,5.0,69170,2635,7987,63818,92,63,54,5,11,Power BI,41,67,Neutral,No,90,99,Medium,None,Attrition,2026-10-25,4
EMP01368,Employee_1368,37,Male,Sales,Engineer,MCA,Bhubaneswar,2024-09-07,6,MGR037,2026-08-01,Present,08:50,19:01,0,7.6,Yes,Verified,Success,Yes,Morning,3.8,No,Sick,14,18,Pending,8.5,7.8,4.6,86446,3133,5402,84177,78,59,91,3,37,HRMS,89,60,Neutral,No,42,68,Low,None,Attrition,2026-09-07,4
EMP01369,Employee_1369,51,Female,Support,Analyst,MBA,Bhubaneswar,2024-04-03,6,MGR009,2026-08-01,Present,09:13,19:48,0,9.0,Yes,Verified,Success,Yes,Night,3.8,No,Sick,10,22,Pending,7.9,7.7,6.1,91860,17802,8021,101641,64,74,81,4,34,Java,61,96,Neutral,No,20,29,Medium,None,Compliance,2026-04-03,6
EMP01370,Employee_1370,48,Female,Support,Executive,Master,Delhi,2020-09-03,19,MGR058,2026-08-01,Present,10:24,19:26,80,9.3,Yes,Failed,Success,Yes,Evening,3.6,No,None,7,27,Approved,8.7,4.9,7.9,138235,2859,417,140677,78,94,93,4,62,SAP,32,59,Positive,No,14,94,High,Leave,Compliance,2026-09-03,10
EMP01371,Employee_1371,34,Female,HR,Specialist,Master,Hyderabad,2023-04-06,16,MGR024,2026-08-01,Present,08:43,18:58,0,9.6,Yes,Verified,Failed,Yes,Night,3.0,Yes,None,16,6,Approved,8.0,5.7,4.4,117355,1801,200,118956,77,84,73,3,12,Java,60,72,Negative,No,73,91,High,Performance,Payroll,2026-04-06,6
EMP01372,Employee_1372,26,Male,Finance,Specialist,Bachelor,Pune,2023-08-13,19,MGR038,2026-08-01,Present,09:41,20:03,0,9.8,Yes,Failed,Failed,Yes,Morning,0.0,Yes,Sick,19,3,Approved,7.6,6.6,7.1,85980,19037,7816,97201,99,87,63,4,17,SAP,85,73,Neutral,No,60,66,Medium,Leave,Compliance,2026-08-13,1
EMP01373,Employee_1373,41,Male,Finance,Analyst,Bachelor,Hyderabad,2018-03-27,5,MGR006,2026-08-01,Present,09:26,19:54,0,7.3,Yes,Verified,Success,Yes,Evening,3.8,Yes,Sick,10,19,Pending,7.4,4.2,6.3,109079,7481,814,115746,90,88,86,2,53,SQL,3,74,Neutral,No,90,87,High,Late,Attrition,2026-03-27,1
EMP01374,Employee_1374,25,Male,Operations,Specialist,B.Tech,Pune,2021-05-17,15,MGR049,2026-08-01,Present,09:40,18:21,0,7.9,Yes,Verified,Success,Yes,Morning,4.8,No,Casual,6,27,Approved,7.0,4.8,6.0,96138,14556,6527,104167,82,80,62,5,38,AWS,31,99,Positive,No,32,6,Low,Leave,None,2026-05-17,5
EMP01375,Employee_1375,32,Male,Support,Executive,Master,Bangalore,2018-07-15,2,MGR027,2026-08-01,Present,08:40,18:19,0,7.2,Yes,Failed,Success,Yes,Morning,4.1,No,Earned,14,5,Approved,8.3,7.1,4.8,53170,13253,4121,62302,92,92,96,2,37,Power BI,82,79,Positive,No,22,4,Low,Performance,Compliance,2026-07-15,8
EMP01376,Employee_1376,42,Male,Operations,Executive,MCA,Pune,2020-12-31,7,MGR011,2026-08-01,Present,10:17,20:03,64,9.0,Yes,Failed,Success,Yes,Night,1.8,No,None,2,19,Pending,8.1,7.9,3.9,142097,2847,7866,137078,89,65,75,4,21,SAP,11,57,Neutral,No,71,6,Medium,Leave,Attrition,2026-12-31,9
EMP01377,Employee_1377,50,Male,Operations,Executive,Bachelor,Bangalore,2022-11-21,2,MGR074,2026-08-01,Present,09:12,20:41,0,9.6,Yes,Verified,Success,Yes,Evening,5.3,No,None,6,21,Pending,7.9,4.0,3.0,92045,12190,7349,96886,78,76,77,5,20,Java,39,61,Positive,No,66,64,Medium,Late,None,2026-11-21,12
EMP01378,Employee_1378,39,Female,Finance,Specialist,MBA,Chennai,2018-02-13,19,MGR012,2026-08-01,Present,09:54,20:26,0,8.6,Yes,Failed,Success,Yes,Night,0.0,No,Sick,19,19,Rejected,6.6,4.7,3.3,90629,1310,6882,85057,87,49,60,5,48,HRMS,64,70,Positive,No,92,87,Low,Performance,Payroll,2026-02-13,6
EMP01379,Employee_1379,21,Male,Finance,Coordinator,B.Tech,Hyderabad,2023-07-05,6,MGR003,2026-08-01,Absent,10:07,18:08,71,7.5,Yes,Verified,Success,Yes,Evening,3.4,Yes,Sick,15,2,Approved,6.5,5.6,6.5,141237,10626,3512,148351,94,91,73,5,0,Java,40,63,Negative,No,92,82,Medium,Late,None,2026-07-05,5
EMP01380,Employee_1380,52,Female,Sales,Analyst,Master,Delhi,2024-05-24,4,MGR065,2026-08-01,Present,09:04,18:03,0,7.4,Yes,Verified,Failed,Yes,Night,1.4,No,Sick,13,3,Rejected,7.4,6.4,5.6,48241,4767,4149,48859,74,79,80,5,77,Excel,84,95,Negative,No,38,96,High,Late,Compliance,2026-05-24,9
EMP01381,Employee_1381,58,Male,Finance,Specialist,Bachelor,Pune,2020-03-12,6,MGR072,2026-08-01,Absent,09:27,20:06,0,9.7,Yes,Verified,Success,Yes,Morning,0.0,Yes,Casual,17,10,Approved,7.5,7.3,5.6,97312,13059,8552,101819,95,80,89,3,30,SAP,69,71,Positive,No,90,46,Low,None,None,2026-03-12,7
EMP01382,Employee_1382,39,Male,Marketing,Specialist,MBA,Bhubaneswar,2023-10-17,17,MGR051,2026-08-01,Present,09:46,18:26,0,9.0,Yes,Verified,Success,Yes,Night,2.4,Yes,None,19,14,Pending,7.3,7.0,4.7,28995,6454,3417,32032,99,74,76,5,56,Excel,89,78,Neutral,No,19,68,Low,None,Payroll,2026-10-17,11
EMP01383,Employee_1383,34,Female,Finance,Analyst,B.Tech,Bangalore,2024-06-18,8,MGR018,2026-08-01,Present,09:03,20:15,0,7.7,Yes,Verified,Failed,Yes,Night,2.8,No,Earned,18,6,Pending,7.1,6.1,3.6,53469,1081,5923,48627,88,47,89,3,68,HRMS,96,65,Positive,No,37,18,High,Leave,None,2026-06-18,7
EMP01384,Employee_1384,59,Female,Sales,Engineer,B.Tech,Chennai,2020-09-02,16,MGR042,2026-08-01,Present,09:29,18:35,0,9.8,Yes,Failed,Success,Yes,Morning,5.1,No,None,15,0,Rejected,7.9,6.4,5.1,59656,15306,6602,68360,77,97,93,3,72,Power BI,100,84,Neutral,No,92,40,High,None,Payroll,2026-09-02,2
EMP01385,Employee_1385,44,Female,IT,Manager,MBA,Bangalore,2020-12-30,12,MGR038,2026-08-01,Present,10:25,18:45,60,7.2,Yes,Verified,Failed,Yes,Night,1.8,No,Earned,7,4,Approved,6.5,6.8,3.8,119481,19901,7991,131391,74,86,93,4,10,AWS,30,55,Positive,No,11,18,Medium,None,Compliance,2026-12-30,8
EMP01386,Employee_1386,57,Male,Support,Specialist,Bachelor,Hyderabad,2022-01-28,3,MGR033,2026-08-01,Present,08:55,20:24,0,8.9,Yes,Failed,Success,Yes,Morning,6.1,No,None,15,4,Approved,7.5,7.5,2.3,130504,15413,7158,138759,75,79,99,5,79,SQL,44,63,Negative,No,54,72,Low,Late,Compliance,2026-01-28,5
EMP01387,Employee_1387,40,Female,Finance,Analyst,Master,Delhi,2020-11-15,18,MGR074,2026-08-01,Present,09:05,19:25,0,8.7,Yes,Verified,Success,Yes,Morning,1.7,Yes,None,5,10,Pending,7.8,6.3,2.2,48789,4167,1571,51385,50,62,97,3,55,AWS,90,44,Positive,No,65,26,Medium,None,None,2026-11-15,3
EMP01388,Employee_1388,25,Female,Support,Engineer,Bachelor,Chennai,2023-10-27,12,MGR074,2026-08-01,Present,09:14,20:09,0,7.2,Yes,Verified,Success,Yes,Night,4.7,No,Earned,9,4,Rejected,7.7,7.8,2.0,117396,16465,1852,132009,91,51,85,2,36,Python,46,49,Positive,No,74,45,Low,Leave,Attrition,2026-10-27,1
EMP01389,Employee_1389,43,Female,Finance,Manager,MCA,Delhi,2024-04-11,2,MGR071,2026-08-01,WFH,09:17,18:38,0,9.6,Yes,Failed,Success,Yes,Evening,2.9,No,Earned,4,2,Rejected,8.3,7.6,5.8,31996,8607,8950,31653,53,83,73,5,32,SAP,39,73,Neutral,No,14,43,Medium,Performance,Compliance,2026-04-11,4
EMP01390,Employee_1390,38,Female,Support,Analyst,MBA,Bhubaneswar,2018-04-23,3,MGR018,2026-08-01,Present,08:58,20:49,0,9.2,Yes,Verified,Success,Yes,Evening,0.4,No,Sick,11,27,Pending,7.3,4.2,7.9,25888,19150,5058,39980,73,41,72,5,79,Python,65,94,Neutral,No,92,47,High,Performance,Attrition,2026-04-23,6
EMP01391,Employee_1391,40,Female,Finance,Engineer,B.Tech,Bangalore,2023-06-09,18,MGR076,2026-08-01,Present,10:12,19:55,78,7.5,Yes,Failed,Failed,Yes,Night,3.8,No,None,18,18,Approved,6.1,5.8,7.4,101498,3152,9860,94790,67,71,54,3,39,Power BI,32,83,Negative,No,39,21,Low,None,None,2026-06-09,11
EMP01392,Employee_1392,36,Female,Sales,Engineer,MCA,Bhubaneswar,2024-07-07,7,MGR032,2026-08-01,Present,08:57,20:15,0,7.3,Yes,Verified,Success,Yes,Morning,6.5,Yes,Earned,4,17,Approved,6.6,5.5,6.8,109939,13648,2189,121398,97,96,61,5,65,SAP,33,80,Positive,No,56,53,Medium,Performance,Attrition,2026-07-07,7
EMP01393,Employee_1393,56,Female,Operations,Engineer,MCA,Bhubaneswar,2023-12-17,10,MGR061,2026-08-01,Present,08:55,18:58,0,7.3,Yes,Verified,Success,Yes,Morning,2.9,No,Earned,17,17,Approved,7.7,4.2,4.9,29112,1625,5903,24834,89,98,95,2,35,SQL,36,96,Negative,No,76,14,Medium,None,Payroll,2026-12-17,5
EMP01394,Employee_1394,26,Male,HR,Executive,MBA,Pune,2022-10-18,4,MGR051,2026-08-01,Present,09:34,20:23,0,7.9,Yes,Verified,Failed,Yes,Evening,0.0,Yes,Earned,2,7,Pending,8.8,6.0,4.6,58100,3621,7440,54281,88,79,72,4,79,Python,21,82,Positive,No,45,36,Low,Late,None,2026-10-18,7
EMP01395,Employee_1395,46,Male,Finance,Executive,Master,Delhi,2020-01-12,16,MGR030,2026-08-01,Present,09:45,19:34,0,9.8,Yes,Failed,Success,Yes,Morning,0.0,Yes,None,16,21,Pending,6.2,4.8,6.1,105465,3529,8626,100368,62,62,77,4,14,SQL,56,97,Positive,No,30,62,High,Leave,Attrition,2026-01-12,4
EMP01396,Employee_1396,60,Male,Sales,Executive,Bachelor,Delhi,2021-05-01,13,MGR072,2026-08-01,Present,09:10,19:33,0,8.6,Yes,Failed,Failed,Yes,Evening,6.6,Yes,None,14,6,Rejected,8.1,5.3,6.1,83407,5597,2878,86126,81,59,50,3,67,SAP,39,68,Neutral,Yes,13,57,Low,Performance,Compliance,2026-05-01,10
EMP01397,Employee_1397,24,Female,HR,Specialist,Master,Chennai,2022-09-16,9,MGR034,2026-08-01,Present,08:07,18:32,0,7.1,Yes,Verified,Success,Yes,Evening,3.0,No,None,10,18,Rejected,6.4,4.4,7.5,88583,19325,9367,98541,82,67,65,5,39,Java,0,44,Neutral,No,21,85,Medium,None,Attrition,2026-09-16,5
EMP01398,Employee_1398,52,Female,Support,Engineer,Bachelor,Bhubaneswar,2024-10-21,11,MGR049,2026-08-01,Present,08:17,19:43,0,7.3,Yes,Failed,Success,Yes,Morning,1.2,No,Earned,9,7,Approved,7.4,7.6,5.1,67654,6958,4021,70591,50,86,89,4,11,Excel,34,44,Negative,No,72,64,Low,None,None,2026-10-21,8
EMP01399,Employee_1399,43,Male,Finance,Specialist,MBA,Hyderabad,2019-04-01,17,MGR025,2026-08-01,Present,10:54,18:24,71,8.6,Yes,Verified,Success,Yes,Night,2.1,No,Earned,9,23,Approved,8.5,6.1,5.2,38325,10211,9549,38987,65,97,83,4,66,SQL,48,92,Negative,No,49,67,Low,Performance,Compliance,2026-04-01,4
EMP01400,Employee_1400,45,Female,Finance,Manager,Bachelor,Bangalore,2018-04-06,0,MGR001,2026-08-01,Present,10:00,19:22,79,9.1,Yes,Verified,Failed,Yes,Night,3.1,Yes,None,1,26,Rejected,7.4,4.8,2.2,146641,572,5107,142106,81,80,74,5,30,Power BI,58,51,Positive,No,36,100,Medium,Late,Attrition,2026-04-06,10
EMP01401,Employee_1401,58,Male,Finance,Executive,Master,Hyderabad,2021-08-20,6,MGR042,2026-08-01,Present,08:10,19:48,0,9.5,Yes,Verified,Success,Yes,Night,2.9,Yes,None,20,30,Pending,8.6,7.8,5.4,141733,1469,5438,137764,62,89,69,5,47,SQL,24,83,Negative,No,54,78,High,Performance,Payroll,2026-08-20,3
EMP01402,Employee_1402,60,Female,IT,Executive,MBA,Bhubaneswar,2022-09-20,10,MGR012,2026-08-01,Present,08:44,18:07,0,9.8,Yes,Verified,Success,Yes,Morning,4.4,Yes,None,20,22,Approved,7.3,5.7,6.3,132999,2029,417,134611,91,88,60,5,46,Java,22,67,Positive,No,15,52,Low,Late,Compliance,2026-09-20,4
EMP01403,Employee_1403,57,Female,Finance,Specialist,MCA,Bangalore,2023-11-03,4,MGR042,2026-08-01,Present,09:30,19:55,0,8.5,Yes,Verified,Failed,Yes,Evening,4.1,No,Earned,19,11,Pending,7.1,4.4,5.1,95486,19559,5229,109816,99,91,82,3,79,AWS,55,52,Negative,No,34,54,Medium,Performance,Attrition,2026-11-03,6
EMP01404,Employee_1404,31,Male,Operations,Analyst,Master,Bangalore,2023-02-03,20,MGR067,2026-08-01,Present,08:50,18:41,0,9.3,Yes,Verified,Success,Yes,Morning,6.7,No,Sick,6,23,Rejected,6.6,7.2,3.7,121363,106,1282,120187,99,88,71,2,58,Java,72,72,Negative,No,90,29,High,Performance,Compliance,2026-02-03,9
EMP01405,Employee_1405,36,Female,IT,Analyst,MBA,Bhubaneswar,2019-06-05,15,MGR026,2026-08-01,Present,09:18,19:26,0,9.8,Yes,Verified,Success,Yes,Night,5.3,Yes,Sick,6,15,Approved,8.9,5.9,3.9,106691,6301,5596,107396,56,41,84,2,5,SQL,4,91,Positive,No,12,20,Low,None,Compliance,2026-06-05,4
EMP01406,Employee_1406,35,Male,IT,Engineer,MCA,Hyderabad,2024-07-12,8,MGR013,2026-08-01,Present,09:08,18:26,0,9.5,Yes,Failed,Success,Yes,Evening,6.3,Yes,None,11,9,Pending,7.0,7.6,2.6,48444,3163,6840,44767,91,42,67,2,41,SQL,79,65,Neutral,No,79,56,Medium,None,None,2026-07-12,11
EMP01407,Employee_1407,33,Male,Operations,Coordinator,B.Tech,Bangalore,2019-05-26,10,MGR046,2026-08-01,Present,09:26,20:43,0,7.1,Yes,Verified,Failed,Yes,Evening,3.1,Yes,None,5,1,Pending,7.3,6.3,3.5,95350,9781,3050,102081,62,85,85,5,12,AWS,37,61,Neutral,No,27,58,High,Performance,Attrition,2026-05-26,11
EMP01408,Employee_1408,48,Female,HR,Coordinator,MCA,Bangalore,2019-10-25,0,MGR080,2026-08-01,Present,09:39,20:27,0,8.5,Yes,Verified,Failed,Yes,Night,2.1,No,None,0,15,Rejected,7.7,6.0,5.4,140191,7053,5402,141842,75,76,86,3,77,Excel,85,73,Positive,No,82,82,Low,Leave,Attrition,2026-10-25,5
EMP01409,Employee_1409,26,Female,Finance,Analyst,B.Tech,Hyderabad,2022-05-12,16,MGR051,2026-08-01,Absent,08:57,19:13,0,8.0,Yes,Verified,Success,Yes,Evening,5.4,Yes,Casual,2,16,Rejected,7.8,5.6,4.6,29733,4653,4736,29650,77,91,84,2,47,Java,27,44,Positive,No,59,20,Low,None,Attrition,2026-05-12,6
EMP01410,Employee_1410,60,Female,Operations,Manager,MBA,Chennai,2018-12-12,6,MGR011,2026-08-01,Present,09:22,19:31,0,7.2,Yes,Verified,Success,Yes,Night,7.6,Yes,Casual,19,14,Pending,7.7,4.2,7.5,135411,15127,3387,147151,84,77,98,4,42,HRMS,78,68,Negative,No,34,42,High,Leave,Compliance,2026-12-12,5
EMP01411,Employee_1411,43,Female,HR,Executive,Master,Chennai,2019-10-22,0,MGR080,2026-08-01,Absent,09:06,20:02,0,9.0,Yes,Verified,Failed,Yes,Night,5.1,Yes,Sick,10,3,Pending,8.2,5.2,4.1,122227,3323,2765,122785,53,75,72,3,1,SQL,90,55,Negative,No,44,61,High,Leave,Compliance,2026-10-22,10
EMP01412,Employee_1412,47,Female,Sales,Engineer,MBA,Chennai,2022-07-03,8,MGR029,2026-08-01,Present,09:47,18:18,0,8.0,Yes,Failed,Failed,Yes,Evening,4.5,Yes,Sick,13,4,Pending,6.1,7.8,4.7,34458,5984,2814,37628,95,80,67,4,17,AWS,86,55,Negative,No,61,67,High,Leave,Compliance,2026-07-03,8
EMP01413,Employee_1413,45,Female,HR,Manager,Master,Delhi,2022-11-07,1,MGR078,2026-08-01,Present,10:00,18:00,65,8.8,Yes,Verified,Failed,Yes,Night,3.9,Yes,Earned,20,21,Approved,7.1,7.7,7.0,46687,4994,5024,46657,93,60,89,2,9,SQL,60,61,Negative,No,37,30,Low,Performance,None,2026-11-07,3
EMP01414,Employee_1414,55,Female,HR,Manager,Master,Pune,2021-12-05,15,MGR045,2026-08-01,Present,09:11,19:12,0,8.4,Yes,Verified,Success,Yes,Morning,3.1,Yes,Sick,7,7,Approved,6.7,4.0,7.5,103454,15530,27,118957,61,61,74,5,73,HRMS,34,68,Neutral,No,18,24,Low,None,None,2026-12-05,6
EMP01415,Employee_1415,48,Male,HR,Manager,MBA,Bangalore,2019-01-10,0,MGR076,2026-08-01,Absent,10:39,18:13,73,8.9,Yes,Failed,Success,Yes,Night,0.3,Yes,Casual,17,2,Pending,8.5,6.6,3.2,45694,4620,6754,43560,95,64,77,4,63,SQL,26,65,Neutral,No,63,90,Low,Leave,None,2026-01-10,12
EMP01416,Employee_1416,29,Female,Operations,Engineer,MBA,Delhi,2021-05-19,10,MGR024,2026-08-01,Present,09:38,19:48,0,8.8,Yes,Verified,Failed,Yes,Evening,2.9,No,Sick,5,14,Pending,6.9,5.0,5.8,92507,4445,3482,93470,72,51,57,3,77,SAP,0,83,Neutral,No,47,0,Medium,Leave,None,2026-05-19,3
EMP01417,Employee_1417,21,Female,Finance,Analyst,Bachelor,Pune,2020-03-14,6,MGR019,2026-08-01,Present,08:01,18:41,0,7.8,Yes,Verified,Success,Yes,Morning,2.7,Yes,Sick,9,4,Pending,8.8,6.5,3.2,85321,16483,3348,98456,76,99,69,4,21,SAP,19,86,Positive,No,33,51,Medium,Leave,Payroll,2026-03-14,4
EMP01418,Employee_1418,40,Female,Sales,Coordinator,Master,Pune,2022-05-07,19,MGR066,2026-08-01,Present,09:12,18:57,0,9.4,Yes,Failed,Success,Yes,Morning,3.5,Yes,Casual,13,15,Rejected,8.3,6.9,7.7,105111,14204,7844,111471,85,100,58,5,12,SAP,0,50,Negative,No,63,85,Medium,None,Attrition,2026-05-07,2
EMP01419,Employee_1419,48,Male,Sales,Coordinator,Bachelor,Bangalore,2021-04-29,17,MGR037,2026-08-01,Present,10:20,20:09,69,8.2,Yes,Verified,Failed,Yes,Morning,0.2,Yes,Earned,11,18,Pending,8.1,4.3,6.7,65395,15062,5811,74646,98,40,86,2,48,HRMS,8,83,Neutral,No,88,21,High,Late,Compliance,2026-04-29,12
EMP01420,Employee_1420,42,Male,Sales,Specialist,Bachelor,Bangalore,2021-10-13,1,MGR029,2026-08-01,Present,09:47,19:47,0,9.5,Yes,Failed,Failed,Yes,Morning,0.2,Yes,Casual,16,1,Approved,7.4,4.1,7.1,144419,17929,8268,154080,58,97,64,2,67,AWS,81,76,Neutral,No,22,88,High,Late,Compliance,2026-10-13,1
EMP01421,Employee_1421,35,Male,Marketing,Specialist,MCA,Chennai,2023-03-19,11,MGR009,2026-08-01,Present,09:07,18:40,0,9.3,Yes,Failed,Failed,Yes,Evening,3.4,No,Casual,6,17,Rejected,7.4,4.6,5.3,73718,18135,2459,89394,79,64,78,3,68,Power BI,31,65,Positive,No,91,70,High,Leave,Compliance,2026-03-19,3
EMP01422,Employee_1422,37,Female,Finance,Executive,MBA,Bangalore,2024-08-26,0,MGR052,2026-08-01,Present,09:01,19:33,0,7.2,Yes,Failed,Failed,Yes,Night,3.5,No,None,13,18,Rejected,8.1,4.6,3.0,38638,9980,4189,44429,87,72,55,4,8,Excel,1,88,Positive,No,76,34,Low,Late,None,2026-08-26,5
EMP01423,Employee_1423,33,Male,Operations,Manager,Bachelor,Pune,2018-12-11,8,MGR074,2026-08-01,WFH,10:03,19:18,77,7.7,Yes,Verified,Success,Yes,Morning,7.5,Yes,None,20,4,Rejected,7.6,7.9,5.9,102448,13441,4082,111807,98,99,57,5,52,SQL,86,64,Negative,No,37,87,Medium,Late,Payroll,2026-12-11,1
EMP01424,Employee_1424,53,Male,IT,Executive,Bachelor,Chennai,2023-10-30,10,MGR062,2026-08-01,Present,10:18,18:02,70,7.7,Yes,Verified,Success,Yes,Morning,7.0,No,Sick,3,19,Pending,6.4,5.3,4.2,55493,4348,3940,55901,100,74,63,5,67,AWS,10,91,Neutral,No,39,40,Medium,None,None,2026-10-30,7
EMP01425,Employee_1425,33,Male,Operations,Specialist,Bachelor,Bhubaneswar,2021-03-04,1,MGR023,2026-08-01,Present,09:41,18:21,0,8.6,Yes,Failed,Success,Yes,Night,2.5,Yes,None,16,17,Pending,7.6,7.7,7.0,130632,15691,1743,144580,53,46,68,4,49,Python,16,52,Negative,No,57,31,Medium,Performance,Compliance,2026-03-04,9
EMP01426,Employee_1426,29,Male,Finance,Executive,Master,Bhubaneswar,2024-08-22,12,MGR064,2026-08-01,Present,08:25,18:09,0,8.4,Yes,Verified,Failed,Yes,Night,1.0,Yes,Earned,3,16,Rejected,7.7,5.1,4.8,31304,17624,1862,47066,99,83,100,4,58,SQL,69,44,Negative,No,35,68,Low,Leave,Attrition,2026-08-22,11
EMP01427,Employee_1427,56,Male,IT,Specialist,Master,Bhubaneswar,2022-12-23,6,MGR015,2026-08-01,Present,08:44,19:53,0,8.5,Yes,Verified,Failed,Yes,Morning,2.5,No,Casual,20,0,Pending,8.3,5.2,5.4,87170,7621,27,94764,84,80,87,4,37,Power BI,41,76,Neutral,No,38,38,High,None,None,2026-12-23,2
EMP01428,Employee_1428,21,Male,Finance,Analyst,MCA,Hyderabad,2024-08-16,2,MGR012,2026-08-01,Present,09:02,18:01,0,8.3,Yes,Verified,Success,Yes,Morning,3.7,No,None,13,12,Rejected,8.8,5.6,6.3,57341,9068,5893,60516,85,86,67,3,52,Java,88,74,Negative,No,27,82,Low,Performance,Compliance,2026-08-16,9
EMP01429,Employee_1429,38,Female,Finance,Analyst,MBA,Hyderabad,2021-06-21,14,MGR019,2026-08-01,Absent,10:19,19:48,62,8.4,Yes,Verified,Success,Yes,Night,0.5,No,Casual,18,20,Pending,6.5,6.8,5.5,104215,4577,3708,105084,76,40,92,5,34,Java,14,70,Negative,No,30,24,Low,None,None,2026-06-21,8
EMP01430,Employee_1430,27,Female,Support,Specialist,MCA,Bangalore,2018-08-17,11,MGR066,2026-08-01,WFH,09:46,20:59,0,9.3,Yes,Verified,Success,Yes,Evening,2.8,Yes,Sick,13,22,Pending,6.3,7.6,3.0,56822,14348,2198,68972,76,60,74,5,44,HRMS,88,57,Positive,No,64,40,Medium,Performance,Attrition,2026-08-17,8
EMP01431,Employee_1431,23,Female,HR,Analyst,MCA,Chennai,2019-01-25,0,MGR044,2026-08-01,Present,09:49,20:12,0,9.3,Yes,Failed,Success,Yes,Evening,0.0,Yes,Earned,3,5,Pending,8.2,5.4,4.1,132764,3895,2299,134360,76,45,72,2,3,Excel,24,62,Negative,No,90,65,High,Leave,None,2026-01-25,9
EMP01432,Employee_1432,21,Female,IT,Manager,Master,Bangalore,2022-09-08,18,MGR078,2026-08-01,Absent,08:53,19:34,0,8.1,Yes,Verified,Success,Yes,Night,3.9,Yes,None,16,22,Approved,6.7,6.3,5.4,113119,16925,3132,126912,63,40,86,5,1,Java,0,43,Positive,No,72,53,Medium,Leave,None,2026-09-08,2
EMP01433,Employee_1433,56,Female,HR,Coordinator,MCA,Bhubaneswar,2021-05-30,19,MGR042,2026-08-01,Present,08:09,20:58,0,8.4,Yes,Failed,Failed,Yes,Morning,4.5,No,Earned,0,6,Pending,7.8,4.3,5.6,134326,11532,7374,138484,86,98,57,3,66,Excel,98,73,Neutral,No,44,67,High,Late,Attrition,2026-05-30,3
EMP01434,Employee_1434,49,Female,HR,Executive,B.Tech,Hyderabad,2022-08-01,5,MGR077,2026-08-01,Present,10:59,20:36,73,9.1,Yes,Failed,Success,Yes,Night,1.5,No,None,2,11,Pending,8.1,6.5,4.8,116812,6352,6370,116794,84,74,96,5,11,Java,12,84,Positive,No,43,41,Low,Performance,Attrition,2026-08-01,1
EMP01435,Employee_1435,41,Female,IT,Manager,MBA,Delhi,2022-01-21,2,MGR070,2026-08-01,Present,08:51,20:55,0,9.2,Yes,Failed,Failed,Yes,Night,4.0,No,Earned,15,16,Rejected,8.1,7.5,2.6,147161,11074,670,157565,86,47,86,4,25,SAP,7,68,Neutral,No,20,38,Low,None,None,2026-01-21,4
EMP01436,Employee_1436,25,Female,HR,Manager,B.Tech,Bangalore,2021-02-06,9,MGR061,2026-08-01,Present,10:43,20:12,77,9.4,Yes,Verified,Success,Yes,Morning,0.0,No,Casual,9,15,Approved,6.7,6.0,5.4,97365,5716,8942,94139,65,59,70,3,37,Java,50,81,Negative,No,46,31,Low,None,None,2026-02-06,10
EMP01437,Employee_1437,24,Female,Marketing,Analyst,MCA,Delhi,2021-08-11,2,MGR074,2026-08-01,Present,09:59,20:41,0,9.4,Yes,Failed,Success,Yes,Evening,4.9,No,Earned,13,2,Pending,6.1,6.3,2.7,88855,15089,3083,100861,98,42,63,2,44,HRMS,93,50,Neutral,No,71,88,Medium,Late,None,2026-08-11,1
EMP01438,Employee_1438,42,Female,HR,Analyst,Bachelor,Hyderabad,2024-09-03,9,MGR036,2026-08-01,Present,08:27,19:43,0,7.7,Yes,Verified,Failed,Yes,Evening,2.5,Yes,Earned,4,11,Pending,6.5,7.5,7.2,70409,14864,9672,75601,51,50,57,2,57,AWS,69,76,Positive,No,81,27,High,None,Payroll,2026-09-03,4
EMP01439,Employee_1439,32,Male,Operations,Engineer,Master,Chennai,2023-02-26,8,MGR067,2026-08-01,WFH,08:12,18:14,0,8.9,Yes,Verified,Success,Yes,Evening,4.1,No,Earned,15,19,Pending,8.8,5.6,5.3,117066,946,7477,110535,63,93,61,5,35,SQL,97,58,Negative,No,46,19,Medium,None,Attrition,2026-02-26,8
EMP01440,Employee_1440,42,Female,Marketing,Manager,B.Tech,Hyderabad,2022-01-10,11,MGR012,2026-08-01,Present,09:37,18:17,0,7.4,Yes,Failed,Success,Yes,Evening,4.0,No,Casual,20,27,Rejected,7.9,6.2,4.2,82306,11289,8677,84918,75,62,59,4,23,SAP,26,60,Positive,No,21,70,Medium,Performance,Attrition,2026-01-10,4
EMP01441,Employee_1441,47,Male,Marketing,Executive,Bachelor,Bhubaneswar,2020-11-29,6,MGR009,2026-08-01,Present,08:28,18:31,0,8.5,Yes,Failed,Success,Yes,Morning,2.6,No,Earned,15,14,Rejected,8.1,5.1,7.5,82844,9849,7289,85404,50,61,93,5,3,AWS,60,74,Neutral,No,61,22,Low,None,Attrition,2026-11-29,4
EMP01442,Employee_1442,28,Female,IT,Analyst,Master,Bhubaneswar,2020-12-08,9,MGR010,2026-08-01,Present,09:14,20:33,0,7.4,Yes,Failed,Failed,Yes,Night,5.5,No,None,10,17,Rejected,8.5,5.7,5.1,94634,13260,5209,102685,70,90,56,2,32,HRMS,52,91,Positive,No,23,63,Low,Leave,Compliance,2026-12-08,10
EMP01443,Employee_1443,45,Female,HR,Coordinator,Master,Hyderabad,2022-08-26,12,MGR048,2026-08-01,Present,09:44,20:59,0,9.2,Yes,Verified,Failed,Yes,Evening,9.4,No,Casual,10,29,Pending,6.3,6.2,2.8,115702,5405,3014,118093,61,50,79,4,15,SQL,27,81,Positive,No,74,6,Low,Late,None,2026-08-26,12
EMP01444,Employee_1444,49,Female,Support,Manager,MBA,Pune,2021-02-12,15,MGR032,2026-08-01,Present,10:41,18:09,76,8.7,Yes,Verified,Failed,Yes,Morning,4.5,Yes,Casual,1,21,Rejected,9.0,6.2,6.9,119347,17484,4161,132670,65,66,74,2,74,Java,79,73,Positive,No,55,75,High,None,Payroll,2026-02-12,7
EMP01445,Employee_1445,48,Male,Sales,Analyst,Master,Pune,2024-09-25,1,MGR019,2026-08-01,Present,10:19,19:54,75,8.8,Yes,Verified,Success,Yes,Night,3.7,Yes,None,14,12,Pending,8.8,4.1,3.8,91908,8941,5487,95362,83,52,53,4,53,Power BI,54,58,Neutral,No,52,64,High,Performance,Compliance,2026-09-25,5
EMP01446,Employee_1446,29,Male,Marketing,Engineer,B.Tech,Hyderabad,2021-01-02,18,MGR032,2026-08-01,Present,09:52,18:37,0,8.5,Yes,Failed,Success,Yes,Morning,5.5,Yes,None,12,5,Approved,7.0,4.4,2.8,35761,4663,8682,31742,93,72,72,3,10,Excel,49,72,Neutral,No,14,41,Medium,None,Attrition,2026-01-02,11
EMP01447,Employee_1447,25,Male,Support,Analyst,Master,Bangalore,2021-09-21,5,MGR056,2026-08-01,Present,09:15,19:48,0,9.6,Yes,Failed,Failed,Yes,Evening,5.3,Yes,Casual,0,13,Pending,8.9,7.5,3.9,90294,15601,6091,99804,67,80,64,5,9,Python,26,48,Positive,No,39,69,High,Leave,Payroll,2026-09-21,4
EMP01448,Employee_1448,42,Male,HR,Specialist,B.Tech,Chennai,2023-01-04,8,MGR044,2026-08-01,Present,09:39,19:34,0,7.4,Yes,Verified,Success,Yes,Morning,2.9,Yes,None,15,4,Pending,8.9,5.5,5.0,32225,11649,8978,34896,89,73,62,3,78,Power BI,88,53,Positive,No,71,69,Low,Leave,None,2026-01-04,3
EMP01449,Employee_1449,37,Female,Finance,Coordinator,B.Tech,Hyderabad,2021-09-13,20,MGR078,2026-08-01,WFH,09:04,18:14,0,9.5,Yes,Verified,Failed,Yes,Evening,5.0,No,Casual,1,3,Rejected,6.1,5.2,4.3,90302,6109,4917,91494,68,60,88,5,54,Excel,73,100,Neutral,No,64,67,Medium,Leave,Compliance,2026-09-13,12
EMP01450,Employee_1450,43,Female,IT,Executive,Master,Chennai,2019-02-12,5,MGR061,2026-08-01,Present,08:53,18:31,0,8.9,Yes,Failed,Success,Yes,Evening,3.3,No,Casual,18,3,Rejected,6.0,4.9,6.7,50215,11344,9089,52470,60,99,83,2,70,Python,62,55,Neutral,No,63,94,High,Leave,Attrition,2026-02-12,1
EMP01451,Employee_1451,35,Male,Finance,Executive,Master,Bangalore,2022-04-01,18,MGR043,2026-08-01,Present,10:11,18:56,70,7.2,Yes,Verified,Failed,Yes,Evening,0.6,Yes,None,20,30,Approved,6.1,7.5,3.1,98819,13260,4376,107703,53,62,65,2,16,Power BI,5,74,Negative,No,40,73,High,Leave,Attrition,2026-04-01,1
EMP01452,Employee_1452,49,Male,Support,Analyst,Bachelor,Hyderabad,2023-12-08,15,MGR069,2026-08-01,Present,10:51,19:52,76,8.1,Yes,Failed,Failed,Yes,Night,1.7,Yes,None,0,28,Pending,6.6,4.2,4.4,80662,12549,1161,92050,70,43,97,4,51,AWS,59,85,Neutral,No,14,23,Medium,Late,None,2026-12-08,7
EMP01453,Employee_1453,46,Male,IT,Coordinator,B.Tech,Bhubaneswar,2018-03-23,11,MGR020,2026-08-01,Present,09:17,18:42,0,9.9,Yes,Verified,Failed,Yes,Evening,3.9,No,Earned,4,28,Pending,7.1,5.7,4.8,142926,11149,255,153820,99,80,92,4,32,HRMS,78,94,Positive,No,45,21,High,Leave,None,2026-03-23,1
EMP01454,Employee_1454,33,Female,Marketing,Manager,B.Tech,Chennai,2018-01-21,3,MGR003,2026-08-01,Present,08:15,20:51,0,7.5,Yes,Verified,Success,Yes,Evening,1.4,Yes,Casual,3,15,Pending,8.3,7.6,5.9,124620,14535,4310,134845,59,95,63,3,30,Java,42,42,Positive,No,53,35,Low,Performance,Attrition,2026-01-21,7
EMP01455,Employee_1455,22,Female,Marketing,Analyst,Bachelor,Delhi,2022-02-20,12,MGR021,2026-08-01,Present,09:17,19:38,0,9.3,Yes,Failed,Success,Yes,Night,1.0,Yes,Sick,13,16,Rejected,7.7,5.1,2.8,30544,1653,585,31612,87,81,93,2,49,Excel,11,60,Negative,No,54,81,Medium,None,None,2026-02-20,9
EMP01456,Employee_1456,34,Male,Marketing,Engineer,MCA,Bangalore,2023-05-24,6,MGR063,2026-08-01,Present,09:47,20:17,0,7.8,Yes,Verified,Failed,Yes,Night,2.5,No,None,15,3,Rejected,6.6,6.2,3.5,85414,10764,1614,94564,73,85,93,4,38,SQL,70,100,Neutral,No,32,78,Low,Late,Attrition,2026-05-24,12
EMP01457,Employee_1457,25,Male,Sales,Manager,Master,Pune,2021-02-20,1,MGR045,2026-08-01,Present,09:46,20:31,0,7.2,Yes,Verified,Failed,Yes,Morning,2.3,Yes,None,14,17,Approved,8.6,4.7,5.9,54955,15963,622,70296,79,60,76,3,76,Python,55,84,Positive,No,48,14,High,Performance,Attrition,2026-02-20,1
EMP01458,Employee_1458,56,Male,Support,Analyst,Bachelor,Pune,2022-01-12,10,MGR065,2026-08-01,Present,09:14,19:35,0,9.4,Yes,Verified,Failed,Yes,Evening,3.2,No,Casual,12,6,Rejected,7.1,4.5,3.6,36133,18223,3061,51295,58,72,90,2,75,HRMS,74,46,Negative,No,61,15,High,Performance,Payroll,2026-01-12,11
EMP01459,Employee_1459,32,Male,Sales,Specialist,MCA,Chennai,2022-06-05,4,MGR044,2026-08-01,Present,10:33,18:03,73,7.0,Yes,Verified,Failed,Yes,Morning,3.9,No,Sick,8,12,Rejected,9.0,5.0,6.5,147721,9167,2778,154110,89,46,96,5,5,AWS,29,58,Negative,No,79,30,Low,Late,Attrition,2026-06-05,12
EMP01460,Employee_1460,33,Male,Marketing,Analyst,MCA,Bhubaneswar,2019-11-02,12,MGR061,2026-08-01,Present,09:31,19:42,0,7.3,Yes,Verified,Success,Yes,Evening,7.2,Yes,Casual,14,1,Pending,8.6,5.7,5.0,62821,1542,8137,56226,70,69,98,3,33,SQL,60,80,Negative,No,18,64,Medium,None,None,2026-11-02,1
EMP01461,Employee_1461,38,Male,Finance,Analyst,Bachelor,Bhubaneswar,2018-04-26,7,MGR074,2026-08-01,Present,08:22,20:40,0,8.7,Yes,Failed,Success,Yes,Night,3.6,Yes,Earned,7,24,Pending,8.8,5.1,3.5,134250,5521,1924,137847,78,85,76,2,36,AWS,48,44,Negative,No,49,54,High,None,Payroll,2026-04-26,12
EMP01462,Employee_1462,40,Female,HR,Coordinator,MCA,Bhubaneswar,2024-02-12,9,MGR066,2026-08-01,Present,09:44,18:38,0,7.6,Yes,Failed,Failed,Yes,Morning,2.4,Yes,Casual,6,30,Rejected,8.7,7.4,4.3,148733,10757,7260,152230,77,47,86,5,60,HRMS,69,96,Positive,No,27,48,Medium,Performance,None,2026-02-12,7
EMP01463,Employee_1463,45,Female,Sales,Manager,MCA,Chennai,2024-06-09,13,MGR048,2026-08-01,Present,10:28,19:42,65,9.9,Yes,Failed,Success,Yes,Evening,2.3,No,Earned,14,6,Rejected,8.0,7.2,5.0,113482,16461,6952,122991,52,97,79,2,40,Python,93,92,Neutral,No,77,17,Low,Late,Attrition,2026-06-09,4
EMP01464,Employee_1464,32,Female,Sales,Specialist,MCA,Pune,2020-07-06,10,MGR058,2026-08-01,Present,10:15,20:52,67,8.6,Yes,Verified,Success,Yes,Evening,0.0,Yes,Sick,8,4,Approved,8.9,8.0,7.6,126230,9257,1529,133958,58,44,65,5,27,Python,81,61,Negative,No,66,87,High,Late,None,2026-07-06,3
EMP01465,Employee_1465,53,Male,Sales,Coordinator,Bachelor,Pune,2019-10-03,19,MGR075,2026-08-01,Present,10:53,20:43,71,8.8,Yes,Failed,Success,Yes,Evening,1.3,Yes,Casual,15,21,Rejected,7.9,5.4,3.7,106067,7143,903,112307,99,59,68,5,79,SQL,72,92,Neutral,No,49,58,Low,Leave,Attrition,2026-10-03,8
EMP01466,Employee_1466,58,Female,IT,Manager,Master,Pune,2019-05-24,11,MGR007,2026-08-01,WFH,08:16,18:26,0,9.8,Yes,Failed,Failed,Yes,Night,5.9,No,Earned,14,5,Pending,6.0,6.4,3.0,63423,19976,8657,74742,92,71,53,3,10,Excel,18,94,Positive,No,57,50,Medium,Performance,None,2026-05-24,2
EMP01467,Employee_1467,59,Male,Operations,Analyst,B.Tech,Bhubaneswar,2018-11-10,16,MGR078,2026-08-01,Present,10:42,18:09,74,7.5,Yes,Verified,Success,Yes,Night,3.7,No,None,8,10,Approved,6.6,5.2,2.7,118822,19992,9376,129438,90,45,80,4,30,Java,11,100,Neutral,No,42,11,Medium,Performance,Payroll,2026-11-10,6
EMP01468,Employee_1468,44,Male,Sales,Manager,MCA,Bhubaneswar,2021-05-13,11,MGR053,2026-08-01,Present,09:01,20:12,0,8.1,Yes,Verified,Failed,Yes,Evening,3.7,No,Earned,2,10,Approved,6.2,7.7,3.6,57417,6764,5574,58607,70,51,70,3,0,SQL,72,45,Neutral,No,56,29,Medium,Leave,Attrition,2026-05-13,1
EMP01469,Employee_1469,34,Female,HR,Manager,MBA,Bangalore,2022-05-29,8,MGR036,2026-08-01,Present,09:27,19:49,0,8.8,Yes,Failed,Success,Yes,Morning,0.1,No,None,20,18,Approved,8.0,4.8,4.1,88628,16622,1623,103627,98,44,83,5,35,Python,48,100,Positive,No,86,19,High,Leave,Attrition,2026-05-29,6
EMP01470,Employee_1470,40,Male,Support,Engineer,B.Tech,Hyderabad,2019-02-07,7,MGR067,2026-08-01,Present,09:30,20:01,0,9.2,Yes,Failed,Success,Yes,Night,0.5,Yes,None,4,11,Approved,8.8,4.4,4.3,36245,1611,565,37291,63,55,86,5,19,Excel,50,48,Neutral,No,84,28,Low,Performance,Payroll,2026-02-07,8
EMP01471,Employee_1471,29,Male,HR,Analyst,B.Tech,Bangalore,2019-05-06,7,MGR069,2026-08-01,Present,08:13,20:39,0,7.5,Yes,Verified,Success,Yes,Evening,7.0,No,None,19,15,Pending,7.2,6.7,5.4,117836,9603,9402,118037,50,71,89,3,10,SQL,60,49,Negative,No,29,30,Low,Leave,None,2026-05-06,4
EMP01472,Employee_1472,43,Female,IT,Coordinator,MCA,Pune,2020-05-08,4,MGR040,2026-08-01,WFH,09:44,20:01,0,9.3,Yes,Failed,Failed,Yes,Morning,2.6,No,None,6,8,Pending,8.0,4.4,7.0,143718,12233,4050,151901,85,50,84,2,78,Power BI,9,74,Negative,No,26,37,Medium,Performance,Compliance,2026-05-08,2
EMP01473,Employee_1473,49,Male,IT,Coordinator,Master,Bangalore,2022-06-28,4,MGR018,2026-08-01,Present,09:54,19:12,0,8.4,Yes,Failed,Failed,Yes,Morning,1.1,No,None,0,5,Pending,6.8,5.2,8.0,93574,14134,4666,103042,83,89,81,3,69,Java,61,62,Negative,No,10,35,Medium,Performance,Payroll,2026-06-28,12
EMP01474,Employee_1474,25,Male,Finance,Executive,MCA,Hyderabad,2019-01-05,1,MGR050,2026-08-01,Present,09:11,19:13,0,7.5,Yes,Verified,Failed,Yes,Morning,4.9,No,Sick,13,26,Pending,8.0,7.0,3.7,53158,8948,4404,57702,73,47,86,4,75,AWS,40,98,Positive,No,80,83,High,Performance,Attrition,2026-01-05,6
EMP01475,Employee_1475,48,Female,IT,Manager,Bachelor,Bhubaneswar,2020-12-16,13,MGR023,2026-08-01,Present,09:19,18:42,0,9.5,Yes,Verified,Success,Yes,Evening,4.6,No,Earned,3,5,Pending,7.6,6.3,2.8,112661,14760,452,126969,57,62,61,4,66,Excel,0,60,Neutral,No,80,17,High,None,None,2026-12-16,9
EMP01476,Employee_1476,32,Male,HR,Specialist,Master,Hyderabad,2019-12-21,5,MGR015,2026-08-01,Present,08:45,20:17,0,9.3,Yes,Verified,Failed,Yes,Evening,4.9,No,Earned,15,18,Approved,6.6,6.9,4.9,102852,16434,8428,110858,99,77,58,2,75,Python,21,60,Positive,No,12,1,High,Late,Compliance,2026-12-21,8
EMP01477,Employee_1477,23,Male,IT,Engineer,MBA,Bhubaneswar,2024-09-14,17,MGR001,2026-08-01,Absent,10:29,19:41,64,7.1,Yes,Verified,Success,Yes,Night,5.1,Yes,Earned,18,3,Pending,6.1,5.5,4.0,68641,8213,3468,73386,68,64,50,3,64,AWS,73,50,Negative,Yes,16,69,Medium,None,Payroll,2026-09-14,2
EMP01478,Employee_1478,22,Female,Operations,Manager,MCA,Hyderabad,2020-02-05,3,MGR014,2026-08-01,Present,09:07,19:37,0,9.7,Yes,Verified,Success,Yes,Evening,0.0,No,Casual,20,15,Approved,8.1,6.5,6.8,145112,12556,744,156924,99,41,98,5,13,Power BI,40,78,Negative,No,64,64,Medium,Late,Payroll,2026-02-05,4
EMP01479,Employee_1479,32,Female,Operations,Specialist,MCA,Hyderabad,2019-07-09,15,MGR011,2026-08-01,Present,10:19,19:42,74,9.6,Yes,Verified,Success,Yes,Morning,0.2,No,None,20,19,Approved,8.2,6.8,7.5,34752,10984,5115,40621,64,63,62,5,28,HRMS,28,97,Neutral,No,89,19,Low,Performance,Compliance,2026-07-09,4
EMP01480,Employee_1480,55,Female,Sales,Engineer,Bachelor,Chennai,2020-12-24,20,MGR035,2026-08-01,Present,08:34,19:03,0,8.1,Yes,Verified,Success,Yes,Evening,2.3,Yes,None,10,3,Rejected,7.6,6.0,6.8,73870,10503,8733,75640,89,56,88,2,14,Power BI,92,85,Neutral,No,51,85,High,Leave,None,2026-12-24,8
EMP01481,Employee_1481,34,Female,Finance,Analyst,Bachelor,Chennai,2020-04-20,2,MGR073,2026-08-01,Present,09:56,18:52,0,7.3,Yes,Verified,Success,Yes,Night,1.4,Yes,Casual,9,8,Pending,6.7,5.5,6.6,61516,7308,1444,67380,86,92,96,2,40,SQL,85,72,Negative,No,90,84,High,None,Attrition,2026-04-20,9
EMP01482,Employee_1482,39,Male,Sales,Specialist,MCA,Bhubaneswar,2021-09-15,20,MGR028,2026-08-01,Present,09:38,20:16,0,8.6,Yes,Failed,Success,Yes,Morning,4.2,No,Sick,2,1,Rejected,6.1,7.5,2.2,103396,3695,5674,101417,50,66,87,5,41,HRMS,78,74,Positive,No,87,68,High,Late,Compliance,2026-09-15,4
EMP01483,Employee_1483,22,Male,Operations,Analyst,B.Tech,Hyderabad,2018-12-18,0,MGR044,2026-08-01,Present,09:36,20:01,0,9.0,Yes,Verified,Success,Yes,Morning,0.0,Yes,None,5,12,Pending,6.3,6.3,4.6,129756,12609,4719,137646,74,63,56,5,2,AWS,77,50,Positive,No,79,48,Medium,Late,Attrition,2026-12-18,5
EMP01484,Employee_1484,59,Male,HR,Specialist,MBA,Chennai,2024-06-30,13,MGR050,2026-08-01,Present,09:21,19:56,0,8.7,Yes,Verified,Success,Yes,Evening,3.9,Yes,Casual,11,24,Pending,7.6,6.1,2.7,118427,17464,3206,132685,80,80,90,4,71,HRMS,90,80,Negative,No,40,22,Low,None,Attrition,2026-06-30,1
EMP01485,Employee_1485,36,Male,Finance,Manager,MCA,Delhi,2020-06-11,3,MGR011,2026-08-01,Present,08:45,20:41,0,7.3,Yes,Failed,Success,Yes,Evening,0.0,No,None,3,28,Pending,8.6,6.2,4.7,121807,13887,2106,133588,82,95,67,5,39,Power BI,33,64,Neutral,No,65,100,High,None,None,2026-06-11,5
EMP01486,Employee_1486,52,Male,IT,Manager,MBA,Hyderabad,2019-07-24,11,MGR070,2026-08-01,Present,09:28,20:42,0,9.9,Yes,Verified,Success,Yes,Night,3.2,No,None,19,8,Rejected,8.6,6.5,7.8,140565,13477,5170,148872,54,93,92,5,33,Python,88,96,Negative,No,12,42,Medium,Leave,Payroll,2026-07-24,10
EMP01487,Employee_1487,56,Female,Support,Coordinator,Master,Delhi,2022-09-28,1,MGR059,2026-08-01,Absent,09:24,20:25,0,8.5,Yes,Failed,Success,Yes,Evening,0.3,No,Casual,4,0,Approved,6.3,7.9,3.9,80181,11447,4033,87595,87,77,81,2,1,HRMS,44,90,Negative,No,18,13,Low,Leave,Payroll,2026-09-28,1
EMP01488,Employee_1488,23,Female,Operations,Specialist,Bachelor,Bhubaneswar,2023-04-21,18,MGR018,2026-08-01,WFH,09:29,18:48,0,9.3,Yes,Verified,Success,Yes,Morning,0.0,Yes,Sick,17,5,Pending,6.0,5.8,5.8,82089,7331,5362,84058,78,51,76,3,43,AWS,64,44,Positive,No,26,55,Low,Late,Payroll,2026-04-21,11
EMP01489,Employee_1489,34,Male,Operations,Engineer,Bachelor,Bhubaneswar,2020-11-30,5,MGR042,2026-08-01,Absent,09:43,18:02,0,7.8,Yes,Failed,Success,Yes,Evening,5.0,No,None,0,24,Pending,6.3,7.7,7.9,113016,18049,2097,128968,100,63,64,2,29,SQL,97,44,Neutral,No,61,37,High,Late,Payroll,2026-11-30,7
EMP01490,Employee_1490,37,Male,IT,Executive,MBA,Delhi,2019-12-29,4,MGR015,2026-08-01,Present,10:52,20:55,74,9.8,Yes,Verified,Success,Yes,Evening,0.0,No,None,10,12,Pending,6.6,6.4,6.3,114972,3489,8340,110121,63,48,60,3,12,HRMS,97,75,Negative,No,75,5,Medium,None,None,2026-12-29,9
EMP01491,Employee_1491,29,Female,HR,Engineer,Bachelor,Delhi,2019-10-01,17,MGR025,2026-08-01,WFH,08:44,18:18,0,7.0,Yes,Failed,Success,Yes,Evening,4.8,Yes,Sick,10,8,Rejected,8.1,6.5,7.3,89141,8613,1435,96319,77,87,74,4,74,HRMS,19,62,Positive,No,62,57,Low,None,Attrition,2026-10-01,2
EMP01492,Employee_1492,28,Female,Finance,Executive,MBA,Delhi,2019-07-13,5,MGR027,2026-08-01,WFH,08:03,18:11,0,7.9,Yes,Verified,Success,Yes,Morning,0.0,No,None,7,12,Pending,6.9,8.0,6.0,73075,15714,4397,84392,62,87,94,4,45,SQL,76,79,Negative,No,67,80,High,Late,None,2026-07-13,2
EMP01493,Employee_1493,34,Male,Sales,Executive,B.Tech,Chennai,2018-10-09,8,MGR017,2026-08-01,Present,09:45,20:50,0,7.3,Yes,Verified,Success,Yes,Night,7.0,Yes,None,5,1,Approved,6.1,7.5,2.2,123560,285,9476,114369,93,89,66,5,50,Python,6,92,Neutral,No,33,82,Low,Leave,Payroll,2026-10-09,7
EMP01494,Employee_1494,43,Male,Sales,Coordinator,Master,Bangalore,2022-09-07,14,MGR068,2026-08-01,Present,10:36,18:47,72,8.8,Yes,Verified,Success,Yes,Morning,7.5,Yes,Sick,11,8,Rejected,7.6,7.5,2.1,27735,6561,8983,25313,99,66,88,2,55,AWS,59,70,Neutral,No,50,39,Low,Leave,Compliance,2026-09-07,9
EMP01495,Employee_1495,36,Female,Sales,Manager,MCA,Chennai,2024-05-10,2,MGR010,2026-08-01,Present,08:46,20:16,0,9.0,Yes,Verified,Failed,Yes,Night,2.9,Yes,Casual,2,4,Approved,6.6,6.9,6.1,139497,9681,5611,143567,90,76,68,3,35,SAP,100,91,Negative,No,48,68,Medium,Leave,Attrition,2026-05-10,10
EMP01496,Employee_1496,28,Female,Sales,Engineer,MCA,Chennai,2021-06-25,18,MGR012,2026-08-01,Present,09:24,20:03,0,8.4,Yes,Verified,Success,Yes,Night,4.5,Yes,Sick,10,7,Rejected,6.4,5.6,3.7,116704,8600,2901,122403,75,47,99,2,16,Excel,93,78,Neutral,No,51,33,Medium,Late,Payroll,2026-06-25,12
EMP01497,Employee_1497,34,Male,Marketing,Coordinator,B.Tech,Delhi,2024-05-28,0,MGR031,2026-08-01,Absent,08:39,20:13,0,7.8,Yes,Failed,Success,Yes,Morning,4.1,Yes,Earned,0,10,Approved,7.7,7.3,2.5,129067,15354,7231,137190,92,90,90,5,74,Excel,70,99,Positive,No,76,87,High,None,Compliance,2026-05-28,12
EMP01498,Employee_1498,55,Female,Finance,Analyst,MBA,Bhubaneswar,2021-08-05,12,MGR066,2026-08-01,Present,08:06,20:05,0,7.8,Yes,Verified,Success,Yes,Night,1.1,No,Earned,14,24,Rejected,7.2,4.3,7.6,106580,16395,4970,118005,95,88,75,3,20,SAP,91,51,Neutral,No,39,64,Low,Leave,Payroll,2026-08-05,6
EMP01499,Employee_1499,25,Female,Finance,Executive,Master,Bangalore,2022-08-05,17,MGR034,2026-08-01,Present,09:18,19:51,0,7.0,Yes,Verified,Failed,Yes,Morning,6.4,Yes,None,8,29,Rejected,8.9,7.2,5.9,69951,6671,573,76049,82,59,85,5,12,Excel,10,48,Positive,No,55,77,Low,None,Compliance,2026-08-05,1
EMP01500,Employee_1500,40,Male,Support,Executive,B.Tech,Pune,2024-05-06,18,MGR057,2026-08-01,Present,09:51,20:25,0,9.6,Yes,Verified,Failed,Yes,Night,4.9,Yes,Casual,20,12,Rejected,7.2,5.2,6.1,44862,1297,2702,43457,51,82,50,3,76,SAP,62,54,Neutral,No,47,74,High,Performance,Compliance,2026-05-06,6
EMP01501,Employee_1501,33,Male,HR,Engineer,MBA,Bangalore,2024-09-14,8,MGR026,2026-08-01,Present,09:16,19:27,0,8.7,Yes,Verified,Success,Yes,Evening,0.3,No,Sick,4,29,Pending,6.9,4.1,5.8,53493,11935,5446,59982,67,72,61,2,23,SQL,9,79,Negative,No,43,42,High,Performance,Compliance,2026-09-14,1
EMP01502,Employee_1502,56,Female,Support,Manager,MBA,Bhubaneswar,2021-11-22,4,MGR050,2026-08-01,Present,09:38,19:51,0,8.1,Yes,Verified,Failed,Yes,Morning,1.2,No,None,10,14,Approved,6.4,6.2,3.7,46328,3303,6498,43133,87,76,62,3,74,Power BI,93,92,Negative,No,91,71,High,Performance,Attrition,2026-11-22,9
EMP01503,Employee_1503,40,Male,HR,Manager,Master,Chennai,2024-06-27,6,MGR055,2026-08-01,Present,10:16,18:27,60,9.5,Yes,Verified,Failed,Yes,Evening,4.7,Yes,Earned,10,20,Approved,7.5,5.0,2.8,94499,11288,4671,101116,51,42,92,3,44,Python,23,81,Negative,No,47,100,Low,Performance,Compliance,2026-06-27,10
EMP01504,Employee_1504,44,Male,Finance,Specialist,Bachelor,Chennai,2022-12-19,11,MGR034,2026-08-01,Present,09:52,19:35,0,9.3,Yes,Failed,Success,Yes,Night,4.2,Yes,Sick,17,3,Pending,7.5,4.4,2.0,31180,8604,8320,31464,82,95,98,2,66,SAP,62,92,Negative,No,54,100,Low,Leave,Attrition,2026-12-19,10
EMP01505,Employee_1505,25,Female,Marketing,Specialist,MBA,Chennai,2024-08-08,0,MGR040,2026-08-01,Present,09:54,19:44,0,7.7,Yes,Verified,Failed,Yes,Night,3.7,No,Earned,20,24,Rejected,7.8,5.2,7.4,84782,19081,554,103309,91,91,86,3,23,Java,17,69,Neutral,No,72,58,Medium,None,Attrition,2026-08-08,6
EMP01506,Employee_1506,56,Female,Support,Executive,Master,Chennai,2020-09-18,14,MGR013,2026-08-01,Present,09:15,19:04,0,9.0,Yes,Failed,Success,Yes,Morning,3.7,No,Sick,8,18,Pending,9.0,4.6,2.4,121335,12290,7221,126404,81,47,77,5,66,SAP,38,71,Negative,No,30,40,Medium,Late,Payroll,2026-09-18,12
EMP01507,Employee_1507,33,Male,Support,Manager,MCA,Chennai,2020-04-15,2,MGR035,2026-08-01,Present,09:05,18:47,0,7.4,Yes,Verified,Failed,Yes,Evening,2.9,No,Earned,2,8,Rejected,7.7,8.0,6.1,46696,18241,8575,56362,86,67,56,2,75,Java,16,52,Negative,No,17,23,High,None,Compliance,2026-04-15,5
EMP01508,Employee_1508,22,Female,HR,Specialist,Master,Pune,2021-08-12,16,MGR047,2026-08-01,Present,10:46,18:26,64,9.1,Yes,Verified,Success,Yes,Evening,3.3,Yes,Sick,8,21,Pending,6.2,4.7,5.7,123242,286,8338,115190,56,80,70,5,37,HRMS,51,67,Negative,No,90,16,Low,Performance,Compliance,2026-08-12,10
EMP01509,Employee_1509,22,Female,Operations,Engineer,Master,Hyderabad,2023-02-24,8,MGR045,2026-08-01,Present,09:28,19:55,0,9.7,Yes,Failed,Success,Yes,Night,5.3,Yes,Casual,7,30,Rejected,8.2,5.3,6.2,119393,17145,7170,129368,88,72,52,2,17,Java,35,40,Positive,No,67,66,Low,Performance,Compliance,2026-02-24,11
EMP01510,Employee_1510,59,Male,Finance,Manager,B.Tech,Hyderabad,2022-03-31,2,MGR045,2026-08-01,Present,10:31,20:38,68,7.5,Yes,Failed,Success,Yes,Evening,5.5,Yes,Casual,19,7,Rejected,7.6,4.0,6.1,39259,9611,7500,41370,50,83,90,4,22,SAP,68,40,Neutral,No,91,61,High,Late,Payroll,2026-03-31,7
EMP01511,Employee_1511,29,Male,Sales,Specialist,Bachelor,Bangalore,2021-07-10,10,MGR069,2026-08-01,Present,09:49,18:45,0,9.7,Yes,Verified,Success,Yes,Evening,3.8,Yes,Casual,4,9,Pending,6.4,4.3,6.6,149858,5571,1981,153448,75,94,53,3,66,Excel,71,73,Negative,No,95,10,Medium,Leave,Compliance,2026-07-10,11
EMP01512,Employee_1512,48,Female,HR,Specialist,MCA,Delhi,2019-11-04,14,MGR011,2026-08-01,Present,09:45,18:49,0,8.5,Yes,Verified,Success,Yes,Morning,5.6,Yes,Casual,6,14,Rejected,7.0,7.8,7.1,48128,16453,4933,59648,55,89,66,3,44,AWS,38,56,Neutral,No,26,19,Medium,None,None,2026-11-04,5
EMP01513,Employee_1513,60,Female,IT,Analyst,Master,Pune,2023-10-15,8,MGR066,2026-08-01,Absent,10:23,20:03,80,8.6,Yes,Verified,Success,Yes,Morning,1.3,Yes,None,8,24,Approved,7.2,4.0,5.9,46666,5737,5623,46780,85,55,50,4,58,SAP,31,67,Negative,No,95,48,Medium,Leave,Payroll,2026-10-15,10
EMP01514,Employee_1514,35,Male,IT,Manager,Master,Delhi,2023-10-27,6,MGR064,2026-08-01,Present,09:37,18:11,0,7.7,Yes,Failed,Failed,Yes,Night,1.4,No,None,15,10,Pending,7.8,5.2,7.0,120314,10393,7664,123043,74,88,56,2,78,Power BI,59,100,Negative,No,77,15,Low,None,Attrition,2026-10-27,10
EMP01515,Employee_1515,29,Female,Finance,Executive,Bachelor,Pune,2022-06-30,7,MGR058,2026-08-01,Present,09:05,19:54,0,9.2,Yes,Verified,Success,Yes,Morning,2.9,No,Sick,18,20,Pending,7.0,5.6,4.8,45745,5239,4295,46689,68,70,65,4,47,SQL,5,96,Neutral,No,68,91,Medium,Leave,Payroll,2026-06-30,12
EMP01516,Employee_1516,46,Female,Operations,Executive,MCA,Chennai,2024-10-13,16,MGR007,2026-08-01,Present,10:51,18:18,76,10.0,Yes,Failed,Success,Yes,Morning,3.5,Yes,None,18,17,Approved,6.7,4.5,5.2,127955,16087,2039,142003,57,89,70,2,40,Python,25,79,Negative,No,34,7,Low,None,Compliance,2026-10-13,6
EMP01517,Employee_1517,22,Female,Marketing,Specialist,MCA,Bhubaneswar,2021-01-08,19,MGR070,2026-08-01,Present,09:23,20:54,0,10.0,Yes,Verified,Success,Yes,Morning,6.6,Yes,Casual,14,27,Pending,7.6,6.5,2.9,39330,4948,9358,34920,83,55,94,3,73,HRMS,26,95,Negative,Yes,22,80,Low,Performance,Compliance,2026-01-08,1
EMP01518,Employee_1518,35,Male,Support,Executive,MCA,Bhubaneswar,2021-02-06,18,MGR033,2026-08-01,Present,09:30,18:29,0,8.9,Yes,Failed,Failed,Yes,Night,5.8,No,Sick,14,8,Pending,7.8,4.5,4.1,144360,6439,660,150139,52,46,71,5,33,Power BI,56,89,Positive,No,51,42,Medium,Late,None,2026-02-06,12
EMP01519,Employee_1519,29,Male,Operations,Coordinator,B.Tech,Bangalore,2019-02-24,15,MGR048,2026-08-01,Present,10:43,19:53,61,9.9,Yes,Verified,Failed,Yes,Night,1.9,Yes,Casual,16,2,Approved,8.1,4.9,2.4,47992,7348,270,55070,74,64,64,4,69,Power BI,53,69,Neutral,No,56,74,Medium,Late,Attrition,2026-02-24,8
EMP01520,Employee_1520,33,Female,Sales,Coordinator,MBA,Chennai,2023-03-25,14,MGR037,2026-08-01,Absent,08:48,18:39,0,8.1,Yes,Failed,Success,Yes,Evening,2.8,No,Earned,20,3,Pending,8.1,7.0,4.4,78397,870,5775,73492,60,79,58,4,72,SQL,97,71,Neutral,No,34,49,Low,Leave,Compliance,2026-03-25,10
EMP01521,Employee_1521,36,Male,Support,Specialist,Master,Chennai,2018-01-09,13,MGR027,2026-08-01,Present,10:16,18:37,62,8.6,Yes,Failed,Failed,Yes,Morning,3.3,Yes,Casual,1,5,Pending,6.2,6.1,5.7,136364,15430,8854,142940,64,79,93,5,19,Power BI,60,95,Neutral,No,93,37,Medium,Leave,Payroll,2026-01-09,12
EMP01522,Employee_1522,59,Male,Finance,Manager,B.Tech,Chennai,2021-03-07,14,MGR010,2026-08-01,Present,09:01,19:59,0,8.2,Yes,Verified,Success,Yes,Night,3.2,No,Casual,15,27,Approved,8.0,5.5,3.3,83155,16996,8098,92053,77,78,84,3,21,Excel,57,64,Positive,No,81,16,Medium,Late,None,2026-03-07,9
EMP01523,Employee_1523,46,Male,Finance,Coordinator,MCA,Bhubaneswar,2023-07-10,11,MGR056,2026-08-01,Present,10:02,18:57,75,8.2,Yes,Verified,Failed,Yes,Evening,0.5,Yes,Casual,5,6,Pending,7.3,7.2,6.6,48092,2701,2643,48150,68,58,64,2,62,Power BI,69,51,Negative,No,42,3,High,None,Compliance,2026-07-10,6
EMP01524,Employee_1524,57,Male,Marketing,Engineer,MCA,Chennai,2019-06-28,3,MGR020,2026-08-01,Present,08:58,20:25,0,9.0,Yes,Verified,Failed,Yes,Evening,1.9,Yes,None,1,6,Approved,7.5,6.4,3.6,57187,6101,762,62526,89,79,63,4,60,AWS,10,53,Neutral,No,63,87,High,Leave,None,2026-06-28,5
EMP01525,Employee_1525,60,Male,HR,Specialist,MBA,Delhi,2019-02-21,13,MGR045,2026-08-01,Present,10:32,19:05,72,9.7,Yes,Verified,Success,Yes,Evening,0.2,No,Sick,3,24,Rejected,7.0,7.2,5.5,131581,10693,1118,141156,63,84,66,4,6,SQL,6,93,Neutral,No,56,22,High,Performance,Attrition,2026-02-21,3
EMP01526,Employee_1526,42,Male,Operations,Analyst,Master,Bangalore,2019-07-25,15,MGR022,2026-08-01,Present,09:56,19:43,0,9.3,Yes,Verified,Success,Yes,Night,3.1,Yes,Casual,15,21,Approved,7.4,5.3,2.8,31201,4219,2862,32558,66,90,77,4,60,SAP,19,55,Negative,No,58,56,High,Performance,Compliance,2026-07-25,10
EMP01527,Employee_1527,46,Female,Marketing,Manager,Bachelor,Delhi,2018-02-14,18,MGR005,2026-08-01,Present,09:29,20:08,0,7.5,Yes,Failed,Success,Yes,Evening,2.7,No,Sick,6,17,Approved,6.7,4.3,5.8,77515,13966,2965,88516,99,62,69,2,32,Python,86,85,Positive,No,86,10,High,Leave,Attrition,2026-02-14,6
EMP01528,Employee_1528,38,Male,Support,Engineer,MCA,Bangalore,2018-03-21,10,MGR052,2026-08-01,Present,09:08,18:53,0,8.8,Yes,Verified,Success,Yes,Morning,3.7,No,Sick,16,28,Rejected,7.9,4.8,5.7,98453,9855,1162,107146,84,87,52,4,44,Java,50,42,Neutral,No,10,84,Medium,Late,Payroll,2026-03-21,11
EMP01529,Employee_1529,55,Female,Finance,Executive,Master,Chennai,2019-03-06,2,MGR033,2026-08-01,Present,09:37,19:06,0,9.3,Yes,Verified,Success,Yes,Morning,2.1,No,Sick,14,10,Rejected,8.4,4.8,4.8,80324,2144,546,81922,88,82,80,3,68,SQL,54,85,Neutral,No,75,81,Low,Performance,Payroll,2026-03-06,2
EMP01530,Employee_1530,33,Male,HR,Executive,B.Tech,Delhi,2019-03-06,10,MGR038,2026-08-01,Present,10:18,19:59,77,9.0,Yes,Verified,Success,Yes,Morning,3.9,No,Sick,16,17,Rejected,7.5,4.8,5.2,62464,9920,7778,64606,73,95,76,5,36,Excel,21,94,Neutral,No,56,39,Low,None,Payroll,2026-03-06,7
EMP01531,Employee_1531,45,Female,Support,Specialist,MCA,Delhi,2022-01-30,2,MGR070,2026-08-01,Present,09:23,18:28,0,10.0,Yes,Failed,Success,Yes,Morning,2.4,Yes,Sick,2,8,Pending,6.7,4.4,6.3,132041,12544,2651,141934,99,57,95,4,52,Python,51,83,Neutral,No,91,39,High,Late,Compliance,2026-01-30,4
EMP01532,Employee_1532,35,Male,Operations,Analyst,MBA,Delhi,2023-06-09,7,MGR020,2026-08-01,Present,09:18,20:20,0,9.8,Yes,Failed,Success,Yes,Night,3.1,Yes,None,10,30,Pending,7.3,5.3,3.6,92533,17062,3303,106292,89,68,94,3,11,Python,72,41,Positive,No,29,68,Low,None,None,2026-06-09,1
EMP01533,Employee_1533,53,Female,Support,Manager,MBA,Chennai,2020-04-20,19,MGR075,2026-08-01,Absent,09:25,18:31,0,9.1,Yes,Verified,Success,Yes,Morning,3.0,Yes,Sick,2,29,Approved,7.1,7.0,2.9,98495,428,8325,90598,86,47,73,5,25,AWS,25,69,Neutral,No,84,20,Medium,None,Attrition,2026-04-20,7
EMP01534,Employee_1534,33,Male,Marketing,Analyst,Bachelor,Chennai,2022-06-04,1,MGR061,2026-08-01,Absent,08:02,18:28,0,8.4,Yes,Verified,Success,Yes,Evening,1.0,Yes,Casual,12,9,Rejected,8.7,5.1,2.7,62831,4466,9929,57368,97,60,50,3,58,Excel,12,99,Positive,No,36,28,Low,Leave,Compliance,2026-06-04,5
EMP01535,Employee_1535,49,Female,HR,Manager,Bachelor,Pune,2024-09-17,8,MGR072,2026-08-01,Present,09:26,20:24,0,8.6,Yes,Failed,Failed,Yes,Morning,2.3,Yes,Earned,15,21,Approved,8.9,4.5,5.2,34372,977,3625,31724,52,50,83,4,37,HRMS,27,96,Neutral,No,56,45,High,None,None,2026-09-17,3
EMP01536,Employee_1536,43,Male,Finance,Engineer,MBA,Delhi,2018-09-29,11,MGR031,2026-08-01,WFH,10:05,20:24,78,8.1,Yes,Failed,Failed,Yes,Evening,3.6,Yes,Sick,2,25,Rejected,8.6,7.9,4.2,146164,19401,9661,155904,92,77,86,4,12,Java,40,49,Positive,No,10,17,Low,Late,Attrition,2026-09-29,1
EMP01537,Employee_1537,25,Male,HR,Analyst,Bachelor,Hyderabad,2023-01-26,13,MGR070,2026-08-01,Present,08:30,19:09,0,7.2,Yes,Verified,Failed,Yes,Evening,3.1,No,Sick,13,9,Approved,7.0,7.8,6.2,136104,9438,2153,143389,95,73,74,2,18,Power BI,21,79,Positive,No,92,41,Medium,Leave,None,2026-01-26,8
EMP01538,Employee_1538,30,Male,Operations,Coordinator,B.Tech,Delhi,2018-12-29,1,MGR060,2026-08-01,WFH,08:53,19:16,0,9.0,Yes,Failed,Success,Yes,Morning,6.3,Yes,Sick,11,24,Rejected,8.9,8.0,6.5,90257,7038,9839,87456,62,100,85,5,80,AWS,10,69,Neutral,No,91,17,Low,Leave,Attrition,2026-12-29,8
EMP01539,Employee_1539,36,Male,Finance,Manager,Master,Delhi,2018-04-06,5,MGR059,2026-08-01,Present,08:19,18:35,0,7.7,Yes,Failed,Success,Yes,Morning,2.5,Yes,Sick,0,1,Pending,8.6,4.8,5.2,76214,4251,7571,72894,79,55,97,5,17,Excel,0,44,Neutral,No,62,32,Medium,Performance,Payroll,2026-04-06,1
EMP01540,Employee_1540,55,Female,Operations,Engineer,Bachelor,Bangalore,2020-10-16,18,MGR064,2026-08-01,Present,10:02,18:44,61,9.8,Yes,Verified,Success,Yes,Morning,4.2,Yes,None,19,11,Approved,7.8,4.2,5.5,121946,9671,1394,130223,65,92,66,4,5,HRMS,89,41,Positive,No,77,61,Medium,Leave,Attrition,2026-10-16,6
EMP01541,Employee_1541,50,Female,Finance,Coordinator,B.Tech,Hyderabad,2021-09-02,9,MGR019,2026-08-01,Present,10:31,19:21,69,7.1,Yes,Failed,Success,Yes,Morning,4.0,No,Casual,14,22,Pending,8.5,5.2,3.7,76137,17123,5761,87499,61,88,61,5,11,HRMS,49,43,Negative,No,55,22,Low,None,Payroll,2026-09-02,10
EMP01542,Employee_1542,41,Female,Sales,Executive,MCA,Bangalore,2024-02-21,3,MGR023,2026-08-01,Present,09:18,20:15,0,8.6,Yes,Failed,Success,Yes,Evening,4.5,Yes,Casual,2,2,Pending,7.0,5.4,3.3,48806,712,3643,45875,79,52,90,4,38,SAP,59,81,Neutral,No,37,7,High,Performance,Payroll,2026-02-21,9
EMP01543,Employee_1543,25,Female,Operations,Coordinator,MCA,Delhi,2021-12-29,15,MGR029,2026-08-01,Present,10:40,18:45,64,8.5,Yes,Failed,Success,Yes,Night,0.0,Yes,Sick,11,21,Rejected,8.1,6.6,5.8,146082,12726,9613,149195,58,100,86,4,67,Excel,52,74,Neutral,No,62,14,High,None,Attrition,2026-12-29,6
EMP01544,Employee_1544,44,Male,HR,Executive,MBA,Delhi,2018-04-07,20,MGR070,2026-08-01,Present,09:33,19:50,0,9.3,Yes,Verified,Success,Yes,Morning,4.0,No,None,12,2,Pending,6.2,6.0,7.0,37995,11375,5784,43586,87,69,50,2,10,Power BI,53,72,Positive,No,92,14,Medium,Performance,Compliance,2026-04-07,11
EMP01545,Employee_1545,60,Female,Sales,Specialist,Bachelor,Hyderabad,2020-12-04,8,MGR032,2026-08-01,Present,09:09,19:56,0,8.7,Yes,Verified,Failed,Yes,Morning,3.6,No,Earned,20,2,Rejected,8.2,6.8,6.0,126980,3162,6615,123527,61,71,95,2,13,Python,89,70,Positive,No,26,43,Medium,Leave,Compliance,2026-12-04,2
EMP01546,Employee_1546,60,Male,Finance,Executive,MBA,Bangalore,2020-01-12,2,MGR057,2026-08-01,Present,09:05,20:03,0,8.9,Yes,Verified,Success,Yes,Morning,3.2,Yes,None,1,16,Rejected,7.2,7.6,4.7,137800,9807,8334,139273,51,81,54,3,72,SAP,68,100,Positive,No,54,2,High,Leave,Payroll,2026-01-12,5
EMP01547,Employee_1547,21,Female,IT,Manager,Bachelor,Bangalore,2022-01-21,11,MGR003,2026-08-01,WFH,10:17,20:00,66,8.3,Yes,Verified,Success,Yes,Evening,3.7,Yes,Earned,3,22,Approved,7.9,5.1,4.5,72056,9578,7262,74372,94,47,62,3,11,Java,42,97,Positive,No,88,36,High,None,Attrition,2026-01-21,3
EMP01548,Employee_1548,38,Female,Marketing,Manager,Bachelor,Bangalore,2018-04-03,4,MGR021,2026-08-01,Present,09:30,19:43,0,7.0,Yes,Verified,Failed,Yes,Morning,3.6,No,Earned,17,27,Pending,6.4,4.7,5.5,120605,11361,8487,123479,98,86,96,4,36,Java,34,62,Positive,No,85,4,Medium,Performance,Attrition,2026-04-03,5
EMP01549,Employee_1549,38,Female,IT,Coordinator,B.Tech,Bhubaneswar,2019-08-12,0,MGR067,2026-08-01,Present,08:21,19:56,0,9.2,Yes,Verified,Success,Yes,Morning,3.0,Yes,Earned,17,7,Pending,6.6,5.0,7.1,26950,13627,3417,37160,58,59,83,3,53,Excel,21,50,Neutral,No,38,43,Low,Late,Compliance,2026-08-12,8
EMP01550,Employee_1550,33,Male,Marketing,Manager,B.Tech,Bhubaneswar,2023-01-01,7,MGR062,2026-08-01,Absent,09:21,20:56,0,8.5,Yes,Failed,Failed,Yes,Evening,2.8,No,Casual,20,5,Approved,8.4,7.4,7.3,108846,18976,120,127702,92,50,96,5,5,Python,93,59,Positive,No,91,19,Low,Leave,Compliance,2026-01-01,1
EMP01551,Employee_1551,34,Female,Support,Analyst,Bachelor,Bangalore,2020-02-08,3,MGR041,2026-08-01,Present,09:26,18:34,0,7.6,Yes,Verified,Success,Yes,Night,1.9,No,Casual,20,13,Pending,7.5,6.9,7.5,97485,9886,6110,101261,89,44,88,3,73,SAP,69,84,Neutral,No,24,28,High,Leave,Payroll,2026-02-08,6
EMP01552,Employee_1552,52,Female,Marketing,Manager,Master,Delhi,2021-08-06,6,MGR012,2026-08-01,Present,09:34,20:42,0,8.2,Yes,Verified,Success,Yes,Evening,0.7,Yes,Casual,5,26,Pending,6.6,6.0,2.2,90273,16296,3111,103458,55,46,71,5,33,SQL,48,72,Positive,No,47,77,Medium,Performance,None,2026-08-06,6
EMP01553,Employee_1553,38,Female,Sales,Manager,Bachelor,Bangalore,2020-11-27,13,MGR062,2026-08-01,Present,10:51,20:46,63,7.8,Yes,Failed,Success,Yes,Evening,5.7,No,Casual,8,11,Approved,6.6,5.0,7.6,148679,14045,6082,156642,76,50,86,2,27,Excel,38,82,Negative,No,51,54,Medium,None,Payroll,2026-11-27,12
EMP01554,Employee_1554,40,Female,Sales,Analyst,MBA,Delhi,2023-12-19,13,MGR058,2026-08-01,Present,09:47,19:42,0,9.3,Yes,Verified,Success,Yes,Evening,4.3,Yes,Casual,4,24,Pending,6.8,5.2,4.9,135871,1727,9730,127868,87,93,74,3,74,Excel,65,77,Positive,No,57,86,Low,None,Payroll,2026-12-19,11
EMP01555,Employee_1555,35,Male,Support,Coordinator,Bachelor,Chennai,2024-09-04,12,MGR066,2026-08-01,Present,09:44,19:56,0,9.5,Yes,Verified,Failed,Yes,Evening,7.5,No,Casual,10,4,Approved,7.4,6.1,7.9,105363,1562,8507,98418,75,79,66,3,32,SQL,84,75,Positive,No,60,96,High,Performance,None,2026-09-04,9
EMP01556,Employee_1556,50,Female,Support,Analyst,MBA,Hyderabad,2023-03-28,2,MGR074,2026-08-01,Present,08:51,20:37,0,7.9,Yes,Failed,Failed,Yes,Night,0.8,No,None,3,27,Approved,8.7,5.2,4.3,54921,18726,9111,64536,69,48,59,4,56,Java,3,58,Neutral,No,20,21,Low,Leave,Compliance,2026-03-28,11
EMP01557,Employee_1557,26,Male,HR,Analyst,MBA,Chennai,2023-02-28,18,MGR023,2026-08-01,Present,08:02,18:56,0,9.6,Yes,Verified,Failed,Yes,Night,2.4,No,Sick,7,21,Rejected,7.7,6.9,7.7,84361,9046,3666,89741,79,97,61,4,51,Excel,12,81,Neutral,No,16,65,Low,None,Attrition,2026-02-28,7
EMP01558,Employee_1558,49,Male,IT,Manager,MBA,Chennai,2022-12-17,1,MGR050,2026-08-01,Present,08:47,20:33,0,7.5,Yes,Verified,Failed,Yes,Night,2.8,No,Earned,8,12,Rejected,8.0,6.2,6.8,121641,18944,5882,134703,68,88,83,3,36,SQL,22,45,Positive,No,40,36,High,Performance,None,2026-12-17,6
EMP01559,Employee_1559,42,Male,Sales,Manager,Master,Pune,2024-10-02,2,MGR015,2026-08-01,Present,09:33,20:30,0,7.2,Yes,Verified,Success,Yes,Morning,3.0,No,Casual,12,26,Rejected,7.5,6.0,4.2,85797,4692,3699,86790,69,72,81,3,5,Python,72,67,Neutral,No,62,15,Medium,Performance,Payroll,2026-10-02,9
EMP01560,Employee_1560,48,Female,Marketing,Manager,MCA,Pune,2020-09-29,14,MGR057,2026-08-01,Present,10:21,18:46,80,7.4,Yes,Failed,Success,Yes,Evening,2.4,Yes,Casual,11,1,Approved,7.9,7.7,7.2,119694,1446,2005,119135,86,76,63,5,16,HRMS,93,41,Positive,No,79,88,High,Performance,None,2026-09-29,11
EMP01561,Employee_1561,55,Male,Sales,Coordinator,MCA,Bhubaneswar,2022-03-01,6,MGR058,2026-08-01,Present,09:04,20:27,0,8.0,Yes,Failed,Success,Yes,Evening,5.6,No,Earned,9,25,Approved,8.1,4.2,7.0,138694,6202,6438,138458,71,59,70,3,48,AWS,55,64,Positive,No,59,95,Low,Performance,Compliance,2026-03-01,12
EMP01562,Employee_1562,34,Male,Finance,Engineer,Bachelor,Bhubaneswar,2024-03-10,7,MGR063,2026-08-01,Present,08:36,20:52,0,7.6,Yes,Verified,Success,Yes,Night,0.6,No,Casual,6,15,Rejected,6.1,7.0,3.0,129369,4605,2883,131091,62,61,99,3,57,Excel,94,71,Negative,No,70,90,High,Leave,None,2026-03-10,2
EMP01563,Employee_1563,35,Male,Sales,Analyst,MBA,Hyderabad,2020-01-03,15,MGR035,2026-08-01,Present,10:42,20:56,64,8.0,Yes,Failed,Success,Yes,Night,0.4,No,None,4,29,Approved,8.9,6.4,5.2,141391,788,1112,141067,62,95,76,3,74,HRMS,95,59,Negative,No,40,69,Low,Performance,Compliance,2026-01-03,2
EMP01564,Employee_1564,33,Male,Sales,Coordinator,B.Tech,Chennai,2020-09-04,6,MGR052,2026-08-01,Present,10:46,18:18,60,8.5,Yes,Verified,Success,Yes,Night,1.4,No,Sick,0,28,Pending,6.3,6.7,3.9,148163,8183,9209,147137,56,72,57,3,9,Python,50,84,Negative,No,87,36,High,Late,Compliance,2026-09-04,3
EMP01565,Employee_1565,34,Male,HR,Analyst,Bachelor,Chennai,2020-08-24,17,MGR077,2026-08-01,Present,08:44,18:58,0,7.0,Yes,Verified,Success,Yes,Morning,2.9,Yes,Earned,16,9,Rejected,7.3,4.9,2.2,118563,17125,9517,126171,89,96,98,4,39,Java,15,40,Negative,No,78,26,Medium,Leave,Payroll,2026-08-24,3
EMP01566,Employee_1566,40,Male,Support,Executive,MCA,Hyderabad,2021-10-21,17,MGR034,2026-08-01,Present,09:31,18:09,0,7.6,Yes,Verified,Failed,Yes,Night,0.7,Yes,None,15,1,Rejected,6.2,5.8,2.4,43174,8739,9799,42114,55,40,68,4,30,SAP,98,76,Negative,No,32,30,Medium,None,None,2026-10-21,11
EMP01567,Employee_1567,45,Male,Sales,Specialist,MBA,Hyderabad,2019-09-17,2,MGR071,2026-08-01,Present,09:50,19:50,0,8.3,Yes,Failed,Failed,Yes,Night,3.4,No,None,19,22,Pending,8.8,6.5,4.6,51653,3486,917,54222,61,76,76,5,16,Python,38,50,Negative,No,73,46,High,None,None,2026-09-17,2
EMP01568,Employee_1568,58,Male,IT,Analyst,B.Tech,Hyderabad,2021-06-18,3,MGR015,2026-08-01,Present,08:35,18:54,0,9.5,Yes,Verified,Success,Yes,Morning,3.5,Yes,None,1,9,Rejected,8.7,7.8,6.9,94089,4916,5637,93368,67,66,86,2,3,AWS,5,72,Neutral,No,92,82,High,Leave,None,2026-06-18,8
EMP01569,Employee_1569,49,Female,Finance,Engineer,B.Tech,Bangalore,2018-02-28,5,MGR022,2026-08-01,Absent,09:33,19:18,0,7.3,Yes,Verified,Failed,Yes,Morning,3.4,No,None,9,27,Approved,8.0,4.3,3.3,52614,716,8580,44750,97,70,50,5,3,Power BI,30,92,Positive,No,50,69,Low,Late,Payroll,2026-02-28,1
EMP01570,Employee_1570,51,Male,Marketing,Specialist,Master,Bangalore,2022-11-24,16,MGR051,2026-08-01,Absent,09:16,18:24,0,7.3,Yes,Verified,Success,Yes,Evening,3.5,Yes,Sick,14,18,Approved,8.1,6.6,5.0,112717,2709,6062,109364,59,93,69,4,44,AWS,57,86,Neutral,No,93,53,High,Leave,Compliance,2026-11-24,4
EMP01571,Employee_1571,28,Female,Operations,Specialist,MBA,Bangalore,2020-08-02,10,MGR001,2026-08-01,Absent,08:27,18:38,0,7.5,Yes,Failed,Failed,Yes,Morning,2.9,No,None,1,30,Rejected,8.0,7.1,6.6,96765,2665,8206,91224,78,99,62,4,30,Excel,8,51,Negative,No,36,89,High,Performance,Payroll,2026-08-02,6
EMP01572,Employee_1572,55,Male,Finance,Engineer,MCA,Chennai,2022-07-09,9,MGR064,2026-08-01,WFH,10:43,20:36,70,9.6,Yes,Verified,Success,Yes,Night,3.4,No,None,1,6,Approved,8.9,7.0,4.4,141842,4481,159,146164,54,74,62,3,47,SQL,32,67,Positive,No,90,21,Low,None,Payroll,2026-07-09,1
EMP01573,Employee_1573,47,Male,HR,Coordinator,Bachelor,Delhi,2023-02-01,7,MGR015,2026-08-01,Absent,10:28,18:19,76,9.5,Yes,Failed,Failed,Yes,Evening,4.4,Yes,Casual,0,3,Pending,7.1,6.6,3.4,132697,14575,1236,146036,89,90,79,5,41,Excel,13,71,Neutral,No,26,69,Medium,None,Compliance,2026-02-01,11
EMP01574,Employee_1574,57,Male,Sales,Coordinator,MBA,Delhi,2019-10-12,2,MGR069,2026-08-01,Present,09:02,20:02,0,7.6,Yes,Failed,Success,Yes,Night,2.3,No,None,0,21,Rejected,7.8,5.5,5.9,29313,4414,5124,28603,95,73,96,2,33,Power BI,29,62,Positive,No,90,71,High,None,Compliance,2026-10-12,7
EMP01575,Employee_1575,38,Female,Sales,Executive,MCA,Bangalore,2021-06-27,15,MGR080,2026-08-01,Present,09:50,20:54,0,7.6,Yes,Failed,Success,Yes,Morning,4.3,No,Sick,4,26,Approved,8.5,7.2,6.4,34522,12702,3809,43415,79,40,100,4,32,AWS,91,52,Negative,No,39,1,Medium,Late,Payroll,2026-06-27,10
EMP01576,Employee_1576,51,Female,Finance,Engineer,Master,Chennai,2021-01-20,15,MGR027,2026-08-01,Present,10:16,20:59,63,7.0,Yes,Failed,Success,Yes,Morning,4.1,Yes,None,11,17,Approved,8.4,7.2,3.3,115522,12751,8462,119811,55,44,57,3,38,Python,62,62,Neutral,No,83,59,High,Performance,Compliance,2026-01-20,2
EMP01577,Employee_1577,34,Female,Finance,Coordinator,B.Tech,Hyderabad,2022-09-02,11,MGR003,2026-08-01,Present,09:09,18:35,0,7.4,Yes,Failed,Failed,Yes,Night,3.0,Yes,Earned,9,2,Approved,8.8,6.6,5.5,148086,1944,5465,144565,70,83,82,3,68,Python,62,54,Positive,No,72,15,Medium,Performance,Compliance,2026-09-02,6
EMP01578,Employee_1578,34,Female,IT,Analyst,Master,Bangalore,2021-11-06,6,MGR068,2026-08-01,Present,09:09,18:30,0,7.2,Yes,Failed,Success,Yes,Morning,4.7,Yes,Earned,4,30,Rejected,6.9,4.6,4.1,81989,17031,6784,92236,85,60,89,4,23,Java,46,75,Positive,No,31,30,High,Late,None,2026-11-06,1
EMP01579,Employee_1579,37,Male,Operations,Specialist,MCA,Chennai,2023-09-11,5,MGR061,2026-08-01,Present,08:40,19:57,0,8.7,Yes,Failed,Failed,Yes,Evening,0.1,No,Earned,17,2,Rejected,8.6,7.6,6.7,132185,10675,1522,141338,54,86,62,2,18,Java,97,42,Neutral,No,29,9,High,Leave,Attrition,2026-09-11,2
EMP01580,Employee_1580,51,Male,IT,Manager,MBA,Hyderabad,2020-08-09,12,MGR025,2026-08-01,Present,09:35,18:57,0,7.8,Yes,Failed,Success,Yes,Evening,2.9,No,None,11,17,Approved,8.2,7.7,5.4,82387,6197,4050,84534,59,88,92,4,24,HRMS,53,63,Positive,No,78,81,Medium,None,Payroll,2026-08-09,2
EMP01581,Employee_1581,38,Female,Sales,Manager,MCA,Chennai,2024-08-27,19,MGR020,2026-08-01,WFH,08:01,19:27,0,9.6,Yes,Verified,Success,Yes,Night,0.0,Yes,Earned,5,9,Approved,7.1,7.8,5.0,61451,10390,7415,64426,61,46,68,5,50,Excel,6,71,Positive,No,93,7,High,Leave,Compliance,2026-08-27,1
EMP01582,Employee_1582,25,Male,IT,Executive,MBA,Chennai,2020-11-19,10,MGR064,2026-08-01,Present,09:16,20:18,0,8.8,Yes,Verified,Success,Yes,Evening,2.7,Yes,Sick,17,30,Approved,6.3,4.1,3.5,53436,4889,3927,54398,52,50,82,5,75,SAP,35,89,Positive,No,89,27,High,Late,Payroll,2026-11-19,10
EMP01583,Employee_1583,31,Male,Operations,Manager,MBA,Bangalore,2022-05-22,13,MGR018,2026-08-01,Present,09:29,18:33,0,8.6,Yes,Failed,Success,Yes,Evening,0.0,No,None,6,2,Approved,7.3,6.3,4.5,53702,11008,6382,58328,78,54,61,4,18,SQL,89,87,Negative,No,68,83,Medium,Leave,Payroll,2026-05-22,2
EMP01584,Employee_1584,38,Female,IT,Engineer,B.Tech,Chennai,2021-05-07,12,MGR076,2026-08-01,Present,09:29,20:06,0,9.1,Yes,Verified,Success,Yes,Evening,3.5,Yes,Sick,15,7,Rejected,7.2,7.6,6.5,121605,5842,395,127052,64,42,52,5,59,Power BI,26,85,Positive,No,91,98,High,None,Attrition,2026-05-07,9
EMP01585,Employee_1585,27,Female,Marketing,Analyst,B.Tech,Bangalore,2023-07-03,12,MGR074,2026-08-01,Present,09:28,18:21,0,9.2,Yes,Verified,Success,Yes,Evening,2.0,No,Casual,13,9,Pending,8.3,5.6,4.1,106541,6065,1216,111390,50,42,89,3,37,SAP,78,83,Neutral,No,68,96,High,Late,Compliance,2026-07-03,11
EMP01586,Employee_1586,23,Female,Marketing,Engineer,MCA,Pune,2022-06-21,17,MGR050,2026-08-01,Present,08:51,19:46,0,9.2,Yes,Verified,Success,Yes,Morning,1.4,No,Earned,12,7,Pending,6.4,5.0,2.1,138297,5052,9986,133363,100,91,78,5,46,AWS,1,56,Positive,No,93,71,Medium,None,Compliance,2026-06-21,9
EMP01587,Employee_1587,21,Female,Marketing,Analyst,B.Tech,Pune,2020-08-05,20,MGR075,2026-08-01,Present,10:46,20:34,78,9.0,Yes,Verified,Failed,Yes,Morning,3.7,No,Earned,10,22,Approved,7.2,5.0,7.3,129049,17826,2147,144728,85,81,50,3,16,Python,18,50,Positive,No,48,37,Medium,Performance,None,2026-08-05,12
EMP01588,Employee_1588,48,Female,Sales,Engineer,B.Tech,Hyderabad,2022-08-20,15,MGR007,2026-08-01,Present,09:13,20:51,0,8.6,Yes,Verified,Failed,Yes,Morning,3.2,Yes,Sick,2,0,Rejected,7.7,4.5,6.6,116608,11776,9200,119184,88,44,79,5,51,Java,73,75,Neutral,No,67,56,Medium,Late,Attrition,2026-08-20,4
EMP01589,Employee_1589,24,Male,Sales,Manager,B.Tech,Chennai,2021-07-14,10,MGR019,2026-08-01,Present,10:26,19:45,77,8.8,Yes,Verified,Success,Yes,Morning,7.7,Yes,Earned,14,13,Rejected,6.1,4.9,6.3,119719,10549,4914,125354,96,100,52,2,3,SQL,57,76,Neutral,Yes,70,51,Medium,None,None,2026-07-14,3
EMP01590,Employee_1590,29,Male,Marketing,Engineer,Master,Bangalore,2019-10-18,10,MGR041,2026-08-01,Present,08:01,20:19,0,7.3,Yes,Verified,Success,Yes,Night,1.6,No,Casual,0,20,Rejected,6.3,7.0,7.4,115299,14093,5045,124347,60,63,66,3,3,Java,13,45,Positive,No,82,100,Medium,Leave,Payroll,2026-10-18,6
EMP01591,Employee_1591,47,Female,Support,Specialist,MBA,Bhubaneswar,2019-10-15,19,MGR023,2026-08-01,Present,09:32,20:51,0,8.4,Yes,Failed,Success,Yes,Morning,2.7,Yes,Casual,12,22,Approved,6.9,4.8,2.1,79489,18366,3609,94246,56,59,65,4,22,AWS,67,76,Negative,No,47,57,Low,None,Attrition,2026-10-15,10
EMP01592,Employee_1592,24,Female,Finance,Specialist,Bachelor,Pune,2024-06-14,3,MGR014,2026-08-01,Present,10:27,19:27,63,8.6,Yes,Failed,Success,Yes,Evening,2.1,No,Sick,17,17,Approved,6.6,4.4,5.9,54233,15479,1170,68542,79,90,80,3,79,Python,43,52,Negative,No,79,95,Medium,Leave,None,2026-06-14,12
EMP01593,Employee_1593,57,Female,Operations,Executive,Master,Bangalore,2023-09-08,16,MGR001,2026-08-01,Absent,10:16,18:16,70,9.0,Yes,Verified,Success,Yes,Night,3.8,No,Sick,5,20,Pending,6.4,4.0,3.6,109067,1763,3766,107064,58,100,63,5,18,Python,4,97,Negative,No,80,49,Medium,Performance,Compliance,2026-09-08,12
EMP01594,Employee_1594,40,Male,HR,Analyst,MBA,Pune,2020-02-18,20,MGR037,2026-08-01,Present,09:20,19:14,0,7.5,Yes,Verified,Success,Yes,Night,6.3,No,None,8,10,Pending,6.2,7.7,7.2,93665,2194,3752,92107,61,57,64,5,19,SQL,93,77,Neutral,No,83,19,Medium,Performance,Attrition,2026-02-18,2
EMP01595,Employee_1595,54,Female,HR,Executive,Master,Pune,2023-03-10,6,MGR035,2026-08-01,Present,09:36,19:51,0,8.0,Yes,Verified,Success,Yes,Morning,4.7,No,Casual,6,22,Rejected,6.0,7.4,6.0,30123,10884,6284,34723,56,91,100,2,40,Python,70,100,Negative,No,84,16,Low,Late,None,2026-03-10,10
EMP01596,Employee_1596,37,Female,Support,Coordinator,Bachelor,Bangalore,2019-09-14,20,MGR066,2026-08-01,Present,09:01,19:10,0,8.9,Yes,Verified,Success,Yes,Evening,3.5,Yes,Earned,2,6,Pending,7.0,4.6,4.2,52115,15225,500,66840,57,79,78,3,18,AWS,42,74,Neutral,No,73,79,High,Late,None,2026-09-14,7
EMP01597,Employee_1597,46,Male,IT,Specialist,Bachelor,Pune,2018-06-12,19,MGR045,2026-08-01,Absent,09:50,18:56,0,7.4,Yes,Verified,Failed,Yes,Night,0.9,No,Casual,9,2,Pending,8.6,5.3,6.9,131847,13736,5924,139659,80,85,85,5,43,SAP,96,46,Positive,No,44,9,Low,Late,Compliance,2026-06-12,11
EMP01598,Employee_1598,41,Male,Finance,Executive,MCA,Pune,2024-01-07,10,MGR046,2026-08-01,Present,10:22,18:51,62,8.5,Yes,Verified,Success,Yes,Night,3.4,No,None,0,12,Rejected,6.2,5.0,6.7,47092,6960,9026,45026,80,72,83,4,69,Java,79,80,Negative,No,48,98,Medium,None,Attrition,2026-01-07,1
EMP01599,Employee_1599,43,Male,HR,Specialist,MCA,Delhi,2019-08-22,19,MGR003,2026-08-01,Present,09:00,19:29,0,8.5,Yes,Verified,Failed,Yes,Night,0.0,Yes,Sick,18,7,Approved,6.5,6.3,3.2,103135,10075,794,112416,74,91,79,4,57,Python,44,49,Negative,No,73,74,Low,Leave,Compliance,2026-08-22,9
EMP01600,Employee_1600,30,Female,IT,Engineer,Master,Chennai,2021-06-13,11,MGR067,2026-08-01,Present,08:32,19:49,0,8.9,Yes,Failed,Success,Yes,Evening,0.8,Yes,Earned,4,5,Pending,6.8,4.5,2.8,102062,3406,3675,101793,57,45,97,5,41,Java,83,57,Neutral,No,92,65,Medium,None,Compliance,2026-06-13,11
EMP01601,Employee_1601,21,Female,HR,Engineer,B.Tech,Pune,2021-05-08,18,MGR063,2026-08-01,Present,09:39,20:40,0,8.0,Yes,Verified,Failed,Yes,Evening,2.9,No,None,2,14,Approved,8.6,4.7,3.8,134048,17499,1533,150014,65,80,61,5,38,Python,36,59,Positive,No,23,20,Low,Performance,Payroll,2026-05-08,7
EMP01602,Employee_1602,44,Male,HR,Engineer,MCA,Bhubaneswar,2020-04-20,8,MGR031,2026-08-01,Present,09:10,20:27,0,8.6,Yes,Verified,Success,Yes,Evening,2.6,No,Sick,6,12,Pending,7.2,6.4,6.9,34089,8974,5523,37540,82,89,92,5,25,HRMS,30,53,Positive,No,14,72,Medium,None,Attrition,2026-04-20,9
EMP01603,Employee_1603,23,Male,Support,Manager,B.Tech,Bhubaneswar,2021-12-23,16,MGR061,2026-08-01,Absent,09:03,20:45,0,7.5,Yes,Failed,Success,Yes,Night,5.3,Yes,Sick,18,25,Pending,7.4,7.1,2.5,115150,17207,7735,124622,94,90,74,2,35,Power BI,42,89,Positive,No,75,66,High,Late,Compliance,2026-12-23,3
EMP01604,Employee_1604,40,Female,Operations,Executive,Master,Bangalore,2020-12-20,7,MGR063,2026-08-01,Present,09:55,20:45,0,9.1,Yes,Failed,Success,Yes,Night,4.4,Yes,Casual,19,7,Approved,6.9,4.0,4.4,134347,18719,7075,145991,83,65,93,5,78,Java,51,41,Neutral,No,60,75,Low,Performance,Payroll,2026-12-20,6
EMP01605,Employee_1605,58,Male,IT,Manager,Master,Chennai,2018-04-21,16,MGR010,2026-08-01,Present,09:21,20:59,0,7.1,Yes,Verified,Success,Yes,Morning,2.6,Yes,Earned,11,8,Pending,7.3,5.2,3.8,75116,2735,7036,70815,69,49,67,3,13,Java,18,84,Negative,No,63,40,Medium,Late,Attrition,2026-04-21,2
EMP01606,Employee_1606,22,Female,IT,Manager,B.Tech,Pune,2022-06-07,12,MGR002,2026-08-01,WFH,08:22,20:13,0,7.2,Yes,Verified,Failed,Yes,Night,1.0,No,Casual,8,14,Pending,7.4,5.5,6.3,63914,8069,436,71547,100,54,81,5,60,SAP,100,51,Neutral,No,32,32,Low,Performance,Payroll,2026-06-07,12
EMP01607,Employee_1607,53,Male,Sales,Analyst,Master,Hyderabad,2018-10-23,18,MGR079,2026-08-01,Absent,09:35,19:28,0,8.8,Yes,Failed,Success,Yes,Night,4.7,Yes,Sick,20,22,Approved,7.2,6.2,3.1,125975,3472,2189,127258,79,62,75,5,11,Python,37,98,Positive,No,81,54,Medium,Late,Compliance,2026-10-23,6
EMP01608,Employee_1608,45,Male,Finance,Executive,Bachelor,Pune,2023-11-05,11,MGR051,2026-08-01,Present,09:40,20:50,0,9.3,Yes,Failed,Success,Yes,Evening,0.6,Yes,Casual,16,0,Pending,6.8,5.4,2.8,93240,2350,494,95096,51,86,80,4,64,HRMS,96,59,Neutral,No,71,0,Low,Performance,Attrition,2026-11-05,3
EMP01609,Employee_1609,36,Male,IT,Executive,MCA,Delhi,2018-03-09,10,MGR050,2026-08-01,Present,09:59,18:20,0,7.9,Yes,Verified,Success,Yes,Night,2.3,Yes,Casual,4,18,Approved,6.9,6.2,5.4,28972,13108,6081,35999,76,54,95,5,70,AWS,77,99,Neutral,No,27,37,Low,Leave,None,2026-03-09,1
EMP01610,Employee_1610,47,Male,Finance,Specialist,MCA,Bhubaneswar,2021-02-10,18,MGR041,2026-08-01,Present,09:41,19:13,0,8.7,Yes,Failed,Failed,Yes,Morning,1.9,No,Casual,2,5,Approved,8.8,7.3,2.3,121033,13079,6246,127866,57,46,76,2,69,HRMS,51,82,Positive,No,30,68,High,Late,None,2026-02-10,5
EMP01611,Employee_1611,44,Female,Operations,Specialist,Master,Pune,2023-09-04,2,MGR009,2026-08-01,Present,10:35,18:14,72,9.8,Yes,Verified,Failed,Yes,Evening,6.6,No,Casual,18,9,Pending,8.1,4.9,3.4,133346,15801,9042,140105,91,49,77,2,59,Java,43,91,Neutral,Yes,65,93,Low,None,Payroll,2026-09-04,6
EMP01612,Employee_1612,45,Female,Operations,Analyst,MBA,Pune,2022-06-23,16,MGR064,2026-08-01,Present,10:26,18:48,80,9.3,Yes,Verified,Success,Yes,Night,0.8,Yes,Earned,2,27,Approved,8.6,5.1,5.8,145589,109,9769,135929,64,41,78,5,37,Python,19,69,Negative,No,73,93,High,Late,Attrition,2026-06-23,4
EMP01613,Employee_1613,27,Female,Finance,Manager,B.Tech,Hyderabad,2018-02-21,17,MGR075,2026-08-01,Absent,08:34,20:17,0,7.6,Yes,Failed,Success,Yes,Night,4.9,No,Sick,13,26,Approved,8.1,4.1,4.4,76808,12221,2498,86531,83,57,56,4,38,AWS,59,97,Negative,No,55,44,High,Performance,Compliance,2026-02-21,9
EMP01614,Employee_1614,59,Female,Operations,Engineer,MCA,Bhubaneswar,2018-09-26,11,MGR055,2026-08-01,Present,09:41,18:08,0,10.0,Yes,Failed,Success,Yes,Morning,0.0,No,Earned,20,6,Rejected,8.7,5.6,5.8,118989,14810,9471,124328,89,58,99,5,77,SAP,26,89,Negative,No,67,50,High,Performance,Attrition,2026-09-26,6
EMP01615,Employee_1615,35,Female,HR,Specialist,B.Tech,Bhubaneswar,2024-07-17,20,MGR074,2026-08-01,Absent,09:39,19:49,0,8.9,Yes,Verified,Success,Yes,Morning,1.9,No,Sick,3,13,Approved,8.5,5.1,3.7,113374,15805,5839,123340,76,43,59,2,15,Python,75,46,Neutral,No,33,55,High,Performance,Attrition,2026-07-17,8
EMP01616,Employee_1616,34,Female,IT,Analyst,MCA,Pune,2019-10-28,16,MGR023,2026-08-01,Present,09:26,20:32,0,9.8,Yes,Verified,Success,Yes,Morning,6.8,No,Earned,16,17,Rejected,7.8,4.6,4.8,53139,5737,2912,55964,73,67,87,3,11,Java,92,85,Neutral,Yes,11,9,Low,Late,Payroll,2026-10-28,11
EMP01617,Employee_1617,43,Male,HR,Executive,B.Tech,Hyderabad,2022-01-01,5,MGR071,2026-08-01,Present,09:12,18:02,0,7.8,Yes,Verified,Success,Yes,Night,6.1,No,Sick,8,19,Approved,6.5,7.4,7.2,28572,15973,1761,42784,53,41,99,5,49,AWS,92,83,Negative,No,71,82,Medium,Leave,None,2026-01-01,5
EMP01618,Employee_1618,34,Female,IT,Analyst,B.Tech,Chennai,2021-01-19,17,MGR060,2026-08-01,Present,09:11,18:59,0,8.5,Yes,Verified,Failed,Yes,Evening,4.7,No,Earned,20,20,Approved,8.9,7.2,7.3,35875,16633,41,52467,85,47,81,2,78,HRMS,18,47,Positive,No,65,61,Low,Late,Compliance,2026-01-19,1
EMP01619,Employee_1619,21,Male,Sales,Coordinator,B.Tech,Hyderabad,2020-12-22,17,MGR014,2026-08-01,Present,09:27,19:44,0,7.5,Yes,Verified,Success,Yes,Night,2.2,No,None,12,21,Approved,6.4,5.0,2.1,104150,19962,8837,115275,94,63,51,4,73,HRMS,30,78,Negative,No,43,62,High,Late,Payroll,2026-12-22,9
EMP01620,Employee_1620,37,Female,Finance,Analyst,B.Tech,Delhi,2024-02-19,9,MGR027,2026-08-01,Present,08:18,18:42,0,9.9,Yes,Verified,Success,Yes,Evening,0.8,No,None,8,26,Rejected,7.2,4.4,3.0,25826,18301,2383,41744,65,77,61,5,79,AWS,1,47,Negative,No,85,61,Medium,None,None,2026-02-19,4
EMP01621,Employee_1621,45,Female,Operations,Analyst,MBA,Chennai,2019-07-06,2,MGR015,2026-08-01,Present,08:54,20:34,0,7.6,Yes,Failed,Success,Yes,Night,0.0,Yes,Sick,16,10,Rejected,7.5,5.6,7.4,97904,15058,2458,110504,61,78,55,2,76,Excel,1,57,Positive,No,14,11,High,Leave,None,2026-07-06,6
EMP01622,Employee_1622,46,Female,Support,Executive,B.Tech,Bangalore,2019-10-18,5,MGR036,2026-08-01,Present,09:32,19:59,0,8.0,Yes,Verified,Failed,Yes,Morning,5.4,No,None,7,1,Approved,8.8,6.3,6.8,35250,18017,7184,46083,87,78,90,2,23,Power BI,23,56,Negative,No,32,88,Medium,Leave,Payroll,2026-10-18,1
EMP01623,Employee_1623,58,Female,Support,Executive,MBA,Delhi,2022-06-27,12,MGR009,2026-08-01,Present,09:47,20:10,0,8.0,Yes,Verified,Failed,Yes,Night,6.9,Yes,Sick,11,7,Approved,8.4,7.2,6.3,115888,4192,2199,117881,60,57,72,3,48,Python,99,62,Positive,Yes,75,22,Low,None,Attrition,2026-06-27,2
EMP01624,Employee_1624,42,Male,Marketing,Coordinator,MBA,Pune,2023-01-25,6,MGR020,2026-08-01,WFH,10:09,18:56,60,9.7,Yes,Verified,Success,Yes,Morning,1.1,Yes,Earned,16,11,Rejected,8.3,6.3,3.9,145385,3636,3272,145749,51,71,96,5,23,SAP,83,87,Negative,No,30,76,Low,Leave,Attrition,2026-01-25,12
EMP01625,Employee_1625,26,Male,Sales,Analyst,Master,Chennai,2024-06-17,13,MGR010,2026-08-01,Present,10:05,19:58,77,9.1,Yes,Verified,Success,Yes,Morning,3.1,Yes,Casual,2,23,Pending,6.2,7.1,4.5,120485,14336,2349,132472,56,41,84,2,26,Python,70,53,Positive,No,12,97,High,None,Payroll,2026-06-17,12
EMP01626,Employee_1626,42,Male,HR,Coordinator,Bachelor,Chennai,2020-07-16,16,MGR077,2026-08-01,Present,08:03,19:52,0,7.7,Yes,Verified,Failed,Yes,Evening,0.0,Yes,Earned,18,26,Approved,7.6,7.7,2.4,95243,8362,1089,102516,97,42,69,3,18,Excel,64,70,Negative,No,61,64,Low,None,None,2026-07-16,12
EMP01627,Employee_1627,50,Female,IT,Manager,Master,Delhi,2023-06-07,19,MGR009,2026-08-01,Present,09:33,19:54,0,7.9,Yes,Verified,Success,Yes,Morning,1.8,No,Sick,14,8,Rejected,8.0,5.3,6.2,121617,1128,9933,112812,100,77,72,5,32,Java,21,82,Positive,No,36,33,Medium,None,Compliance,2026-06-07,6
EMP01628,Employee_1628,59,Male,Operations,Analyst,B.Tech,Bhubaneswar,2024-03-29,0,MGR067,2026-08-01,Present,10:17,20:20,71,7.7,Yes,Verified,Failed,Yes,Night,1.9,No,Sick,10,21,Pending,8.1,6.2,4.7,26218,17220,8601,34837,58,92,71,2,32,SAP,63,71,Neutral,No,40,65,High,None,Attrition,2026-03-29,7
EMP01629,Employee_1629,28,Female,IT,Analyst,MCA,Delhi,2024-01-09,18,MGR062,2026-08-01,Present,09:18,19:37,0,9.3,Yes,Verified,Success,Yes,Evening,2.3,Yes,Sick,15,21,Rejected,6.2,5.1,2.7,130871,3669,189,134351,89,41,81,2,6,Java,35,61,Positive,No,86,88,Medium,Leave,Compliance,2026-01-09,4
EMP01630,Employee_1630,51,Female,Support,Specialist,MBA,Bangalore,2018-04-13,10,MGR021,2026-08-01,Present,09:26,19:07,0,8.8,Yes,Verified,Success,Yes,Night,3.8,No,Earned,13,29,Approved,8.1,4.1,5.2,136430,448,1877,135001,72,52,71,2,68,Excel,20,86,Neutral,No,36,42,High,Leave,None,2026-04-13,4
EMP01631,Employee_1631,29,Male,IT,Manager,B.Tech,Delhi,2020-02-21,7,MGR045,2026-08-01,Present,09:26,20:31,0,8.7,Yes,Verified,Failed,Yes,Evening,5.9,No,Earned,13,25,Approved,8.3,5.2,7.5,143923,8795,3217,149501,81,94,57,4,64,Java,18,69,Positive,No,58,92,High,Performance,Payroll,2026-02-21,7
EMP01632,Employee_1632,54,Female,HR,Engineer,MBA,Pune,2021-02-28,13,MGR077,2026-08-01,Present,09:47,19:44,0,7.8,Yes,Verified,Success,Yes,Evening,4.3,No,Sick,11,4,Pending,6.7,6.1,4.4,128511,19631,2659,145483,64,40,90,3,70,Python,9,46,Negative,No,95,69,Medium,Late,None,2026-02-28,11
EMP01633,Employee_1633,48,Female,Sales,Engineer,Master,Delhi,2020-02-17,13,MGR016,2026-08-01,Present,10:03,18:34,77,9.5,Yes,Verified,Failed,Yes,Morning,2.5,Yes,Earned,5,21,Pending,8.9,6.8,5.6,116063,956,5797,111222,84,42,100,2,46,SQL,65,92,Neutral,No,15,37,High,Performance,Attrition,2026-02-17,4
EMP01634,Employee_1634,58,Female,Support,Manager,Bachelor,Pune,2021-12-21,7,MGR024,2026-08-01,Present,08:33,19:22,0,8.2,Yes,Verified,Success,Yes,Evening,0.0,No,None,7,30,Approved,6.7,4.6,7.4,92186,17331,4947,104570,100,45,81,2,80,Power BI,13,47,Negative,No,32,68,High,None,Compliance,2026-12-21,1
EMP01635,Employee_1635,57,Female,Operations,Analyst,MBA,Pune,2021-08-14,4,MGR032,2026-08-01,WFH,08:13,18:37,0,7.8,Yes,Failed,Failed,Yes,Night,5.2,No,Earned,19,30,Rejected,7.6,6.9,3.2,71088,17070,1434,86724,100,81,74,2,35,AWS,64,49,Negative,Yes,51,33,Medium,Late,Attrition,2026-08-14,4
EMP01636,Employee_1636,50,Male,Sales,Coordinator,B.Tech,Bangalore,2020-10-14,7,MGR037,2026-08-01,WFH,09:11,19:15,0,9.2,Yes,Verified,Success,Yes,Morning,3.3,Yes,Sick,0,0,Approved,6.3,4.5,4.1,54193,225,4463,49955,53,71,92,2,64,SQL,68,71,Negative,No,94,37,Low,Leave,Attrition,2026-10-14,6
EMP01637,Employee_1637,51,Male,Support,Executive,MBA,Bhubaneswar,2022-09-01,8,MGR031,2026-08-01,Present,09:15,19:22,0,9.2,Yes,Verified,Failed,Yes,Morning,1.7,Yes,Casual,15,21,Rejected,8.7,5.2,6.6,107795,8543,3861,112477,75,64,52,2,7,SAP,39,90,Negative,No,10,73,Low,Late,Attrition,2026-09-01,2
EMP01638,Employee_1638,27,Female,Marketing,Manager,Bachelor,Bhubaneswar,2024-10-20,9,MGR066,2026-08-01,WFH,09:51,19:21,0,8.3,Yes,Failed,Success,Yes,Evening,1.2,No,Sick,11,21,Pending,7.8,5.3,4.3,73338,3317,4874,71781,94,97,86,2,59,SAP,46,63,Neutral,No,18,20,Low,Leave,None,2026-10-20,1
EMP01639,Employee_1639,22,Female,Sales,Engineer,MCA,Chennai,2018-12-02,8,MGR022,2026-08-01,Present,09:09,20:06,0,8.4,Yes,Verified,Success,Yes,Night,4.8,No,Casual,9,8,Approved,6.6,6.1,2.8,107432,2933,5854,104511,55,83,88,2,70,AWS,59,69,Negative,No,75,60,Low,Leave,None,2026-12-02,11
EMP01640,Employee_1640,41,Female,HR,Coordinator,Master,Pune,2020-09-07,2,MGR065,2026-08-01,Present,09:16,20:31,0,8.5,Yes,Failed,Success,Yes,Morning,5.0,No,Casual,4,10,Rejected,7.0,5.0,3.9,30174,14973,3701,41446,90,87,89,3,73,AWS,15,60,Neutral,No,23,37,Low,Performance,None,2026-09-07,5
EMP01641,Employee_1641,48,Female,Operations,Analyst,MBA,Hyderabad,2020-09-09,4,MGR047,2026-08-01,Present,10:56,20:03,75,8.7,Yes,Failed,Success,Yes,Night,4.1,Yes,Casual,0,24,Pending,7.0,5.9,6.1,98190,13250,533,110907,56,60,72,4,2,Python,54,52,Negative,No,53,66,Medium,Leave,Payroll,2026-09-09,6
EMP01642,Employee_1642,43,Male,Sales,Analyst,MBA,Pune,2018-01-28,13,MGR065,2026-08-01,Absent,09:38,20:22,0,9.8,Yes,Verified,Failed,Yes,Morning,4.2,No,None,20,11,Approved,8.5,4.9,3.8,144826,19760,6372,158214,51,51,79,3,46,AWS,33,80,Neutral,No,16,15,Medium,Late,Payroll,2026-01-28,1
EMP01643,Employee_1643,27,Male,HR,Manager,MBA,Hyderabad,2020-09-11,18,MGR067,2026-08-01,Present,09:40,20:18,0,8.2,Yes,Verified,Success,Yes,Morning,1.7,No,Casual,17,0,Rejected,7.3,7.5,7.5,64209,1163,2532,62840,62,59,88,3,15,HRMS,48,95,Positive,No,57,95,Medium,Performance,Attrition,2026-09-11,4
EMP01644,Employee_1644,47,Male,Support,Engineer,Master,Bhubaneswar,2024-06-13,19,MGR028,2026-08-01,Present,08:09,20:04,0,9.2,Yes,Failed,Success,Yes,Morning,3.7,Yes,Casual,8,17,Pending,7.4,7.7,7.8,69096,9691,3146,75641,85,41,52,4,57,SAP,100,75,Negative,No,76,12,High,Performance,Attrition,2026-06-13,1
EMP01645,Employee_1645,26,Female,Finance,Analyst,MCA,Delhi,2022-09-02,6,MGR029,2026-08-01,Absent,09:04,20:11,0,8.5,Yes,Verified,Failed,Yes,Night,5.2,Yes,None,16,27,Pending,6.2,5.2,8.0,147020,6551,3215,150356,64,57,74,4,79,Java,61,82,Positive,No,75,36,Low,Leave,Compliance,2026-09-02,8
EMP01646,Employee_1646,44,Female,Marketing,Executive,Master,Bhubaneswar,2019-12-30,1,MGR027,2026-08-01,Present,09:14,18:10,0,7.0,Yes,Failed,Failed,Yes,Morning,2.1,No,Earned,16,1,Approved,7.5,6.0,3.9,36844,11018,3803,44059,73,63,72,2,6,AWS,12,80,Negative,No,21,90,Medium,Performance,None,2026-12-30,5
EMP01647,Employee_1647,21,Female,Operations,Coordinator,Bachelor,Bhubaneswar,2019-10-15,0,MGR065,2026-08-01,Present,09:40,18:41,0,9.6,Yes,Verified,Failed,Yes,Morning,3.3,Yes,Sick,9,21,Rejected,7.4,7.4,8.0,78988,16202,7822,87368,87,62,75,3,34,Power BI,47,49,Neutral,No,53,95,Low,None,Attrition,2026-10-15,8
EMP01648,Employee_1648,32,Female,Sales,Manager,B.Tech,Bangalore,2024-07-20,6,MGR064,2026-08-01,Present,08:16,18:54,0,7.9,Yes,Failed,Failed,Yes,Morning,1.9,Yes,None,0,24,Approved,8.8,4.7,3.1,126723,7565,7238,127050,100,44,58,4,57,SAP,48,90,Positive,No,59,50,Low,Leave,Payroll,2026-07-20,8
EMP01649,Employee_1649,26,Female,Operations,Engineer,B.Tech,Hyderabad,2024-02-07,20,MGR020,2026-08-01,Present,09:45,20:16,0,7.2,Yes,Failed,Success,Yes,Evening,2.7,Yes,Casual,4,13,Pending,6.3,4.3,4.5,90702,9405,2861,97246,68,88,87,4,64,SQL,81,49,Neutral,No,40,88,High,Late,Attrition,2026-02-07,10
EMP01650,Employee_1650,58,Female,IT,Engineer,Master,Bhubaneswar,2021-06-17,19,MGR067,2026-08-01,Present,08:14,20:10,0,9.1,Yes,Verified,Failed,Yes,Night,3.9,No,Casual,9,15,Approved,6.9,5.8,6.0,109584,11277,52,120809,67,59,69,4,49,Excel,84,58,Neutral,No,43,61,Medium,Performance,Payroll,2026-06-17,10
EMP01651,Employee_1651,54,Male,Finance,Specialist,MBA,Delhi,2019-05-12,17,MGR010,2026-08-01,Present,09:27,20:35,0,8.6,Yes,Verified,Success,Yes,Night,3.3,Yes,Casual,11,4,Approved,8.8,4.4,3.5,134766,5420,1212,138974,87,61,95,3,21,Power BI,41,86,Neutral,No,83,87,Medium,Leave,Attrition,2026-05-12,1
EMP01652,Employee_1652,26,Male,Support,Engineer,MBA,Pune,2020-05-06,1,MGR062,2026-08-01,Present,08:32,18:18,0,7.2,Yes,Verified,Success,Yes,Evening,3.2,No,Earned,15,30,Pending,8.1,6.7,8.0,96545,3365,916,98994,98,63,91,5,15,SAP,97,100,Positive,No,92,24,Low,None,Attrition,2026-05-06,6
EMP01653,Employee_1653,47,Female,Support,Manager,MBA,Chennai,2020-12-10,2,MGR057,2026-08-01,Present,10:35,19:16,74,7.5,Yes,Verified,Success,Yes,Morning,1.3,Yes,Earned,2,27,Approved,6.9,5.9,7.0,121556,18462,1205,138813,61,92,93,4,16,Java,42,52,Positive,No,82,51,High,Leave,None,2026-12-10,7
EMP01654,Employee_1654,21,Male,Marketing,Manager,Master,Delhi,2021-03-01,0,MGR078,2026-08-01,Present,09:10,18:49,0,9.9,Yes,Verified,Failed,Yes,Evening,4.4,Yes,None,3,27,Rejected,7.8,6.4,6.8,127476,10924,4392,134008,77,61,97,2,73,SQL,28,46,Positive,No,81,63,Low,Performance,None,2026-03-01,6
EMP01655,Employee_1655,48,Female,Sales,Executive,Bachelor,Chennai,2023-01-08,18,MGR068,2026-08-01,Absent,09:27,19:51,0,9.5,Yes,Failed,Success,Yes,Morning,1.4,No,Casual,3,0,Approved,8.9,8.0,7.0,136095,15925,1103,150917,59,81,83,5,46,SAP,78,59,Positive,No,18,43,Medium,None,Payroll,2026-01-08,1
EMP01656,Employee_1656,56,Male,HR,Executive,B.Tech,Delhi,2022-06-23,15,MGR026,2026-08-01,Present,10:03,20:49,78,8.0,Yes,Failed,Success,Yes,Night,0.0,No,Earned,17,14,Pending,7.4,4.4,7.7,36723,3463,8900,31286,86,60,68,4,3,Power BI,24,46,Positive,No,46,23,High,Performance,Compliance,2026-06-23,10
EMP01657,Employee_1657,27,Female,Marketing,Manager,MBA,Bhubaneswar,2022-04-17,20,MGR019,2026-08-01,Present,10:17,20:03,79,7.5,Yes,Failed,Success,Yes,Night,2.5,Yes,None,7,6,Rejected,6.3,5.2,4.8,85814,717,744,85787,53,57,50,4,73,HRMS,89,96,Positive,No,64,18,High,Late,Compliance,2026-04-17,6
EMP01658,Employee_1658,21,Female,IT,Engineer,B.Tech,Bangalore,2024-05-14,14,MGR018,2026-08-01,Present,09:02,19:25,0,8.4,Yes,Verified,Failed,Yes,Night,3.7,Yes,Sick,6,30,Rejected,7.5,7.9,3.4,80814,5509,1946,84377,70,82,65,5,60,Java,47,90,Negative,No,17,64,High,Late,None,2026-05-14,12
EMP01659,Employee_1659,52,Male,Marketing,Manager,Master,Pune,2022-06-30,19,MGR011,2026-08-01,Absent,10:59,18:27,64,9.7,Yes,Verified,Success,Yes,Night,0.8,Yes,None,14,8,Pending,6.4,4.7,6.4,61472,18970,6877,73565,84,75,95,2,21,Excel,74,68,Negative,No,72,0,High,Performance,Attrition,2026-06-30,1
EMP01660,Employee_1660,39,Male,HR,Analyst,Master,Delhi,2018-10-11,18,MGR028,2026-08-01,Present,09:06,18:57,0,7.6,Yes,Verified,Success,Yes,Night,2.1,No,None,5,1,Rejected,6.6,6.9,6.9,114931,5665,4382,116214,92,86,66,4,18,SAP,3,90,Negative,No,75,27,Low,None,None,2026-10-11,4
EMP01661,Employee_1661,40,Female,HR,Specialist,Master,Pune,2021-02-14,20,MGR046,2026-08-01,Present,09:38,20:51,0,9.1,Yes,Failed,Success,Yes,Night,5.2,Yes,Earned,9,8,Rejected,7.7,6.8,3.8,140511,1373,5415,136469,91,68,66,3,69,Power BI,21,52,Positive,No,78,51,Medium,Late,Payroll,2026-02-14,1
EMP01662,Employee_1662,29,Female,Finance,Specialist,MCA,Hyderabad,2021-05-25,1,MGR053,2026-08-01,Present,09:05,18:17,0,8.0,Yes,Verified,Success,Yes,Evening,3.4,Yes,None,8,5,Rejected,6.8,7.4,2.7,37267,15905,4795,48377,85,46,56,5,52,Python,58,65,Positive,No,22,2,High,Performance,Compliance,2026-05-25,7
EMP01663,Employee_1663,33,Male,Support,Manager,Bachelor,Bhubaneswar,2020-01-12,18,MGR017,2026-08-01,Present,08:13,18:37,0,8.1,Yes,Verified,Success,Yes,Night,1.9,No,Earned,5,27,Rejected,8.1,5.1,7.7,45509,1545,6220,40834,75,87,57,2,62,Power BI,98,57,Neutral,No,27,62,High,Late,None,2026-01-12,9
EMP01664,Employee_1664,38,Female,IT,Analyst,Master,Pune,2024-03-25,9,MGR037,2026-08-01,Present,10:30,18:36,75,8.9,Yes,Failed,Success,Yes,Night,4.1,No,Casual,1,9,Rejected,6.4,6.5,3.5,144858,1559,5057,141360,55,46,67,5,3,SAP,83,75,Positive,No,39,55,High,Performance,Payroll,2026-03-25,10
EMP01665,Employee_1665,35,Female,IT,Manager,B.Tech,Bhubaneswar,2019-06-25,13,MGR039,2026-08-01,Present,10:36,18:08,60,9.5,Yes,Verified,Failed,Yes,Evening,1.7,Yes,Earned,7,23,Pending,6.1,4.1,7.1,47668,15148,1876,60940,95,76,73,4,20,Java,15,57,Positive,No,91,35,High,Leave,Attrition,2026-06-25,5
EMP01666,Employee_1666,26,Male,Operations,Analyst,B.Tech,Bangalore,2022-07-31,7,MGR046,2026-08-01,WFH,09:31,19:40,0,8.7,Yes,Failed,Success,Yes,Night,3.0,No,Earned,6,10,Pending,7.4,5.7,4.3,35420,16403,688,51135,77,71,74,5,50,SAP,32,76,Negative,No,21,28,Medium,None,Attrition,2026-07-31,10
EMP01667,Employee_1667,43,Male,Operations,Engineer,MBA,Chennai,2021-02-14,9,MGR018,2026-08-01,Present,08:25,18:00,0,7.0,Yes,Failed,Failed,Yes,Morning,3.4,No,None,4,26,Approved,7.0,6.0,6.6,39497,13868,4191,49174,85,52,77,3,46,SQL,97,58,Neutral,No,84,7,Medium,None,Compliance,2026-02-14,8
EMP01668,Employee_1668,41,Female,Marketing,Engineer,MBA,Bhubaneswar,2022-08-18,0,MGR070,2026-08-01,Present,09:22,18:57,0,8.8,Yes,Verified,Failed,Yes,Morning,4.6,No,Sick,6,28,Pending,6.3,7.6,7.9,100583,1086,595,101074,52,48,96,5,77,Java,22,86,Positive,No,15,85,High,Leave,Payroll,2026-08-18,1
EMP01669,Employee_1669,57,Female,Marketing,Engineer,MBA,Bhubaneswar,2020-02-23,19,MGR057,2026-08-01,Present,08:25,19:20,0,9.7,Yes,Verified,Success,Yes,Morning,5.1,Yes,None,3,3,Rejected,7.4,4.0,2.8,69158,18787,5845,82100,52,82,65,4,19,AWS,25,74,Positive,No,60,9,Medium,Leave,None,2026-02-23,8
EMP01670,Employee_1670,55,Male,Support,Analyst,Bachelor,Hyderabad,2024-07-01,13,MGR071,2026-08-01,Present,09:11,19:07,0,7.4,Yes,Verified,Success,Yes,Morning,5.7,Yes,None,2,11,Approved,7.6,7.1,3.5,69293,2400,5104,66589,52,95,63,5,46,AWS,80,77,Negative,No,60,59,Low,None,Compliance,2026-07-01,11
EMP01671,Employee_1671,45,Female,Operations,Executive,Master,Delhi,2019-03-16,3,MGR026,2026-08-01,Absent,09:51,19:11,0,7.2,Yes,Verified,Failed,Yes,Evening,5.7,No,None,2,24,Pending,6.0,7.4,3.7,65672,6483,4180,67975,96,47,94,3,16,Python,43,85,Negative,No,45,76,High,Leave,Payroll,2026-03-16,8
EMP01672,Employee_1672,54,Male,IT,Coordinator,Master,Hyderabad,2022-03-05,7,MGR028,2026-08-01,WFH,09:15,19:58,0,8.9,Yes,Verified,Success,Yes,Evening,5.4,Yes,None,19,21,Approved,7.3,5.4,4.2,80792,2020,456,82356,59,61,70,3,33,Excel,64,67,Negative,Yes,58,11,Low,Late,Payroll,2026-03-05,9
EMP01673,Employee_1673,51,Male,Marketing,Manager,MCA,Hyderabad,2023-06-16,12,MGR032,2026-08-01,Present,10:25,19:12,60,7.3,Yes,Verified,Failed,Yes,Night,3.2,No,Casual,6,22,Rejected,7.2,4.8,5.5,117070,19542,1013,135599,71,59,81,2,2,SQL,85,45,Positive,No,20,36,Low,Leave,Compliance,2026-06-16,10
EMP01674,Employee_1674,55,Male,Support,Manager,B.Tech,Hyderabad,2020-07-20,19,MGR049,2026-08-01,Present,10:03,18:35,68,9.0,Yes,Verified,Success,Yes,Evening,2.9,No,None,5,12,Pending,7.6,4.8,4.0,47306,16768,2442,61632,83,99,60,5,79,Power BI,34,95,Negative,No,46,16,Low,Leave,None,2026-07-20,7
EMP01675,Employee_1675,46,Male,Support,Executive,Master,Delhi,2024-02-16,4,MGR030,2026-08-01,Present,10:38,18:37,69,7.9,Yes,Failed,Failed,Yes,Night,3.6,No,Sick,18,11,Pending,8.4,5.7,6.1,112347,12759,434,124672,50,95,62,3,15,HRMS,64,97,Neutral,No,56,74,Low,Performance,Payroll,2026-02-16,9
EMP01676,Employee_1676,54,Male,Sales,Executive,Bachelor,Delhi,2019-04-12,11,MGR078,2026-08-01,Present,09:40,18:39,0,9.2,Yes,Verified,Success,Yes,Night,5.6,Yes,Earned,19,9,Pending,8.0,5.9,5.5,63645,10556,4663,69538,57,74,82,5,36,Java,5,86,Positive,No,42,57,High,None,Compliance,2026-04-12,4
EMP01677,Employee_1677,31,Female,HR,Coordinator,MCA,Bhubaneswar,2018-12-27,8,MGR047,2026-08-01,Present,10:59,18:11,72,9.8,Yes,Failed,Failed,Yes,Evening,5.2,Yes,Casual,11,3,Rejected,8.5,8.0,7.4,114483,16913,4234,127162,98,98,90,3,39,SAP,47,67,Negative,No,39,50,Medium,None,Compliance,2026-12-27,8
EMP01678,Employee_1678,50,Male,Operations,Coordinator,Master,Hyderabad,2018-04-07,0,MGR049,2026-08-01,Present,09:11,18:46,0,9.9,Yes,Verified,Success,Yes,Evening,4.8,Yes,Casual,14,24,Rejected,7.9,5.8,7.9,117945,5375,3159,120161,92,61,55,2,79,HRMS,81,51,Negative,No,43,47,Low,Leave,None,2026-04-07,6
EMP01679,Employee_1679,54,Female,Support,Manager,Master,Bangalore,2022-01-23,19,MGR020,2026-08-01,Present,10:30,18:11,78,8.1,Yes,Failed,Failed,Yes,Evening,1.6,No,Sick,11,29,Pending,8.5,4.5,7.0,128558,18622,8402,138778,70,58,96,2,64,SAP,22,93,Negative,No,24,23,High,Performance,Attrition,2026-01-23,4
EMP01680,Employee_1680,30,Male,HR,Analyst,Bachelor,Pune,2020-10-14,2,MGR078,2026-08-01,WFH,09:47,19:22,0,9.6,Yes,Verified,Success,Yes,Morning,3.3,Yes,Sick,7,20,Approved,7.2,5.7,2.4,28748,14039,3530,39257,72,84,77,5,60,Java,71,87,Neutral,No,36,63,Medium,Performance,None,2026-10-14,4
EMP01681,Employee_1681,45,Female,Support,Analyst,B.Tech,Hyderabad,2018-03-08,16,MGR034,2026-08-01,Absent,09:01,19:14,0,9.9,Yes,Verified,Failed,Yes,Night,1.7,No,Sick,16,17,Pending,6.5,6.0,5.8,112533,1766,2088,112211,74,86,57,5,57,Power BI,59,57,Neutral,No,17,1,Low,Leave,None,2026-03-08,1
EMP01682,Employee_1682,26,Female,HR,Specialist,MCA,Hyderabad,2022-03-11,18,MGR057,2026-08-01,Present,10:00,18:38,77,8.4,Yes,Verified,Success,Yes,Night,3.8,No,None,5,25,Rejected,7.4,8.0,5.8,28676,7720,6111,30285,93,60,64,5,36,HRMS,13,46,Neutral,No,52,80,Medium,Late,Payroll,2026-03-11,11
EMP01683,Employee_1683,25,Male,IT,Analyst,MCA,Chennai,2018-05-04,7,MGR077,2026-08-01,Present,09:07,18:49,0,8.3,Yes,Failed,Success,Yes,Night,5.4,Yes,Sick,5,25,Approved,6.4,7.0,7.2,39882,11858,9051,42689,66,60,100,2,7,HRMS,3,83,Neutral,No,19,94,Low,Performance,Attrition,2026-05-04,7
EMP01684,Employee_1684,24,Female,Operations,Analyst,B.Tech,Hyderabad,2023-03-31,0,MGR046,2026-08-01,Present,08:34,18:11,0,8.7,Yes,Verified,Success,Yes,Night,2.2,Yes,Sick,17,23,Pending,6.1,6.5,3.6,75337,326,7012,68651,83,76,98,2,24,AWS,28,46,Neutral,No,34,94,Low,Leave,Attrition,2026-03-31,2
EMP01685,Employee_1685,39,Male,IT,Executive,MCA,Delhi,2021-12-08,4,MGR050,2026-08-01,Present,09:44,18:20,0,9.8,Yes,Verified,Success,Yes,Morning,3.9,Yes,Earned,2,25,Rejected,7.6,5.6,6.3,57526,8536,1293,64769,76,98,89,2,34,AWS,96,65,Negative,No,90,35,Medium,None,Compliance,2026-12-08,2
EMP01686,Employee_1686,32,Male,Marketing,Coordinator,MBA,Hyderabad,2022-03-16,20,MGR078,2026-08-01,Present,09:13,18:29,0,9.0,Yes,Failed,Success,Yes,Evening,4.4,No,Sick,18,8,Rejected,8.0,4.2,6.8,68306,18520,1699,85127,98,54,53,5,61,SAP,14,96,Neutral,No,93,49,Medium,None,Compliance,2026-03-16,9
EMP01687,Employee_1687,25,Male,Operations,Coordinator,Master,Pune,2022-09-25,16,MGR008,2026-08-01,Present,08:02,19:29,0,7.0,Yes,Failed,Failed,Yes,Evening,6.9,No,Sick,16,8,Pending,8.6,4.9,7.9,83271,13388,1103,95556,93,48,72,3,51,SAP,17,45,Negative,Yes,18,72,High,Leave,None,2026-09-25,2
EMP01688,Employee_1688,29,Male,Sales,Manager,MBA,Bhubaneswar,2018-02-01,9,MGR056,2026-08-01,Present,10:56,18:54,68,7.0,Yes,Failed,Failed,Yes,Night,0.0,No,Earned,11,9,Rejected,8.4,5.2,4.7,77692,11586,8607,80671,78,50,60,3,22,AWS,41,100,Neutral,No,84,92,High,Late,None,2026-02-01,5
EMP01689,Employee_1689,30,Female,Sales,Coordinator,Bachelor,Delhi,2024-04-27,19,MGR006,2026-08-01,Present,09:30,19:15,0,7.3,Yes,Verified,Success,Yes,Evening,1.5,Yes,Earned,2,21,Pending,8.6,6.3,3.3,119516,16130,3290,132356,84,60,57,2,44,SQL,80,58,Negative,No,45,5,High,None,Attrition,2026-04-27,5
EMP01690,Employee_1690,55,Male,HR,Specialist,MCA,Bangalore,2022-11-03,3,MGR007,2026-08-01,Present,09:54,20:02,0,8.0,Yes,Failed,Success,Yes,Evening,5.0,No,None,4,8,Approved,7.1,6.8,7.5,102023,15011,8548,108486,76,77,95,3,52,SAP,91,55,Positive,No,57,34,High,Performance,Attrition,2026-11-03,1
EMP01691,Employee_1691,56,Male,Finance,Executive,Bachelor,Bangalore,2023-06-14,3,MGR052,2026-08-01,Absent,08:47,19:11,0,8.8,Yes,Failed,Success,Yes,Night,4.3,Yes,Earned,6,7,Pending,6.5,6.3,2.4,134987,4163,3429,135721,66,50,75,5,69,AWS,94,83,Neutral,No,47,50,Low,Performance,Payroll,2026-06-14,9
EMP01692,Employee_1692,33,Male,Finance,Manager,Master,Bhubaneswar,2024-10-15,15,MGR078,2026-08-01,Present,10:13,19:44,67,8.6,Yes,Verified,Success,Yes,Evening,5.5,No,None,4,9,Pending,7.2,5.0,7.1,106722,2527,3759,105490,69,83,99,2,37,SQL,51,99,Positive,No,21,54,High,Performance,Payroll,2026-10-15,2
EMP01693,Employee_1693,29,Male,IT,Coordinator,Bachelor,Pune,2023-06-18,12,MGR003,2026-08-01,Present,08:43,20:01,0,9.1,Yes,Failed,Success,Yes,Evening,4.3,Yes,Casual,14,23,Rejected,8.0,4.4,5.0,58719,14440,4354,68805,82,96,82,2,64,Python,56,91,Positive,No,45,19,Low,Performance,Payroll,2026-06-18,4
EMP01694,Employee_1694,48,Female,Sales,Engineer,MBA,Delhi,2018-03-15,10,MGR067,2026-08-01,Present,10:50,19:03,74,7.3,Yes,Verified,Failed,Yes,Morning,3.5,Yes,Sick,14,25,Rejected,7.0,5.1,2.4,44860,12426,9807,47479,68,84,74,3,44,SQL,55,97,Neutral,No,84,21,Low,Late,Attrition,2026-03-15,2
EMP01695,Employee_1695,48,Male,Support,Coordinator,B.Tech,Bangalore,2024-10-05,0,MGR009,2026-08-01,Present,09:16,20:41,0,9.6,Yes,Verified,Success,Yes,Morning,3.6,Yes,Casual,3,4,Rejected,7.0,4.4,5.5,86647,1970,9585,79032,76,53,66,5,70,SQL,29,41,Positive,No,48,87,Low,Performance,Compliance,2026-10-05,6
EMP01696,Employee_1696,21,Female,Marketing,Analyst,MCA,Pune,2022-05-21,12,MGR022,2026-08-01,Absent,10:00,19:59,63,8.3,Yes,Verified,Success,Yes,Morning,3.7,Yes,Earned,10,21,Rejected,6.2,5.4,5.0,149867,19739,3925,165681,54,90,74,3,11,Excel,91,49,Negative,No,79,55,Medium,Late,Attrition,2026-05-21,7
EMP01697,Employee_1697,44,Male,IT,Executive,MBA,Chennai,2019-04-08,6,MGR050,2026-08-01,Present,09:11,19:04,0,7.9,Yes,Failed,Failed,Yes,Night,1.2,No,None,17,30,Rejected,8.9,6.7,2.8,98588,15714,9160,105142,54,60,95,2,20,SQL,19,45,Negative,No,90,79,Low,Late,Attrition,2026-04-08,4
EMP01698,Employee_1698,53,Female,Marketing,Coordinator,MBA,Pune,2018-03-12,7,MGR060,2026-08-01,Present,08:29,19:27,0,9.8,Yes,Failed,Failed,Yes,Night,5.3,No,None,12,0,Rejected,7.8,5.2,2.8,129396,7697,2616,134477,80,48,99,2,43,Java,95,40,Positive,No,73,49,Medium,Leave,None,2026-03-12,4
EMP01699,Employee_1699,44,Female,Finance,Specialist,MBA,Bangalore,2020-08-27,5,MGR066,2026-08-01,Present,08:55,18:16,0,7.3,Yes,Verified,Success,Yes,Night,5.2,Yes,Casual,8,11,Pending,7.6,5.7,2.7,72319,5104,2214,75209,63,87,62,4,27,Python,44,67,Positive,No,90,29,Low,None,None,2026-08-27,11
EMP01700,Employee_1700,60,Male,Marketing,Engineer,Bachelor,Bangalore,2020-09-26,11,MGR023,2026-08-01,Present,09:09,18:52,0,7.4,Yes,Verified,Failed,Yes,Night,2.0,Yes,Casual,4,21,Rejected,6.1,5.9,5.4,116293,13776,7690,122379,64,53,52,3,76,SQL,24,73,Negative,No,87,10,High,Performance,None,2026-09-26,3
EMP01701,Employee_1701,36,Male,Support,Manager,MCA,Pune,2018-03-15,5,MGR070,2026-08-01,Present,10:23,20:45,64,8.7,Yes,Verified,Failed,Yes,Night,1.1,No,Earned,16,21,Rejected,7.3,4.1,4.4,96512,3906,4357,96061,81,76,53,2,22,Java,36,66,Neutral,No,44,20,Low,Leave,Attrition,2026-03-15,5
EMP01702,Employee_1702,30,Male,Support,Executive,MBA,Hyderabad,2023-10-08,4,MGR020,2026-08-01,Absent,09:40,19:35,0,8.7,Yes,Verified,Success,Yes,Evening,2.2,No,Earned,0,17,Rejected,7.7,7.4,3.2,114966,15459,479,129946,75,52,91,3,77,SQL,42,97,Negative,No,60,45,High,Performance,Attrition,2026-10-08,11
EMP01703,Employee_1703,41,Male,Sales,Executive,MCA,Bangalore,2023-11-20,20,MGR023,2026-08-01,Absent,08:12,18:16,0,8.0,Yes,Verified,Success,Yes,Night,2.5,Yes,None,8,29,Pending,7.1,7.3,5.6,141332,11153,4541,147944,76,91,55,4,37,Java,84,67,Neutral,No,57,66,High,Leave,None,2026-11-20,9
EMP01704,Employee_1704,27,Female,Support,Analyst,Master,Bangalore,2024-10-20,6,MGR044,2026-08-01,Absent,09:58,20:26,0,7.0,Yes,Verified,Failed,Yes,Evening,6.4,No,Casual,15,5,Rejected,8.3,7.9,2.1,31440,15839,708,46571,92,59,68,2,27,HRMS,2,91,Negative,Yes,44,68,High,Leave,Attrition,2026-10-20,12
EMP01705,Employee_1705,48,Male,Support,Executive,MCA,Chennai,2018-09-29,0,MGR005,2026-08-01,Absent,10:37,20:30,63,9.8,Yes,Verified,Failed,Yes,Morning,1.2,Yes,Earned,10,11,Rejected,8.1,7.1,4.8,77776,17146,2129,92793,67,67,78,5,32,Excel,24,59,Positive,No,82,90,High,Performance,None,2026-09-29,6
EMP01706,Employee_1706,33,Female,Support,Engineer,Bachelor,Pune,2021-10-16,4,MGR063,2026-08-01,Present,09:39,19:44,0,7.7,Yes,Failed,Failed,Yes,Evening,3.0,Yes,Sick,0,0,Approved,7.2,4.5,6.1,116088,6537,3384,119241,57,61,97,2,66,AWS,19,64,Positive,No,31,26,Low,None,Attrition,2026-10-16,12
EMP01707,Employee_1707,44,Female,IT,Analyst,Bachelor,Bhubaneswar,2023-11-01,16,MGR054,2026-08-01,Present,09:32,18:30,0,7.5,Yes,Verified,Failed,Yes,Evening,0.6,Yes,None,17,24,Rejected,7.6,5.1,4.6,79892,4621,524,83989,95,68,96,4,32,SQL,70,98,Positive,No,74,88,Low,Performance,None,2026-11-01,11
EMP01708,Employee_1708,31,Male,Sales,Executive,Master,Hyderabad,2021-12-28,6,MGR077,2026-08-01,Present,08:14,19:28,0,9.2,Yes,Failed,Failed,Yes,Night,3.5,No,Casual,6,10,Pending,7.4,4.9,4.8,102324,8867,8613,102578,71,69,57,2,39,SAP,23,68,Neutral,No,68,76,Low,None,None,2026-12-28,8
EMP01709,Employee_1709,42,Female,Finance,Engineer,Master,Pune,2018-10-31,7,MGR076,2026-08-01,Present,09:28,19:42,0,9.1,Yes,Verified,Success,Yes,Night,3.0,Yes,Sick,16,26,Rejected,7.0,7.8,5.2,114613,4751,1760,117604,76,45,63,2,50,Java,24,49,Positive,No,57,72,Low,Performance,Compliance,2026-10-31,3
EMP01710,Employee_1710,53,Female,HR,Analyst,MBA,Bangalore,2023-09-03,2,MGR001,2026-08-01,WFH,09:50,20:38,0,8.7,Yes,Failed,Failed,Yes,Night,5.1,No,Earned,14,13,Rejected,6.0,6.7,4.4,124287,11117,4260,131144,76,98,92,4,49,SAP,73,53,Negative,No,82,94,Low,Performance,Compliance,2026-09-03,7
EMP01711,Employee_1711,32,Male,Sales,Coordinator,MCA,Delhi,2018-05-12,7,MGR032,2026-08-01,Present,09:56,18:06,0,9.7,Yes,Verified,Success,Yes,Morning,0.6,No,None,18,16,Rejected,6.6,6.4,6.7,121466,17482,9817,129131,59,85,95,5,48,Java,99,65,Neutral,No,46,32,Medium,Performance,Compliance,2026-05-12,12
EMP01712,Employee_1712,45,Female,Operations,Specialist,MCA,Chennai,2019-12-31,9,MGR065,2026-08-01,Absent,09:53,18:48,0,9.5,Yes,Verified,Failed,Yes,Evening,1.7,No,Earned,20,9,Approved,6.0,4.5,8.0,27944,11975,4999,34920,97,49,64,4,38,Excel,84,68,Positive,No,47,22,High,Leave,Compliance,2026-12-31,11
EMP01713,Employee_1713,31,Female,Support,Analyst,MCA,Pune,2023-08-24,19,MGR054,2026-08-01,Present,10:14,20:43,61,9.7,Yes,Verified,Failed,Yes,Evening,3.4,No,None,14,5,Approved,6.0,4.5,6.9,111507,8930,9953,110484,70,90,86,3,69,Python,42,64,Positive,No,32,23,Low,Leave,Attrition,2026-08-24,11
EMP01714,Employee_1714,55,Male,HR,Executive,MCA,Hyderabad,2018-05-26,0,MGR079,2026-08-01,Present,09:17,18:36,0,9.5,Yes,Failed,Success,Yes,Evening,1.5,No,None,5,14,Rejected,7.8,4.7,8.0,56039,6250,7601,54688,98,40,52,2,67,Power BI,84,48,Neutral,No,44,87,High,None,Compliance,2026-05-26,1
EMP01715,Employee_1715,33,Female,Finance,Analyst,B.Tech,Hyderabad,2022-04-20,3,MGR048,2026-08-01,Present,08:56,18:32,0,7.4,Yes,Verified,Success,Yes,Morning,4.9,Yes,Casual,15,23,Rejected,7.7,4.2,2.2,61621,3971,9482,56110,65,51,62,2,20,SQL,27,76,Negative,No,91,87,Low,Leave,None,2026-04-20,5
EMP01716,Employee_1716,27,Female,Support,Specialist,Bachelor,Pune,2020-02-04,2,MGR007,2026-08-01,Present,09:05,20:52,0,9.5,Yes,Verified,Success,Yes,Night,3.0,Yes,None,7,0,Pending,7.8,6.0,3.8,29747,5638,2252,33133,92,90,61,4,69,SQL,37,99,Negative,No,41,81,Medium,None,Payroll,2026-02-04,12
EMP01717,Employee_1717,22,Male,Marketing,Coordinator,Bachelor,Bhubaneswar,2019-05-16,11,MGR036,2026-08-01,Present,10:13,20:07,78,9.4,Yes,Failed,Success,Yes,Morning,0.3,Yes,Sick,17,3,Approved,8.8,7.8,6.0,88637,13322,3957,98002,85,73,58,2,3,HRMS,33,82,Neutral,No,58,18,High,None,None,2026-05-16,10
EMP01718,Employee_1718,48,Female,IT,Coordinator,MCA,Bangalore,2024-02-19,19,MGR059,2026-08-01,Present,09:40,20:44,0,7.4,Yes,Failed,Failed,Yes,Evening,3.5,No,Sick,20,13,Rejected,8.2,6.5,2.6,117476,16213,3120,130569,98,67,78,3,9,Power BI,59,92,Negative,No,49,34,High,None,None,2026-02-19,4
EMP01719,Employee_1719,58,Female,Support,Analyst,B.Tech,Chennai,2018-03-31,6,MGR003,2026-08-01,Present,09:27,20:32,0,8.4,Yes,Failed,Success,Yes,Morning,5.2,Yes,None,10,22,Rejected,8.9,4.5,6.2,57515,5409,5070,57854,84,84,72,3,36,Python,34,40,Positive,No,61,96,Low,Performance,Attrition,2026-03-31,9
EMP01720,Employee_1720,31,Female,Support,Specialist,MBA,Delhi,2020-11-13,3,MGR080,2026-08-01,Present,09:26,18:18,0,8.0,Yes,Failed,Failed,Yes,Night,2.7,Yes,Earned,1,17,Approved,6.8,5.9,2.2,66846,14149,2129,78866,92,87,77,2,38,SAP,86,46,Neutral,No,28,74,Low,Late,Attrition,2026-11-13,10
EMP01721,Employee_1721,40,Male,HR,Specialist,Master,Pune,2023-10-04,19,MGR059,2026-08-01,Present,08:41,18:13,0,7.4,Yes,Failed,Success,Yes,Morning,2.4,No,Casual,8,1,Rejected,7.1,5.0,5.7,54533,6289,8919,51903,50,52,66,4,32,Python,43,74,Neutral,No,65,45,High,Leave,None,2026-10-04,10
EMP01722,Employee_1722,39,Female,Support,Coordinator,MCA,Chennai,2023-04-13,4,MGR003,2026-08-01,Present,09:17,19:23,0,7.8,Yes,Failed,Success,Yes,Morning,4.4,Yes,None,7,26,Approved,8.4,7.6,5.4,148614,1138,4113,145639,68,99,87,4,37,Java,16,51,Negative,No,40,18,High,Leave,Attrition,2026-04-13,5
EMP01723,Employee_1723,38,Female,Support,Coordinator,MBA,Bhubaneswar,2019-09-29,18,MGR039,2026-08-01,WFH,09:34,20:43,0,8.1,Yes,Verified,Success,Yes,Evening,7.1,Yes,Casual,19,16,Rejected,8.8,4.1,6.3,122179,7194,57,129316,71,86,86,5,20,AWS,13,50,Positive,No,25,64,High,Leave,Attrition,2026-09-29,3
EMP01724,Employee_1724,44,Female,IT,Coordinator,B.Tech,Bangalore,2020-09-29,0,MGR007,2026-08-01,WFH,08:18,20:52,0,7.6,Yes,Verified,Failed,Yes,Morning,1.7,Yes,Sick,2,12,Pending,6.0,6.7,5.8,142038,12320,6048,148310,98,61,95,5,51,Java,11,56,Neutral,No,66,26,Medium,Late,Compliance,2026-09-29,12
EMP01725,Employee_1725,28,Female,Support,Manager,B.Tech,Chennai,2022-04-19,12,MGR041,2026-08-01,Absent,09:25,19:00,0,8.2,Yes,Verified,Success,Yes,Evening,1.5,No,Earned,14,3,Pending,6.3,4.2,5.4,116764,3324,6439,113649,76,69,86,4,49,Excel,78,96,Positive,No,45,74,High,Performance,Compliance,2026-04-19,4
EMP01726,Employee_1726,41,Male,Finance,Executive,Master,Chennai,2021-06-28,16,MGR027,2026-08-01,WFH,09:38,19:28,0,8.3,Yes,Verified,Success,Yes,Evening,4.7,Yes,Casual,6,22,Approved,7.2,7.8,2.7,103722,5640,8245,101117,80,100,84,5,54,SAP,49,89,Negative,No,15,47,Low,Leave,Payroll,2026-06-28,1
EMP01727,Employee_1727,60,Male,Operations,Coordinator,B.Tech,Bhubaneswar,2020-04-19,16,MGR040,2026-08-01,Present,09:35,19:24,0,7.0,Yes,Failed,Failed,Yes,Evening,6.5,No,Earned,3,9,Pending,8.4,4.1,7.1,113141,11879,5068,119952,62,82,60,5,36,Power BI,68,89,Neutral,No,61,22,Low,Performance,None,2026-04-19,10
EMP01728,Employee_1728,48,Female,Sales,Engineer,MCA,Bhubaneswar,2019-08-04,12,MGR006,2026-08-01,WFH,08:57,18:31,0,9.0,Yes,Verified,Failed,Yes,Morning,1.4,No,Sick,14,22,Pending,7.2,7.8,4.8,78752,12690,5515,85927,77,66,72,3,60,SQL,53,56,Positive,No,30,20,Medium,None,Compliance,2026-08-04,4
EMP01729,Employee_1729,26,Female,Sales,Manager,MCA,Chennai,2020-11-12,5,MGR055,2026-08-01,Present,10:51,20:40,68,7.2,Yes,Failed,Failed,Yes,Evening,3.7,No,None,14,30,Rejected,6.7,6.1,6.6,59952,8603,9742,58813,81,40,64,3,80,Excel,95,47,Neutral,No,60,97,Medium,Performance,None,2026-11-12,6
EMP01730,Employee_1730,59,Male,Marketing,Coordinator,B.Tech,Bhubaneswar,2020-03-02,12,MGR073,2026-08-01,Present,09:11,19:39,0,8.6,Yes,Failed,Success,Yes,Evening,1.3,Yes,None,20,1,Approved,6.0,6.2,7.5,94834,10754,1419,104169,78,95,72,2,67,HRMS,27,75,Negative,No,93,97,Low,Leave,None,2026-03-02,5
EMP01731,Employee_1731,33,Female,Finance,Specialist,MBA,Bangalore,2021-01-02,18,MGR054,2026-08-01,Present,08:51,18:18,0,9.4,Yes,Verified,Failed,Yes,Night,3.7,Yes,Sick,12,27,Rejected,7.4,5.0,7.2,51372,117,6510,44979,87,73,95,2,62,AWS,67,85,Neutral,No,16,21,Medium,Late,Attrition,2026-01-02,2
EMP01732,Employee_1732,42,Female,Support,Manager,MBA,Hyderabad,2020-06-01,17,MGR080,2026-08-01,Present,10:55,20:28,79,9.7,Yes,Verified,Failed,Yes,Morning,2.7,Yes,Sick,19,4,Pending,6.2,5.1,4.1,85090,18614,3767,99937,93,68,90,3,66,Power BI,37,63,Negative,No,91,51,Medium,Late,Attrition,2026-06-01,4
EMP01733,Employee_1733,48,Male,HR,Executive,Master,Bangalore,2018-07-12,6,MGR072,2026-08-01,Present,09:25,20:40,0,7.7,Yes,Failed,Failed,Yes,Evening,4.9,No,None,2,23,Rejected,7.9,4.2,2.7,50611,14347,9590,55368,93,42,95,5,31,Java,26,47,Neutral,No,29,78,Low,Late,Payroll,2026-07-12,7
EMP01734,Employee_1734,44,Female,HR,Engineer,Bachelor,Hyderabad,2020-01-25,15,MGR040,2026-08-01,Present,08:52,18:14,0,8.9,Yes,Verified,Success,Yes,Evening,4.5,Yes,Earned,7,24,Approved,8.4,6.7,4.7,131806,6368,3920,134254,59,56,73,4,51,Java,88,60,Positive,No,25,86,Low,Performance,Attrition,2026-01-25,11
EMP01735,Employee_1735,48,Female,Finance,Manager,Master,Chennai,2024-07-22,10,MGR076,2026-08-01,Present,08:17,19:41,0,9.8,Yes,Verified,Success,Yes,Night,2.7,Yes,Sick,18,28,Rejected,7.9,5.7,3.5,30332,17994,9405,38921,51,66,93,5,10,Python,96,84,Negative,No,20,31,High,Late,Compliance,2026-07-22,2
EMP01736,Employee_1736,31,Female,Marketing,Manager,B.Tech,Bangalore,2020-01-07,1,MGR070,2026-08-01,Present,09:38,18:12,0,8.0,Yes,Verified,Failed,Yes,Night,3.0,No,Casual,0,1,Pending,6.4,6.9,4.1,141713,13076,8142,146647,83,87,50,3,35,Power BI,37,97,Negative,No,52,12,High,None,Attrition,2026-01-07,9
EMP01737,Employee_1737,52,Female,Marketing,Executive,Master,Bangalore,2024-04-05,8,MGR050,2026-08-01,Present,09:59,19:27,0,9.8,Yes,Verified,Failed,Yes,Morning,2.3,Yes,None,2,0,Rejected,7.5,5.9,3.4,128503,8073,6184,130392,82,68,100,4,63,Java,55,94,Neutral,No,39,64,High,Leave,None,2026-04-05,9
EMP01738,Employee_1738,42,Female,Finance,Engineer,MCA,Bangalore,2023-10-24,11,MGR066,2026-08-01,Present,09:30,20:16,0,7.5,Yes,Verified,Failed,Yes,Evening,2.6,Yes,None,11,11,Pending,8.1,5.8,6.8,29013,9256,4352,33917,91,86,66,5,65,Excel,0,96,Positive,No,76,97,Medium,None,None,2026-10-24,12
EMP01739,Employee_1739,44,Female,Sales,Executive,Bachelor,Bhubaneswar,2023-04-04,8,MGR024,2026-08-01,Present,09:37,20:15,0,8.8,Yes,Verified,Success,Yes,Evening,4.2,No,Casual,18,21,Approved,8.3,6.1,7.9,111457,19331,9051,121737,96,63,63,3,52,Excel,32,68,Negative,No,20,88,Medium,Performance,None,2026-04-04,5
EMP01740,Employee_1740,58,Male,Finance,Specialist,Master,Hyderabad,2022-12-24,18,MGR014,2026-08-01,Present,10:00,20:28,61,7.8,Yes,Failed,Success,Yes,Morning,0.0,Yes,None,11,24,Rejected,6.1,6.1,4.9,57816,11404,2148,67072,99,73,75,4,76,Java,48,44,Negative,No,45,10,Medium,Leave,Attrition,2026-12-24,2
EMP01741,Employee_1741,41,Female,Sales,Engineer,Master,Pune,2020-12-01,5,MGR036,2026-08-01,Present,08:59,18:11,0,9.8,Yes,Verified,Failed,Yes,Night,0.7,No,Earned,14,10,Approved,7.0,6.2,4.5,148294,3878,490,151682,79,97,63,4,54,Python,28,98,Positive,No,22,14,High,Late,Payroll,2026-12-01,6
EMP01742,Employee_1742,60,Female,Finance,Coordinator,Bachelor,Delhi,2024-04-19,11,MGR009,2026-08-01,Present,09:26,20:13,0,9.1,Yes,Verified,Failed,Yes,Evening,0.0,Yes,None,2,16,Approved,8.7,5.9,2.2,140326,9002,7905,141423,87,66,50,4,21,Excel,28,84,Negative,No,75,2,Medium,Performance,Compliance,2026-04-19,3
EMP01743,Employee_1743,48,Male,Finance,Specialist,B.Tech,Chennai,2023-07-04,19,MGR058,2026-08-01,WFH,09:32,19:04,0,7.4,Yes,Failed,Success,Yes,Evening,3.9,No,None,15,12,Approved,6.3,5.3,7.8,95826,3207,1681,97352,83,43,88,4,51,Power BI,83,87,Neutral,No,75,96,Medium,None,None,2026-07-04,9
EMP01744,Employee_1744,38,Male,Support,Engineer,B.Tech,Chennai,2024-06-08,1,MGR066,2026-08-01,Absent,08:14,19:42,0,8.7,Yes,Failed,Failed,Yes,Night,3.9,No,Sick,18,20,Rejected,6.6,6.6,2.4,98210,7553,4595,101168,99,72,100,3,40,Java,20,94,Positive,No,48,78,Medium,Leave,Compliance,2026-06-08,9
EMP01745,Employee_1745,47,Female,Marketing,Specialist,Bachelor,Hyderabad,2023-07-23,10,MGR028,2026-08-01,Present,09:52,18:43,0,7.9,Yes,Verified,Success,Yes,Night,5.7,Yes,Earned,13,6,Approved,8.4,7.9,6.0,66396,7454,8531,65319,53,73,56,5,76,Java,39,58,Negative,No,83,7,Low,None,Payroll,2026-07-23,3
EMP01746,Employee_1746,41,Female,Operations,Specialist,B.Tech,Hyderabad,2023-03-31,8,MGR068,2026-08-01,Present,09:10,20:27,0,7.2,Yes,Verified,Success,Yes,Evening,1.7,Yes,Earned,11,0,Approved,6.4,4.2,2.9,99935,4187,1524,102598,68,67,98,2,47,Power BI,8,80,Negative,No,26,19,Medium,Performance,Compliance,2026-03-31,5
EMP01747,Employee_1747,47,Female,Finance,Manager,B.Tech,Chennai,2021-04-04,20,MGR054,2026-08-01,Present,09:03,18:28,0,9.9,Yes,Verified,Success,Yes,Morning,0.0,Yes,Sick,19,22,Pending,7.5,7.9,3.4,119786,1247,6944,114089,82,96,83,3,16,AWS,99,84,Neutral,No,81,32,High,Late,Attrition,2026-04-04,2
EMP01748,Employee_1748,46,Male,Operations,Analyst,B.Tech,Delhi,2019-02-26,2,MGR065,2026-08-01,Present,09:51,19:58,0,9.4,Yes,Verified,Success,Yes,Night,3.9,Yes,Earned,20,4,Approved,7.8,5.9,3.6,135444,18229,5741,147932,82,81,79,2,8,AWS,61,45,Neutral,No,61,22,Low,None,None,2026-02-26,1
EMP01749,Employee_1749,48,Female,Support,Specialist,Bachelor,Bhubaneswar,2020-11-24,6,MGR057,2026-08-01,Absent,09:56,20:59,0,8.3,Yes,Verified,Success,Yes,Evening,2.8,Yes,None,18,1,Approved,8.4,5.8,3.8,30840,14228,5382,39686,63,70,100,4,64,Excel,57,81,Neutral,No,27,30,Low,Leave,Attrition,2026-11-24,1
EMP01750,Employee_1750,31,Male,Sales,Executive,MCA,Bangalore,2019-01-16,7,MGR050,2026-08-01,Present,09:06,18:18,0,7.4,Yes,Verified,Success,Yes,Night,2.3,No,Earned,12,7,Approved,6.4,6.4,4.4,122987,12130,6666,128451,58,72,57,2,10,Python,25,47,Negative,No,60,88,High,Leave,Compliance,2026-01-16,6
EMP01751,Employee_1751,52,Female,Sales,Specialist,MCA,Chennai,2024-08-13,16,MGR019,2026-08-01,Present,08:43,20:57,0,7.4,Yes,Failed,Success,Yes,Night,3.7,Yes,Casual,16,6,Rejected,6.4,6.0,3.2,113287,14033,4089,123231,58,75,83,3,20,Excel,79,51,Negative,No,68,40,Medium,None,Compliance,2026-08-13,9
EMP01752,Employee_1752,42,Female,Sales,Manager,MBA,Bangalore,2023-04-19,5,MGR038,2026-08-01,WFH,08:58,18:26,0,10.0,Yes,Failed,Success,Yes,Evening,4.7,Yes,Casual,11,23,Rejected,6.9,6.5,2.7,62435,9222,440,71217,93,46,50,4,60,SQL,60,92,Negative,No,68,65,High,Performance,Attrition,2026-04-19,6
EMP01753,Employee_1753,39,Male,Sales,Manager,Master,Pune,2020-04-14,6,MGR059,2026-08-01,Present,09:57,19:54,0,9.7,Yes,Failed,Success,Yes,Morning,3.1,No,Casual,10,8,Pending,6.8,7.8,6.3,69805,16321,9938,76188,57,50,60,4,48,AWS,9,58,Negative,No,91,30,Medium,Late,None,2026-04-14,1
EMP01754,Employee_1754,36,Female,Operations,Analyst,Master,Delhi,2024-07-02,15,MGR003,2026-08-01,Present,08:36,19:15,0,8.5,Yes,Failed,Failed,Yes,Evening,3.0,Yes,Earned,4,21,Pending,6.1,4.8,7.2,119173,16742,6123,129792,67,75,86,4,50,SAP,71,91,Positive,No,64,28,Medium,Performance,Compliance,2026-07-02,5
EMP01755,Employee_1755,40,Female,Marketing,Manager,Bachelor,Hyderabad,2022-06-17,1,MGR042,2026-08-01,Present,08:21,20:17,0,8.8,Yes,Verified,Success,Yes,Morning,6.2,No,Earned,18,20,Approved,7.4,4.0,4.3,39638,17883,376,57145,51,82,73,3,5,Python,98,78,Positive,Yes,72,13,High,Leave,Compliance,2026-06-17,8
EMP01756,Employee_1756,56,Female,Sales,Specialist,B.Tech,Hyderabad,2019-09-04,6,MGR010,2026-08-01,Present,10:46,18:23,63,9.2,Yes,Verified,Success,Yes,Night,3.1,Yes,Earned,14,9,Approved,8.2,6.8,5.5,122793,8588,99,131282,58,73,84,5,30,HRMS,59,40,Positive,No,85,58,Medium,None,Attrition,2026-09-04,9
EMP01757,Employee_1757,24,Female,Finance,Coordinator,MBA,Pune,2019-07-17,17,MGR053,2026-08-01,Present,10:06,19:20,75,9.6,Yes,Verified,Success,Yes,Night,2.7,Yes,None,3,1,Rejected,8.5,4.8,3.0,132868,6131,3168,135831,51,66,68,5,51,Power BI,2,66,Negative,No,64,62,Low,Late,Attrition,2026-07-17,2
EMP01758,Employee_1758,59,Female,IT,Coordinator,MCA,Chennai,2024-08-22,0,MGR023,2026-08-01,Present,09:48,20:55,0,9.0,Yes,Verified,Failed,Yes,Morning,0.7,Yes,None,2,11,Approved,7.9,4.6,6.5,48798,16486,2909,62375,70,81,100,2,67,SQL,89,90,Neutral,No,69,22,High,Late,Payroll,2026-08-22,8
EMP01759,Employee_1759,41,Male,IT,Manager,Master,Pune,2023-12-16,1,MGR006,2026-08-01,Present,09:05,20:40,0,7.3,Yes,Verified,Success,Yes,Morning,0.0,No,Casual,16,16,Rejected,8.8,7.7,5.9,41704,7291,284,48711,54,80,59,2,21,SQL,17,56,Negative,No,35,95,High,Performance,Payroll,2026-12-16,3
EMP01760,Employee_1760,32,Male,Operations,Manager,Bachelor,Bhubaneswar,2019-01-25,18,MGR074,2026-08-01,Present,08:38,20:46,0,8.4,Yes,Verified,Failed,Yes,Morning,5.5,No,None,2,2,Rejected,6.2,7.5,7.7,83056,8937,5449,86544,70,41,92,2,38,SQL,21,92,Positive,No,53,7,Low,None,Compliance,2026-01-25,9
EMP01761,Employee_1761,57,Male,Marketing,Executive,Master,Delhi,2023-02-10,0,MGR057,2026-08-01,Present,09:06,19:38,0,9.9,Yes,Verified,Success,Yes,Night,5.3,Yes,None,12,8,Pending,6.3,4.5,4.3,130130,1361,3196,128295,84,72,100,5,15,SAP,40,88,Neutral,No,18,5,High,Leave,Compliance,2026-02-10,5
EMP01762,Employee_1762,42,Male,Sales,Coordinator,Master,Hyderabad,2024-01-19,15,MGR079,2026-08-01,WFH,09:47,18:22,0,7.5,Yes,Verified,Failed,Yes,Morning,3.9,No,Earned,10,10,Approved,8.4,7.0,5.5,132026,5216,7660,129582,54,97,80,2,70,Excel,45,86,Neutral,No,34,82,Medium,Leave,None,2026-01-19,11
EMP01763,Employee_1763,26,Female,HR,Executive,B.Tech,Hyderabad,2022-02-20,15,MGR055,2026-08-01,WFH,10:27,18:58,70,8.4,Yes,Verified,Failed,Yes,Evening,2.2,Yes,None,17,9,Approved,8.3,4.1,2.1,70905,14752,7784,77873,63,98,95,4,44,Excel,71,64,Negative,No,28,64,Low,Leave,Attrition,2026-02-20,9
EMP01764,Employee_1764,59,Male,HR,Specialist,MBA,Bangalore,2018-03-28,8,MGR060,2026-08-01,Present,08:03,20:28,0,7.9,Yes,Failed,Success,Yes,Evening,3.0,No,Sick,14,7,Rejected,6.8,5.6,5.6,141648,3815,7026,138437,75,65,61,5,53,Excel,76,97,Neutral,No,22,74,High,None,Compliance,2026-03-28,9
EMP01765,Employee_1765,42,Male,Marketing,Coordinator,MCA,Bangalore,2020-08-13,14,MGR060,2026-08-01,Present,09:43,19:05,0,7.6,Yes,Failed,Failed,Yes,Night,2.4,No,None,19,29,Pending,6.1,4.3,2.6,149426,2603,5224,146805,65,92,100,4,80,SAP,64,68,Positive,No,79,60,High,Performance,Compliance,2026-08-13,10
EMP01766,Employee_1766,41,Female,HR,Analyst,MCA,Chennai,2020-09-16,0,MGR054,2026-08-01,WFH,08:40,19:01,0,8.8,Yes,Verified,Success,Yes,Night,6.1,No,Earned,18,0,Pending,8.7,7.5,4.5,145933,14768,7732,152969,86,41,61,2,46,AWS,93,50,Negative,Yes,76,98,High,Performance,Compliance,2026-09-16,8
EMP01767,Employee_1767,38,Male,Sales,Coordinator,Bachelor,Pune,2024-04-07,14,MGR018,2026-08-01,Present,09:31,20:40,0,8.3,Yes,Verified,Success,Yes,Night,5.9,Yes,Sick,8,28,Approved,8.4,4.8,2.3,101218,878,2840,99256,93,77,60,2,42,SQL,67,67,Neutral,No,67,2,Medium,Leave,Payroll,2026-04-07,1
EMP01768,Employee_1768,38,Female,HR,Manager,B.Tech,Hyderabad,2019-11-30,1,MGR028,2026-08-01,Present,09:06,19:47,0,9.1,Yes,Verified,Success,Yes,Evening,3.5,No,Casual,2,28,Rejected,6.4,6.2,7.0,127268,14739,4812,137195,55,49,52,3,18,SQL,40,91,Positive,No,61,22,Low,Performance,Attrition,2026-11-30,11
EMP01769,Employee_1769,59,Female,IT,Manager,Bachelor,Bhubaneswar,2023-04-17,13,MGR077,2026-08-01,Present,10:27,19:50,71,8.5,Yes,Failed,Failed,Yes,Night,2.5,No,Casual,14,27,Rejected,6.6,6.5,2.7,120684,16566,7098,130152,50,96,90,2,71,SQL,63,72,Positive,No,20,29,Medium,Performance,None,2026-04-17,10
EMP01770,Employee_1770,47,Female,Marketing,Specialist,Bachelor,Delhi,2018-08-29,16,MGR031,2026-08-01,Present,10:53,19:01,66,8.3,Yes,Failed,Failed,Yes,Evening,0.7,Yes,Casual,13,30,Pending,7.0,4.2,4.7,119266,3619,7929,114956,84,56,86,5,25,SQL,85,70,Negative,No,30,53,Medium,None,Compliance,2026-08-29,5
EMP01771,Employee_1771,59,Male,HR,Specialist,B.Tech,Pune,2021-01-24,3,MGR063,2026-08-01,Present,09:27,19:46,0,9.0,Yes,Verified,Success,Yes,Night,3.2,Yes,Casual,16,26,Rejected,7.5,6.2,6.6,115150,10249,9725,115674,62,50,53,4,1,SAP,93,53,Negative,No,60,42,Medium,Late,Attrition,2026-01-24,1
EMP01772,Employee_1772,32,Female,Operations,Engineer,Master,Hyderabad,2019-03-09,18,MGR057,2026-08-01,Present,08:39,20:14,0,7.9,Yes,Failed,Success,Yes,Evening,3.7,No,None,4,3,Approved,6.3,6.9,5.2,131488,19494,9586,141396,77,48,66,5,46,Excel,10,98,Positive,No,50,96,Medium,None,Compliance,2026-03-09,7
EMP01773,Employee_1773,48,Female,Finance,Executive,MBA,Delhi,2021-10-06,8,MGR005,2026-08-01,Present,09:40,20:53,0,9.8,Yes,Verified,Failed,Yes,Morning,3.9,Yes,Earned,0,8,Rejected,8.8,4.8,3.8,94483,8516,6704,96295,76,71,54,5,20,SQL,89,50,Neutral,No,87,70,High,Performance,Attrition,2026-10-06,11
EMP01774,Employee_1774,36,Male,Operations,Specialist,Bachelor,Bangalore,2021-05-17,18,MGR049,2026-08-01,Present,08:15,20:55,0,9.1,Yes,Verified,Success,Yes,Night,5.0,Yes,Earned,10,13,Pending,8.2,4.7,2.1,87153,4462,1985,89630,55,89,91,4,9,Excel,46,41,Negative,No,39,24,Medium,Performance,Payroll,2026-05-17,10
EMP01775,Employee_1775,33,Male,Finance,Manager,B.Tech,Bhubaneswar,2021-03-25,18,MGR043,2026-08-01,WFH,10:23,19:36,64,9.3,Yes,Verified,Failed,Yes,Evening,1.6,No,Casual,15,14,Rejected,7.2,5.0,7.5,61587,9711,8033,63265,61,97,84,5,11,SAP,63,47,Neutral,No,21,49,High,Leave,Payroll,2026-03-25,5
EMP01776,Employee_1776,52,Male,HR,Manager,Master,Delhi,2020-01-29,11,MGR042,2026-08-01,WFH,10:46,20:17,66,10.0,Yes,Verified,Success,Yes,Morning,3.0,Yes,None,18,14,Approved,8.9,4.4,5.3,52942,5688,4457,54173,84,42,74,5,71,Power BI,34,49,Positive,No,89,81,High,Performance,Attrition,2026-01-29,7
EMP01777,Employee_1777,51,Female,Marketing,Specialist,Bachelor,Hyderabad,2023-05-28,16,MGR068,2026-08-01,Present,09:07,20:48,0,8.9,Yes,Failed,Success,Yes,Night,4.5,Yes,Sick,18,13,Pending,8.0,7.5,2.7,100698,3313,9027,94984,83,73,50,3,29,Java,51,68,Positive,No,12,54,Low,Performance,Compliance,2026-05-28,9
EMP01778,Employee_1778,52,Male,Operations,Executive,Master,Bhubaneswar,2020-12-22,17,MGR048,2026-08-01,Present,09:08,18:25,0,7.2,Yes,Verified,Success,Yes,Morning,7.5,No,Sick,7,12,Pending,7.8,7.9,7.9,28842,12986,4019,37809,89,41,98,2,14,SAP,44,50,Neutral,No,17,89,Low,None,Attrition,2026-12-22,6
EMP01779,Employee_1779,26,Male,Sales,Executive,Bachelor,Bhubaneswar,2022-01-23,11,MGR031,2026-08-01,Present,08:56,20:31,0,8.8,Yes,Verified,Failed,Yes,Night,2.2,Yes,Casual,10,19,Approved,8.7,7.3,5.0,96853,3772,4727,95898,57,86,55,5,70,SAP,35,97,Negative,No,15,7,Medium,Leave,Compliance,2026-01-23,3
EMP01780,Employee_1780,52,Female,HR,Coordinator,Master,Hyderabad,2022-05-03,12,MGR061,2026-08-01,WFH,09:37,19:17,0,9.7,Yes,Verified,Success,Yes,Morning,5.9,Yes,Casual,17,28,Pending,6.9,5.9,5.0,52783,5478,3664,54597,65,81,65,4,28,Java,95,55,Positive,No,90,48,Low,Late,Compliance,2026-05-03,3
EMP01781,Employee_1781,38,Male,Support,Executive,Master,Bhubaneswar,2019-09-07,19,MGR065,2026-08-01,Present,09:44,18:46,0,9.4,Yes,Verified,Failed,Yes,Night,2.6,Yes,Sick,20,23,Rejected,6.4,4.4,7.1,94162,7016,5000,96178,88,67,64,4,45,SAP,47,50,Positive,No,75,89,High,Late,Compliance,2026-09-07,1
EMP01782,Employee_1782,32,Male,Sales,Executive,B.Tech,Delhi,2020-06-21,11,MGR011,2026-08-01,Present,10:22,19:17,75,9.3,Yes,Failed,Success,Yes,Evening,3.8,No,Sick,8,4,Rejected,8.7,5.9,3.3,132170,870,9930,123110,59,67,85,2,24,Power BI,29,53,Neutral,No,78,27,Low,Performance,Payroll,2026-06-21,6
EMP01783,Employee_1783,45,Female,IT,Analyst,Master,Pune,2023-01-07,8,MGR045,2026-08-01,WFH,09:44,20:39,0,8.1,Yes,Verified,Success,Yes,Morning,1.2,No,Earned,7,3,Pending,6.3,6.5,2.5,143113,2501,1754,143860,84,54,64,3,28,Excel,46,65,Positive,No,90,83,Medium,Leave,None,2026-01-07,2
EMP01784,Employee_1784,37,Male,HR,Engineer,B.Tech,Bangalore,2020-04-23,4,MGR004,2026-08-01,WFH,09:40,20:08,0,7.4,Yes,Verified,Success,Yes,Morning,3.1,Yes,Casual,17,20,Pending,8.3,4.2,6.8,39843,1803,3977,37669,84,65,90,4,71,HRMS,53,54,Positive,No,71,2,High,Performance,Payroll,2026-04-23,9
EMP01785,Employee_1785,27,Male,Marketing,Specialist,MBA,Delhi,2024-01-21,2,MGR012,2026-08-01,WFH,09:08,20:59,0,8.6,Yes,Failed,Failed,Yes,Morning,4.5,Yes,Sick,19,0,Rejected,6.7,7.7,4.2,65992,14064,9186,70870,58,79,96,5,49,Java,64,87,Neutral,No,34,87,High,Late,None,2026-01-21,12
EMP01786,Employee_1786,33,Male,IT,Specialist,B.Tech,Delhi,2018-12-01,2,MGR013,2026-08-01,Present,09:24,19:19,0,9.7,Yes,Verified,Success,Yes,Evening,0.0,Yes,Earned,0,9,Rejected,8.3,7.3,7.5,134692,10581,3230,142043,71,78,59,5,24,HRMS,99,63,Negative,No,70,71,Low,Performance,None,2026-12-01,1
EMP01787,Employee_1787,21,Female,Support,Coordinator,Master,Delhi,2023-11-29,2,MGR026,2026-08-01,Present,08:17,20:29,0,7.7,Yes,Verified,Success,Yes,Morning,5.2,Yes,None,6,24,Approved,7.9,4.0,7.2,46005,13638,656,58987,97,57,60,3,64,Power BI,30,87,Neutral,No,25,55,Low,None,None,2026-11-29,11
EMP01788,Employee_1788,25,Male,Support,Coordinator,Bachelor,Bhubaneswar,2023-07-09,3,MGR047,2026-08-01,Present,09:00,19:03,0,9.6,Yes,Failed,Success,Yes,Night,3.0,No,Earned,17,21,Approved,6.8,6.7,2.9,118378,17420,2808,132990,52,77,78,3,58,HRMS,54,82,Positive,No,23,4,Low,Leave,Payroll,2026-07-09,4
EMP01789,Employee_1789,51,Male,Finance,Executive,Master,Chennai,2018-11-11,11,MGR002,2026-08-01,Present,10:24,18:12,80,7.7,Yes,Verified,Success,Yes,Evening,2.8,Yes,Sick,6,29,Pending,8.5,7.7,5.1,67864,7811,2694,72981,55,71,99,5,36,Excel,53,40,Positive,No,60,10,Medium,Performance,Attrition,2026-11-11,4
EMP01790,Employee_1790,51,Female,Marketing,Manager,MCA,Bangalore,2018-05-07,12,MGR027,2026-08-01,Present,09:28,18:06,0,9.5,Yes,Failed,Failed,Yes,Night,4.1,Yes,None,6,4,Rejected,7.0,5.8,5.1,46316,4980,5179,46117,61,83,63,5,29,AWS,67,67,Positive,No,37,35,Low,Late,Compliance,2026-05-07,5
EMP01791,Employee_1791,33,Male,Finance,Executive,B.Tech,Hyderabad,2019-06-22,14,MGR058,2026-08-01,Present,09:46,19:06,0,8.9,Yes,Verified,Success,Yes,Morning,2.3,No,Sick,3,7,Pending,6.5,4.1,3.9,108348,9000,2312,115036,89,74,82,4,72,Excel,89,76,Positive,No,41,90,Low,Performance,Attrition,2026-06-22,5
EMP01792,Employee_1792,56,Female,Finance,Coordinator,MCA,Hyderabad,2022-05-16,3,MGR014,2026-08-01,Present,09:56,19:42,0,9.9,Yes,Failed,Failed,Yes,Evening,3.4,Yes,Casual,16,8,Pending,8.9,7.2,4.3,125353,4915,6429,123839,91,75,70,2,74,SAP,48,67,Neutral,No,64,72,Low,Performance,Payroll,2026-05-16,10
EMP01793,Employee_1793,32,Female,Operations,Manager,MBA,Pune,2018-06-14,12,MGR032,2026-08-01,Present,09:51,19:42,0,8.7,Yes,Verified,Success,Yes,Morning,1.9,Yes,Casual,14,15,Rejected,7.2,5.0,7.6,78816,9101,8925,78992,60,86,97,4,66,SQL,30,71,Positive,No,43,22,Low,Leave,Attrition,2026-06-14,12
EMP01794,Employee_1794,42,Female,IT,Executive,B.Tech,Pune,2022-02-10,18,MGR071,2026-08-01,Present,09:02,18:09,0,9.2,Yes,Verified,Success,Yes,Morning,2.6,No,Casual,10,6,Approved,8.8,5.9,5.4,33716,16138,1012,48842,51,86,51,3,11,Power BI,11,93,Neutral,No,34,23,Low,Leave,None,2026-02-10,10
EMP01795,Employee_1795,28,Male,Sales,Engineer,Bachelor,Delhi,2021-10-19,17,MGR047,2026-08-01,Present,09:47,20:03,0,8.3,Yes,Verified,Failed,Yes,Evening,0.6,No,Earned,13,4,Rejected,7.8,6.7,2.2,88639,4022,9128,83533,99,85,76,3,41,SQL,51,62,Positive,No,26,51,Medium,Leave,Attrition,2026-10-19,4
EMP01796,Employee_1796,28,Female,IT,Engineer,MCA,Pune,2023-05-31,14,MGR068,2026-08-01,Present,08:03,18:00,0,8.7,Yes,Verified,Success,Yes,Evening,6.9,Yes,Earned,8,20,Rejected,6.6,5.4,4.8,127868,2118,4970,125016,65,82,63,3,65,SQL,23,52,Neutral,No,48,82,Low,Late,Attrition,2026-05-31,1
EMP01797,Employee_1797,36,Female,IT,Executive,B.Tech,Delhi,2022-05-28,1,MGR031,2026-08-01,Present,09:53,20:41,0,8.3,Yes,Verified,Success,Yes,Night,5.3,Yes,Sick,13,28,Pending,7.9,4.1,4.0,41966,1278,8160,35084,87,88,65,2,8,Java,73,52,Neutral,Yes,44,78,High,None,Attrition,2026-05-28,2
EMP01798,Employee_1798,47,Male,IT,Manager,MBA,Hyderabad,2022-01-30,14,MGR039,2026-08-01,Absent,10:06,20:58,61,7.8,Yes,Verified,Failed,Yes,Morning,3.1,Yes,Earned,5,12,Approved,6.7,4.9,2.1,104889,18395,2492,120792,91,45,95,5,48,SQL,53,76,Positive,No,25,31,Low,Late,Attrition,2026-01-30,4
EMP01799,Employee_1799,32,Female,Finance,Manager,MBA,Hyderabad,2021-04-08,16,MGR013,2026-08-01,Present,09:37,19:26,0,9.7,Yes,Verified,Success,Yes,Night,3.3,No,None,0,10,Rejected,6.3,5.7,3.8,112286,7194,3094,116386,98,41,90,4,62,Java,73,46,Neutral,No,93,88,High,None,Attrition,2026-04-08,1
EMP01800,Employee_1800,22,Male,Operations,Specialist,MCA,Chennai,2024-02-01,5,MGR019,2026-08-01,Present,08:35,20:57,0,9.1,Yes,Verified,Success,Yes,Evening,1.8,Yes,Earned,4,15,Pending,7.8,7.3,2.2,82625,2033,6437,78221,100,91,51,4,2,Power BI,14,83,Negative,No,67,79,Medium,Performance,Payroll,2026-02-01,11
EMP01801,Employee_1801,46,Male,IT,Manager,B.Tech,Pune,2022-12-28,4,MGR043,2026-08-01,Present,08:37,19:04,0,7.4,Yes,Verified,Success,Yes,Evening,1.2,Yes,None,13,5,Pending,8.7,7.1,6.9,35756,13222,5591,43387,67,51,59,2,67,Java,63,58,Neutral,No,85,62,High,Leave,None,2026-12-28,4
EMP01802,Employee_1802,38,Female,Operations,Executive,Master,Hyderabad,2022-09-26,17,MGR005,2026-08-01,Present,10:47,20:41,62,7.4,Yes,Verified,Success,Yes,Night,0.5,Yes,Earned,19,3,Pending,6.4,4.5,7.8,142901,17682,358,160225,89,42,72,4,66,Java,8,77,Positive,No,60,81,High,Late,Attrition,2026-09-26,11
EMP01803,Employee_1803,53,Male,Operations,Specialist,Master,Delhi,2020-05-11,10,MGR017,2026-08-01,Present,08:37,20:15,0,8.6,Yes,Verified,Success,Yes,Morning,3.9,Yes,Casual,9,3,Approved,6.9,4.7,3.3,80576,900,7637,73839,55,63,69,4,61,SAP,80,86,Positive,No,42,79,High,Late,None,2026-05-11,12
EMP01804,Employee_1804,42,Female,IT,Coordinator,Master,Delhi,2019-12-14,8,MGR045,2026-08-01,Present,08:04,18:53,0,8.8,Yes,Failed,Success,Yes,Night,0.0,No,Sick,12,6,Approved,6.0,5.2,7.4,66175,7536,9544,64167,66,73,78,2,53,Java,22,68,Positive,No,10,0,High,Late,None,2026-12-14,2
EMP01805,Employee_1805,24,Male,HR,Executive,Master,Delhi,2023-12-24,0,MGR012,2026-08-01,Present,10:34,18:59,75,9.6,Yes,Verified,Success,Yes,Night,6.2,Yes,Earned,20,28,Pending,7.9,6.6,2.2,44368,18702,2421,60649,81,49,54,3,64,Python,55,66,Neutral,No,92,7,High,Leave,Attrition,2026-12-24,6
EMP01806,Employee_1806,52,Male,Sales,Analyst,B.Tech,Bangalore,2022-02-26,14,MGR057,2026-08-01,Present,09:43,20:54,0,8.7,Yes,Verified,Success,Yes,Morning,4.3,Yes,Earned,8,3,Approved,7.6,6.4,2.7,31576,4917,7134,29359,67,89,95,2,22,SQL,64,63,Negative,No,33,72,Low,None,None,2026-02-26,5
EMP01807,Employee_1807,47,Male,HR,Specialist,MBA,Pune,2021-01-29,1,MGR007,2026-08-01,Present,10:01,20:10,64,7.2,Yes,Verified,Success,Yes,Evening,4.5,No,Earned,13,10,Pending,8.0,7.2,7.3,77562,3340,6679,74223,88,61,71,5,61,Power BI,72,42,Positive,No,43,8,High,Late,Attrition,2026-01-29,6
EMP01808,Employee_1808,30,Female,IT,Manager,MCA,Chennai,2018-10-22,0,MGR051,2026-08-01,WFH,09:22,20:44,0,7.7,Yes,Verified,Success,Yes,Night,5.2,No,None,12,21,Approved,6.1,6.4,5.6,113919,7538,7822,113635,61,79,87,5,67,Power BI,93,92,Neutral,No,76,55,Low,Late,None,2026-10-22,2
EMP01809,Employee_1809,58,Male,IT,Analyst,MBA,Chennai,2018-01-01,10,MGR075,2026-08-01,Present,09:30,20:23,0,8.8,Yes,Verified,Success,Yes,Night,6.2,No,Sick,0,7,Pending,8.2,7.4,5.3,85974,2802,928,87848,57,79,76,5,49,Power BI,24,97,Negative,No,16,1,Low,Performance,Compliance,2026-01-01,7
EMP01810,Employee_1810,25,Female,HR,Coordinator,MCA,Chennai,2020-03-16,0,MGR059,2026-08-01,Present,09:56,20:14,0,7.6,Yes,Verified,Failed,Yes,Morning,0.1,No,None,11,9,Rejected,8.5,5.2,3.6,147192,1173,8489,139876,99,93,72,5,46,SAP,44,97,Positive,No,18,7,Low,Late,Attrition,2026-03-16,7
EMP01811,Employee_1811,54,Male,IT,Manager,MBA,Bangalore,2024-04-07,19,MGR013,2026-08-01,Present,10:22,18:50,74,8.8,Yes,Verified,Failed,Yes,Evening,1.3,No,Earned,15,8,Approved,6.2,7.7,7.3,83258,2320,4479,81099,85,81,76,4,53,Java,73,92,Positive,No,66,20,Medium,Leave,Payroll,2026-04-07,3
EMP01812,Employee_1812,23,Male,IT,Engineer,MCA,Hyderabad,2023-12-10,6,MGR079,2026-08-01,Present,09:47,19:02,0,7.3,Yes,Verified,Failed,Yes,Morning,7.4,No,None,4,9,Rejected,6.4,6.8,2.3,28828,4530,3085,30273,86,59,52,4,15,SAP,61,92,Negative,No,43,79,High,None,Compliance,2026-12-10,9
EMP01813,Employee_1813,49,Male,Operations,Engineer,MBA,Delhi,2020-04-09,2,MGR010,2026-08-01,Present,09:36,20:14,0,9.4,Yes,Failed,Success,Yes,Night,2.5,No,Earned,3,13,Approved,7.8,5.9,6.5,25798,19351,6991,38158,74,68,88,2,26,Python,88,97,Neutral,No,28,15,High,Performance,Compliance,2026-04-09,2
EMP01814,Employee_1814,53,Female,Support,Executive,MBA,Bangalore,2024-07-27,17,MGR064,2026-08-01,WFH,09:19,19:42,0,8.3,Yes,Verified,Success,Yes,Night,4.8,No,Earned,15,6,Approved,6.3,7.5,4.2,118602,1820,6625,113797,96,79,61,2,40,HRMS,60,57,Neutral,No,62,37,Medium,Late,None,2026-07-27,4
EMP01815,Employee_1815,32,Male,IT,Coordinator,Master,Delhi,2019-11-03,1,MGR038,2026-08-01,WFH,10:00,20:18,63,8.2,Yes,Failed,Success,Yes,Evening,4.4,Yes,Earned,12,4,Pending,8.4,6.1,7.2,51596,13760,8193,57163,52,88,95,2,13,SAP,79,79,Negative,No,71,13,Medium,None,Payroll,2026-11-03,9
EMP01816,Employee_1816,43,Male,Sales,Manager,Bachelor,Pune,2018-11-30,20,MGR027,2026-08-01,WFH,09:27,18:54,0,10.0,Yes,Verified,Success,Yes,Morning,1.6,No,None,5,25,Pending,8.5,7.1,7.0,84200,3472,1185,86487,62,64,61,5,64,SQL,82,93,Negative,No,84,58,High,None,None,2026-11-30,2
EMP01817,Employee_1817,50,Male,Marketing,Executive,MCA,Pune,2020-05-18,19,MGR057,2026-08-01,Present,08:24,18:25,0,8.1,Yes,Verified,Success,Yes,Morning,0.0,No,Casual,12,13,Rejected,8.1,6.3,2.2,129604,19647,6634,142617,78,53,60,2,14,Power BI,57,44,Negative,No,27,10,Medium,None,Attrition,2026-05-18,11
EMP01818,Employee_1818,51,Male,Support,Manager,MCA,Delhi,2018-03-19,4,MGR071,2026-08-01,Present,10:09,19:31,72,8.6,Yes,Failed,Success,Yes,Evening,4.0,No,None,4,10,Pending,7.6,7.7,5.9,53699,3580,7025,50254,58,41,76,5,13,Power BI,94,64,Negative,No,70,31,Medium,None,None,2026-03-19,5
EMP01819,Employee_1819,27,Male,Operations,Manager,MCA,Delhi,2020-12-26,7,MGR028,2026-08-01,Present,10:36,20:36,76,7.2,Yes,Verified,Failed,Yes,Night,2.1,Yes,Earned,11,16,Pending,8.7,5.1,2.7,124530,16143,9089,131584,54,45,96,3,17,HRMS,8,40,Negative,No,18,92,Low,Late,Attrition,2026-12-26,8
EMP01820,Employee_1820,34,Female,Sales,Coordinator,B.Tech,Bangalore,2021-07-15,5,MGR054,2026-08-01,Present,09:52,19:10,0,8.3,Yes,Verified,Success,Yes,Evening,3.3,Yes,None,11,2,Pending,8.8,7.3,4.0,104547,18573,9182,113938,58,71,93,3,78,Java,30,58,Positive,No,68,9,High,Performance,Compliance,2026-07-15,12
EMP01821,Employee_1821,37,Male,IT,Analyst,Bachelor,Pune,2023-06-11,12,MGR051,2026-08-01,Absent,09:02,20:09,0,8.8,Yes,Verified,Success,Yes,Night,0.9,No,Sick,9,3,Approved,8.9,5.4,4.5,28689,10333,6289,32733,88,77,53,5,9,Java,66,40,Neutral,No,80,9,Low,Performance,Payroll,2026-06-11,10
EMP01822,Employee_1822,48,Male,IT,Executive,MBA,Bhubaneswar,2022-02-01,10,MGR038,2026-08-01,Present,08:11,20:26,0,7.0,Yes,Verified,Success,Yes,Night,3.9,No,Earned,6,30,Rejected,8.8,5.1,2.3,134812,7124,2410,139526,94,73,63,5,57,AWS,76,87,Neutral,No,55,67,Medium,None,Compliance,2026-02-01,4
EMP01823,Employee_1823,47,Female,Finance,Analyst,MBA,Delhi,2018-03-16,12,MGR064,2026-08-01,Present,09:43,18:18,0,9.2,Yes,Failed,Failed,Yes,Evening,2.5,No,None,10,10,Rejected,8.9,6.6,7.9,65075,1359,366,66068,51,69,71,5,62,HRMS,33,59,Negative,No,58,80,Low,Late,None,2026-03-16,5
EMP01824,Employee_1824,24,Female,Support,Engineer,B.Tech,Hyderabad,2024-03-22,9,MGR042,2026-08-01,Present,08:04,20:54,0,8.3,Yes,Verified,Failed,Yes,Morning,2.4,Yes,Casual,18,13,Rejected,8.9,5.3,6.3,65708,5445,4513,66640,81,96,88,5,79,Power BI,53,64,Positive,No,48,29,Medium,None,Attrition,2026-03-22,9
EMP01825,Employee_1825,27,Female,Sales,Specialist,Master,Chennai,2018-09-24,3,MGR010,2026-08-01,Present,09:14,20:24,0,8.6,Yes,Verified,Success,Yes,Evening,0.0,Yes,Casual,17,29,Approved,8.1,5.9,4.9,72260,18299,6258,84301,93,56,67,5,39,SAP,9,74,Neutral,No,82,37,High,None,Compliance,2026-09-24,10
EMP01826,Employee_1826,54,Male,Finance,Coordinator,MBA,Chennai,2018-08-01,15,MGR013,2026-08-01,Present,09:29,18:37,0,7.7,Yes,Verified,Failed,Yes,Morning,2.5,Yes,None,1,4,Pending,8.4,6.3,4.0,91519,13363,2302,102580,71,53,90,2,17,Java,15,50,Neutral,No,63,51,High,Late,None,2026-08-01,7
EMP01827,Employee_1827,56,Female,Support,Manager,Bachelor,Bhubaneswar,2024-04-19,2,MGR016,2026-08-01,Present,09:01,18:22,0,7.1,Yes,Verified,Success,Yes,Evening,0.3,No,Sick,1,23,Approved,7.4,7.7,4.7,117803,4989,8438,114354,55,81,67,2,8,Python,39,98,Neutral,No,27,66,High,Performance,Attrition,2026-04-19,5
EMP01828,Employee_1828,30,Female,HR,Manager,Bachelor,Chennai,2022-11-04,16,MGR048,2026-08-01,Present,10:46,20:24,76,7.8,Yes,Verified,Success,Yes,Evening,5.2,Yes,None,0,3,Approved,6.5,4.3,3.6,117777,8265,5248,120794,84,65,64,2,53,HRMS,64,42,Positive,No,87,40,Medium,Leave,Payroll,2026-11-04,10
EMP01829,Employee_1829,24,Female,Sales,Engineer,MCA,Chennai,2024-09-08,9,MGR037,2026-08-01,Absent,09:12,18:39,0,8.9,Yes,Failed,Failed,Yes,Morning,1.3,Yes,Earned,5,1,Rejected,8.5,7.9,3.1,70439,16024,623,85840,93,55,86,5,41,HRMS,11,52,Neutral,No,21,41,Low,None,None,2026-09-08,4
EMP01830,Employee_1830,60,Female,HR,Analyst,B.Tech,Pune,2023-07-24,10,MGR058,2026-08-01,Absent,09:23,19:50,0,9.7,Yes,Verified,Success,Yes,Night,6.2,Yes,Sick,20,15,Pending,6.9,5.6,8.0,41263,4920,147,46036,89,44,97,3,36,AWS,58,72,Neutral,No,89,89,High,None,Payroll,2026-07-24,2
EMP01831,Employee_1831,29,Female,Support,Executive,Master,Chennai,2024-10-03,10,MGR013,2026-08-01,Present,10:06,19:54,60,7.7,Yes,Failed,Success,Yes,Morning,0.7,Yes,Casual,1,0,Approved,6.8,5.9,4.9,74296,579,3525,71350,92,79,97,4,53,SAP,93,40,Neutral,No,47,11,Low,None,None,2026-10-03,1
EMP01832,Employee_1832,39,Female,Finance,Analyst,MBA,Chennai,2023-04-09,14,MGR005,2026-08-01,WFH,09:16,18:18,0,9.4,Yes,Verified,Success,Yes,Morning,1.6,Yes,None,18,7,Rejected,7.9,5.4,5.0,89943,5606,2883,92666,90,42,71,5,68,Excel,83,54,Negative,No,49,75,Medium,Late,Attrition,2026-04-09,5
EMP01833,Employee_1833,53,Female,Operations,Engineer,B.Tech,Delhi,2023-07-03,20,MGR030,2026-08-01,Present,09:43,18:04,0,9.4,Yes,Verified,Success,Yes,Evening,4.3,No,None,17,20,Pending,7.1,4.2,7.7,52344,18476,3015,67805,68,53,95,4,29,Python,44,58,Positive,No,61,72,Medium,Leave,None,2026-07-03,5
EMP01834,Employee_1834,47,Male,Marketing,Engineer,Bachelor,Bhubaneswar,2023-09-26,18,MGR019,2026-08-01,Absent,09:09,19:55,0,9.3,Yes,Verified,Success,Yes,Evening,3.5,Yes,Sick,12,11,Rejected,6.6,7.8,3.5,84780,4628,5554,83854,95,70,100,3,37,Power BI,100,44,Positive,No,53,16,Low,Late,Attrition,2026-09-26,12
EMP01835,Employee_1835,44,Male,IT,Analyst,Bachelor,Bangalore,2024-09-29,20,MGR073,2026-08-01,Present,09:49,20:33,0,9.8,Yes,Verified,Success,Yes,Evening,0.7,No,None,15,4,Approved,6.0,7.2,7.2,86612,6231,6076,86767,74,88,78,2,38,AWS,31,69,Negative,No,72,4,High,Performance,Payroll,2026-09-29,3
EMP01836,Employee_1836,48,Male,IT,Analyst,Master,Bhubaneswar,2019-07-14,19,MGR011,2026-08-01,Present,09:08,20:12,0,8.6,Yes,Verified,Success,Yes,Evening,4.3,No,None,13,7,Approved,7.4,5.1,4.1,91619,11923,1112,102430,77,56,61,3,19,AWS,47,76,Positive,No,27,63,Low,Late,None,2026-07-14,8
EMP01837,Employee_1837,53,Male,IT,Coordinator,MCA,Hyderabad,2021-05-24,10,MGR025,2026-08-01,Present,09:48,18:48,0,8.7,Yes,Verified,Failed,Yes,Evening,3.8,No,None,16,27,Pending,8.1,7.6,7.2,46444,19929,7977,58396,98,41,97,5,74,Excel,94,67,Negative,No,67,5,Low,Performance,Compliance,2026-05-24,2
EMP01838,Employee_1838,37,Male,HR,Analyst,MBA,Hyderabad,2022-02-14,7,MGR012,2026-08-01,WFH,08:42,18:08,0,7.5,Yes,Verified,Success,Yes,Night,3.4,Yes,Casual,17,4,Pending,6.5,6.5,6.7,109712,15273,4637,120348,90,82,72,4,4,Excel,64,76,Positive,No,48,61,Medium,Leave,Payroll,2026-02-14,3
EMP01839,Employee_1839,31,Female,Support,Executive,Bachelor,Pune,2020-02-08,9,MGR071,2026-08-01,Present,09:48,19:07,0,7.9,Yes,Verified,Failed,Yes,Night,3.8,No,Casual,15,12,Approved,7.0,4.9,7.7,109621,9698,2959,116360,72,62,84,5,64,AWS,73,77,Positive,No,91,67,High,None,Compliance,2026-02-08,5
EMP01840,Employee_1840,56,Female,IT,Coordinator,MCA,Bhubaneswar,2023-04-17,3,MGR009,2026-08-01,Present,09:03,20:52,0,7.6,Yes,Failed,Success,Yes,Morning,1.9,Yes,Earned,8,3,Rejected,8.7,5.7,4.1,122642,18915,5724,135833,55,88,100,4,73,SAP,26,93,Negative,No,22,81,Low,Late,Compliance,2026-04-17,4
EMP01841,Employee_1841,39,Female,HR,Analyst,MBA,Hyderabad,2019-01-21,16,MGR038,2026-08-01,Present,09:50,18:55,0,9.8,Yes,Failed,Success,Yes,Morning,0.0,No,Earned,4,13,Pending,7.6,6.6,3.9,25223,1810,7283,19750,63,79,65,2,48,Power BI,18,96,Positive,No,40,78,Low,Performance,Payroll,2026-01-21,7
EMP01842,Employee_1842,30,Male,Finance,Manager,MCA,Delhi,2024-06-05,16,MGR047,2026-08-01,Present,09:57,18:09,0,8.1,Yes,Failed,Success,Yes,Evening,4.8,Yes,None,8,27,Pending,8.7,4.7,5.6,81484,11786,9225,84045,73,51,63,4,16,Python,77,79,Negative,No,61,53,Low,Performance,Compliance,2026-06-05,6
EMP01843,Employee_1843,23,Female,Finance,Specialist,MCA,Bangalore,2018-05-18,4,MGR019,2026-08-01,Present,09:43,19:32,0,8.0,Yes,Failed,Success,Yes,Morning,4.1,No,Sick,1,16,Pending,7.5,6.6,4.9,136842,18016,4657,150201,67,43,72,2,29,HRMS,61,84,Neutral,No,66,58,Low,Late,Attrition,2026-05-18,11
EMP01844,Employee_1844,56,Male,IT,Executive,B.Tech,Bhubaneswar,2020-02-17,18,MGR074,2026-08-01,Present,09:43,19:47,0,8.1,Yes,Verified,Success,Yes,Morning,3.1,Yes,Sick,18,15,Rejected,6.4,4.7,5.8,147833,15582,2319,161096,67,97,89,5,59,Python,69,54,Neutral,No,16,55,Low,Performance,Compliance,2026-02-17,10
EMP01845,Employee_1845,39,Female,Marketing,Coordinator,MCA,Hyderabad,2022-02-18,3,MGR065,2026-08-01,Present,09:24,20:48,0,9.2,Yes,Failed,Failed,Yes,Night,1.6,Yes,Casual,8,5,Approved,7.3,5.6,3.8,129152,16056,7211,137997,83,88,54,5,60,AWS,45,48,Neutral,No,39,76,Low,Late,Payroll,2026-02-18,6
EMP01846,Employee_1846,55,Female,IT,Coordinator,B.Tech,Pune,2019-07-22,1,MGR023,2026-08-01,Present,09:33,19:03,0,9.9,Yes,Verified,Success,Yes,Morning,4.0,No,Casual,0,20,Pending,6.6,4.8,7.2,124503,6306,832,129977,58,72,72,2,67,HRMS,59,57,Positive,No,90,49,Low,Leave,Compliance,2026-07-22,4
EMP01847,Employee_1847,48,Male,Operations,Specialist,MBA,Chennai,2022-05-26,14,MGR009,2026-08-01,Present,09:32,20:00,0,9.0,Yes,Verified,Failed,Yes,Night,2.7,No,None,3,27,Approved,6.3,4.5,6.6,120983,10375,105,131253,60,76,76,5,57,Excel,99,40,Neutral,No,42,50,High,Performance,Compliance,2026-05-26,9
EMP01848,Employee_1848,27,Male,Sales,Executive,MCA,Hyderabad,2022-03-27,19,MGR016,2026-08-01,Present,09:20,19:32,0,9.7,Yes,Failed,Failed,Yes,Morning,0.0,Yes,None,12,13,Rejected,6.4,4.1,5.7,32970,14933,8986,38917,68,81,57,2,66,AWS,53,94,Positive,No,40,30,Low,Late,None,2026-03-27,7
EMP01849,Employee_1849,24,Female,HR,Coordinator,MCA,Hyderabad,2023-08-05,2,MGR026,2026-08-01,Present,09:19,19:23,0,7.4,Yes,Failed,Success,Yes,Night,2.5,Yes,Casual,14,11,Rejected,8.6,6.6,7.7,145710,10052,8049,147713,80,81,52,3,70,Excel,74,83,Positive,No,94,19,Medium,Late,None,2026-08-05,4
EMP01850,Employee_1850,47,Female,IT,Coordinator,MCA,Hyderabad,2018-08-10,12,MGR013,2026-08-01,Present,09:58,19:41,0,9.4,Yes,Failed,Failed,Yes,Night,2.7,Yes,Casual,16,6,Approved,8.3,4.5,4.5,107123,16285,1085,122323,51,92,62,3,6,Power BI,86,88,Negative,No,57,51,Low,None,None,2026-08-10,5
EMP01851,Employee_1851,31,Female,Support,Executive,Bachelor,Pune,2018-03-30,15,MGR070,2026-08-01,WFH,09:10,20:59,0,8.5,Yes,Verified,Success,Yes,Morning,2.7,Yes,Sick,1,29,Pending,6.8,6.6,6.5,130934,9266,906,139294,63,82,92,2,10,SAP,87,71,Negative,No,24,49,Low,None,Payroll,2026-03-30,3
EMP01852,Employee_1852,51,Female,IT,Analyst,MBA,Bhubaneswar,2023-05-01,13,MGR028,2026-08-01,Absent,09:03,20:08,0,7.2,Yes,Verified,Success,Yes,Morning,1.2,No,None,11,3,Pending,8.6,7.9,6.5,69380,14351,352,83379,74,58,70,5,43,Power BI,0,41,Negative,No,83,32,Low,Late,Payroll,2026-05-01,5
EMP01853,Employee_1853,21,Male,IT,Coordinator,MCA,Chennai,2022-01-11,15,MGR078,2026-08-01,Present,08:52,18:51,0,9.8,Yes,Failed,Success,Yes,Morning,0.0,Yes,Earned,9,14,Pending,8.5,6.4,5.4,68597,8107,7614,69090,73,53,69,5,18,AWS,88,89,Positive,No,73,7,Low,Late,Payroll,2026-01-11,9
EMP01854,Employee_1854,29,Female,Marketing,Specialist,MCA,Bangalore,2023-12-26,0,MGR065,2026-08-01,Present,08:13,18:48,0,7.3,Yes,Verified,Failed,Yes,Night,7.2,Yes,Sick,5,24,Approved,6.3,8.0,7.3,73942,12259,5736,80465,54,82,58,2,49,SQL,6,77,Negative,No,91,0,Medium,None,None,2026-12-26,12
EMP01855,Employee_1855,33,Female,Marketing,Engineer,Bachelor,Pune,2019-07-15,7,MGR077,2026-08-01,WFH,10:44,19:34,72,7.7,Yes,Verified,Success,Yes,Evening,0.0,Yes,Sick,19,14,Pending,9.0,6.0,4.9,82530,16752,413,98869,56,60,71,5,52,Java,66,76,Negative,No,58,32,Low,Late,Compliance,2026-07-15,12
EMP01856,Employee_1856,27,Female,Marketing,Specialist,MCA,Pune,2020-12-08,0,MGR076,2026-08-01,Present,09:45,20:40,0,7.5,Yes,Verified,Success,Yes,Morning,3.8,Yes,Casual,18,13,Approved,6.1,5.1,2.8,55502,3500,8751,50251,51,47,72,5,18,SQL,57,89,Positive,No,79,14,Low,None,Attrition,2026-12-08,4
EMP01857,Employee_1857,60,Female,Support,Executive,Master,Delhi,2020-04-22,1,MGR025,2026-08-01,Present,09:24,20:28,0,9.3,Yes,Failed,Success,Yes,Night,2.5,No,Sick,10,1,Pending,6.7,7.4,3.4,69774,18253,9591,78436,86,41,100,3,70,AWS,80,68,Negative,No,37,35,Medium,Performance,Attrition,2026-04-22,6
EMP01858,Employee_1858,29,Female,HR,Specialist,MBA,Hyderabad,2024-03-02,15,MGR059,2026-08-01,Absent,10:51,18:02,75,9.7,Yes,Verified,Failed,Yes,Evening,5.2,Yes,Earned,1,24,Rejected,8.4,6.9,5.6,68218,9398,2488,75128,85,76,77,2,34,Excel,40,98,Negative,No,41,69,Low,None,None,2026-03-02,9
EMP01859,Employee_1859,25,Female,IT,Coordinator,Bachelor,Delhi,2023-04-05,3,MGR020,2026-08-01,Present,09:46,18:51,0,8.3,Yes,Verified,Success,Yes,Morning,0.4,Yes,Earned,5,20,Approved,7.5,5.0,7.3,146117,8266,1262,153121,79,99,50,4,72,HRMS,60,56,Neutral,No,11,58,Low,Performance,Compliance,2026-04-05,4
EMP01860,Employee_1860,42,Female,Finance,Executive,B.Tech,Chennai,2024-08-17,16,MGR016,2026-08-01,Present,09:53,18:02,0,9.6,Yes,Verified,Success,Yes,Night,4.6,No,Sick,11,29,Approved,6.1,6.7,2.1,82016,11379,5972,87423,96,57,62,3,80,Excel,67,69,Positive,No,94,57,Low,Performance,Payroll,2026-08-17,10
EMP01861,Employee_1861,40,Female,Marketing,Engineer,Master,Chennai,2020-05-29,4,MGR070,2026-08-01,Present,09:06,20:30,0,7.2,Yes,Verified,Success,Yes,Evening,1.3,Yes,None,5,17,Pending,7.6,6.4,3.5,46918,6388,9151,44155,63,77,93,4,43,Java,24,57,Negative,No,52,98,Medium,None,Compliance,2026-05-29,9
EMP01862,Employee_1862,56,Female,Support,Analyst,MBA,Delhi,2021-03-12,2,MGR073,2026-08-01,Present,08:07,20:41,0,8.4,Yes,Verified,Success,Yes,Night,5.3,Yes,Sick,6,3,Rejected,8.7,4.2,4.5,123853,2034,6031,119856,58,52,65,4,39,Java,3,83,Neutral,No,82,97,High,Late,Compliance,2026-03-12,4
EMP01863,Employee_1863,41,Male,Marketing,Coordinator,MCA,Delhi,2020-03-16,19,MGR044,2026-08-01,Present,09:32,18:18,0,9.9,Yes,Failed,Success,Yes,Evening,0.7,No,None,6,11,Pending,7.2,5.1,3.8,67790,17182,966,84006,61,69,62,3,6,Python,53,55,Neutral,No,47,59,Low,Leave,Attrition,2026-03-16,1
EMP01864,Employee_1864,27,Male,Marketing,Manager,MBA,Pune,2021-04-18,13,MGR028,2026-08-01,Present,09:42,19:31,0,9.3,Yes,Failed,Success,Yes,Night,3.8,Yes,Sick,16,24,Pending,8.4,4.5,7.0,60534,17723,9984,68273,62,69,77,2,1,Java,75,46,Negative,No,22,94,Medium,Performance,None,2026-04-18,6
EMP01865,Employee_1865,48,Male,Support,Engineer,MBA,Hyderabad,2023-02-08,15,MGR067,2026-08-01,Present,10:36,18:15,74,7.4,Yes,Verified,Success,Yes,Morning,3.1,Yes,Earned,1,19,Rejected,8.7,4.3,4.4,88961,2281,3736,87506,51,96,80,3,1,Java,10,84,Negative,No,51,63,Low,Leave,None,2026-02-08,7
EMP01866,Employee_1866,57,Male,Operations,Analyst,MBA,Bangalore,2024-04-02,9,MGR002,2026-08-01,Present,09:18,19:53,0,7.9,Yes,Verified,Failed,Yes,Morning,3.4,Yes,None,16,24,Approved,7.4,6.5,7.4,70919,6836,6389,71366,64,57,72,4,51,AWS,9,95,Positive,No,85,85,Low,Performance,Compliance,2026-04-02,7
EMP01867,Employee_1867,41,Male,Sales,Specialist,Bachelor,Chennai,2023-02-06,5,MGR062,2026-08-01,Present,09:11,18:28,0,7.7,Yes,Failed,Success,Yes,Night,5.3,Yes,Earned,7,6,Rejected,8.9,4.4,8.0,105589,12301,2159,115731,57,64,85,3,8,Excel,96,75,Positive,No,53,67,Low,Performance,None,2026-02-06,1
EMP01868,Employee_1868,50,Male,Finance,Manager,Master,Bhubaneswar,2022-01-10,3,MGR026,2026-08-01,Absent,09:41,20:21,0,8.4,Yes,Verified,Success,Yes,Evening,0.0,No,Sick,9,0,Approved,7.0,6.3,4.9,26630,6159,5145,27644,85,59,64,4,10,AWS,21,50,Neutral,No,89,10,Low,None,Attrition,2026-01-10,5
EMP01869,Employee_1869,22,Female,Marketing,Coordinator,B.Tech,Hyderabad,2022-11-17,20,MGR021,2026-08-01,Present,09:03,19:08,0,9.5,Yes,Failed,Success,Yes,Morning,2.7,Yes,Sick,11,14,Approved,6.8,6.1,7.9,26271,5881,110,32042,68,72,70,3,6,SQL,25,65,Neutral,No,27,37,Medium,None,Compliance,2026-11-17,3
EMP01870,Employee_1870,41,Male,HR,Specialist,Master,Bangalore,2018-08-07,12,MGR078,2026-08-01,Present,08:42,19:19,0,7.7,Yes,Verified,Success,Yes,Night,3.5,Yes,Casual,16,0,Rejected,7.5,6.6,7.5,142294,18025,7253,153066,63,80,72,4,63,SQL,82,84,Neutral,No,76,97,Medium,Late,None,2026-08-07,9
EMP01871,Employee_1871,32,Female,Marketing,Analyst,B.Tech,Hyderabad,2024-09-02,4,MGR052,2026-08-01,Present,09:00,18:28,0,8.1,Yes,Verified,Success,Yes,Evening,0.5,No,Sick,19,14,Pending,6.1,6.6,8.0,57866,18229,3491,72604,90,91,94,3,65,SQL,45,69,Positive,No,64,54,Medium,None,Attrition,2026-09-02,9
EMP01872,Employee_1872,22,Male,Operations,Specialist,B.Tech,Chennai,2018-01-28,1,MGR040,2026-08-01,Present,08:21,20:21,0,7.9,Yes,Verified,Success,Yes,Night,3.7,No,None,5,6,Pending,6.5,7.7,5.4,27478,6891,9276,25093,51,59,55,2,71,Python,66,81,Neutral,No,81,16,High,Performance,None,2026-01-28,12
EMP01873,Employee_1873,35,Male,IT,Analyst,MBA,Pune,2021-03-13,7,MGR038,2026-08-01,Absent,09:38,20:31,0,8.3,Yes,Failed,Success,Yes,Night,5.0,No,Casual,17,26,Approved,7.5,5.4,3.7,55401,18038,4995,68444,69,98,63,5,21,AWS,41,91,Neutral,No,55,40,Low,Late,Payroll,2026-03-13,1
EMP01874,Employee_1874,51,Female,Support,Manager,Master,Bangalore,2022-11-20,18,MGR063,2026-08-01,Present,09:44,18:11,0,9.7,Yes,Verified,Success,Yes,Morning,6.0,Yes,Casual,8,21,Rejected,7.4,6.6,5.9,49750,18835,494,68091,59,80,91,2,17,SAP,7,83,Positive,No,65,3,Low,Leave,Compliance,2026-11-20,1
EMP01875,Employee_1875,58,Female,Sales,Coordinator,B.Tech,Hyderabad,2022-10-01,6,MGR018,2026-08-01,Present,08:25,18:42,0,8.9,Yes,Verified,Success,Yes,Evening,6.7,No,Casual,9,3,Pending,7.6,6.9,7.2,140197,792,6321,134668,92,70,60,2,21,Python,92,57,Negative,No,38,50,High,None,Attrition,2026-10-01,12
EMP01876,Employee_1876,59,Male,Marketing,Analyst,MCA,Bhubaneswar,2021-04-22,18,MGR069,2026-08-01,Present,09:30,19:20,0,8.0,Yes,Verified,Failed,Yes,Evening,3.7,No,Casual,6,15,Approved,8.7,5.0,2.7,124404,17537,7140,134801,52,51,97,2,25,Excel,49,89,Positive,No,81,48,Medium,None,None,2026-04-22,7
EMP01877,Employee_1877,48,Female,Marketing,Analyst,Master,Pune,2024-10-09,10,MGR058,2026-08-01,Present,09:33,20:38,0,8.5,Yes,Failed,Failed,Yes,Morning,0.1,Yes,None,7,2,Approved,8.7,6.2,7.8,113843,2327,3669,112501,67,40,73,3,62,Java,36,73,Neutral,No,12,28,High,None,Attrition,2026-10-09,2
EMP01878,Employee_1878,60,Male,IT,Engineer,MCA,Hyderabad,2023-06-05,6,MGR031,2026-08-01,Absent,09:15,19:09,0,7.6,Yes,Failed,Success,Yes,Evening,3.2,No,Casual,15,29,Rejected,6.2,7.4,3.0,103777,730,7769,96738,76,92,88,4,31,SQL,68,85,Neutral,No,74,99,Medium,Late,None,2026-06-05,9
EMP01879,Employee_1879,52,Female,IT,Engineer,MBA,Bangalore,2022-11-19,9,MGR075,2026-08-01,Present,09:53,18:51,0,7.8,Yes,Verified,Failed,Yes,Morning,1.1,No,Casual,12,28,Pending,6.8,6.2,2.0,101151,8645,8804,100992,57,98,51,3,47,Java,43,81,Negative,No,88,49,Low,None,Compliance,2026-11-19,11
EMP01880,Employee_1880,46,Male,Support,Executive,Master,Hyderabad,2023-02-01,10,MGR059,2026-08-01,Present,09:01,19:06,0,8.4,Yes,Verified,Success,Yes,Evening,5.0,No,None,5,5,Pending,6.9,4.5,3.2,90436,10386,7110,93712,66,96,76,5,37,Power BI,5,49,Positive,No,67,50,Medium,Performance,Attrition,2026-02-01,7
EMP01881,Employee_1881,50,Female,Support,Coordinator,B.Tech,Chennai,2023-02-08,5,MGR030,2026-08-01,Present,09:44,20:24,0,8.2,Yes,Verified,Success,Yes,Night,0.0,No,None,9,5,Approved,8.5,7.8,7.9,125394,9708,4440,130662,81,71,99,3,52,SAP,92,81,Neutral,No,17,32,High,Leave,None,2026-02-08,7
EMP01882,Employee_1882,26,Female,Operations,Manager,B.Tech,Hyderabad,2024-09-16,5,MGR079,2026-08-01,Absent,09:29,20:35,0,7.4,Yes,Verified,Success,Yes,Morning,2.6,No,None,11,24,Rejected,6.8,5.9,7.5,123220,19784,2036,140968,64,97,62,2,71,Excel,74,61,Negative,No,16,19,High,Performance,Attrition,2026-09-16,11
EMP01883,Employee_1883,41,Male,IT,Coordinator,MCA,Pune,2019-10-05,16,MGR041,2026-08-01,Present,09:52,18:11,0,7.0,Yes,Verified,Success,Yes,Night,3.9,Yes,Earned,3,15,Pending,6.7,5.7,3.9,144770,2941,3743,143968,93,55,79,4,39,SAP,53,47,Positive,No,52,43,High,Leave,Attrition,2026-10-05,4
EMP01884,Employee_1884,24,Female,Support,Engineer,Bachelor,Bangalore,2023-09-09,8,MGR003,2026-08-01,Present,09:30,19:46,0,8.2,Yes,Failed,Success,Yes,Night,5.9,Yes,Earned,0,24,Pending,6.9,4.8,5.1,93074,3642,1228,95488,79,54,63,2,15,Python,56,92,Negative,No,48,56,Medium,None,Compliance,2026-09-09,2
EMP01885,Employee_1885,37,Male,Finance,Manager,Bachelor,Bangalore,2018-06-13,15,MGR048,2026-08-01,Present,09:53,20:34,0,8.7,Yes,Verified,Success,Yes,Morning,1.8,Yes,Casual,11,10,Approved,8.7,4.3,2.0,55909,18936,6708,68137,89,73,79,3,45,AWS,39,99,Negative,No,61,63,High,None,None,2026-06-13,5
EMP01886,Employee_1886,54,Male,Marketing,Executive,Bachelor,Bangalore,2023-04-29,8,MGR013,2026-08-01,Absent,09:56,18:25,0,7.6,Yes,Verified,Success,Yes,Morning,3.5,Yes,None,17,16,Approved,6.2,5.5,4.1,30679,3248,2175,31752,93,80,58,5,57,Python,5,91,Negative,No,51,52,Low,Performance,Compliance,2026-04-29,9
EMP01887,Employee_1887,37,Female,Sales,Manager,B.Tech,Delhi,2021-03-27,0,MGR047,2026-08-01,Present,08:10,18:10,0,9.0,Yes,Verified,Failed,Yes,Morning,1.4,No,Earned,17,13,Rejected,7.6,7.6,3.2,131313,3470,9811,124972,88,54,62,4,41,HRMS,16,84,Neutral,No,24,77,Medium,None,Attrition,2026-03-27,9
EMP01888,Employee_1888,60,Female,Sales,Specialist,B.Tech,Chennai,2022-07-04,18,MGR050,2026-08-01,Absent,09:29,20:12,0,8.4,Yes,Failed,Failed,Yes,Night,1.8,No,Earned,3,17,Rejected,8.4,6.9,5.1,85672,16984,6226,96430,97,84,88,3,52,HRMS,44,49,Positive,No,58,27,High,Leave,Attrition,2026-07-04,9
EMP01889,Employee_1889,26,Female,Support,Engineer,B.Tech,Hyderabad,2022-03-31,3,MGR001,2026-08-01,Present,09:51,18:23,0,8.6,Yes,Verified,Failed,Yes,Evening,7.5,No,None,16,22,Rejected,6.7,4.5,7.1,41380,1685,5403,37662,96,68,65,2,68,Power BI,56,65,Positive,No,65,90,High,Performance,None,2026-03-31,7
EMP01890,Employee_1890,46,Male,HR,Specialist,MCA,Chennai,2019-08-18,1,MGR078,2026-08-01,Present,09:58,19:44,0,7.2,Yes,Verified,Failed,Yes,Night,3.0,Yes,Casual,0,7,Approved,8.2,5.7,6.2,139680,15446,2748,152378,65,65,94,2,43,Java,92,100,Positive,No,20,96,High,Performance,Compliance,2026-08-18,2
EMP01891,Employee_1891,46,Male,HR,Executive,MBA,Chennai,2018-10-13,20,MGR013,2026-08-01,Present,08:54,18:35,0,8.7,Yes,Failed,Success,Yes,Morning,3.1,Yes,Sick,4,29,Approved,7.8,5.3,4.4,47170,5827,1860,51137,70,58,77,5,74,Power BI,31,90,Positive,No,59,99,Medium,Late,Payroll,2026-10-13,3
EMP01892,Employee_1892,38,Male,Operations,Executive,B.Tech,Bangalore,2024-07-09,6,MGR065,2026-08-01,Absent,10:39,18:11,73,7.4,Yes,Verified,Success,Yes,Morning,2.6,Yes,Earned,12,1,Rejected,8.3,7.0,6.4,102454,562,7347,95669,76,41,89,3,25,SQL,36,44,Neutral,No,95,31,High,Late,Attrition,2026-07-09,2
EMP01893,Employee_1893,49,Female,Support,Analyst,MBA,Bangalore,2019-10-18,7,MGR068,2026-08-01,Present,09:35,20:28,0,7.5,Yes,Verified,Success,Yes,Evening,1.9,Yes,Casual,2,4,Approved,8.6,7.0,4.7,69997,9164,9553,69608,95,87,51,4,74,Python,30,46,Positive,No,49,50,Medium,Leave,Compliance,2026-10-18,10
EMP01894,Employee_1894,56,Male,Support,Engineer,Master,Chennai,2018-02-10,13,MGR047,2026-08-01,Present,08:39,18:07,0,7.5,Yes,Failed,Success,Yes,Night,2.3,No,Casual,10,20,Pending,6.9,6.4,6.8,54040,18942,5495,67487,65,95,93,3,6,Python,49,69,Negative,No,85,8,High,Late,Payroll,2026-02-10,7
EMP01895,Employee_1895,28,Female,Support,Manager,B.Tech,Bangalore,2024-04-08,13,MGR063,2026-08-01,Present,08:19,18:27,0,8.6,Yes,Failed,Success,Yes,Evening,0.4,Yes,Earned,12,24,Pending,8.8,6.6,5.3,76841,2116,2371,76586,74,75,88,4,62,Python,56,53,Negative,No,48,82,Low,None,None,2026-04-08,12
EMP01896,Employee_1896,29,Male,Operations,Executive,MCA,Delhi,2023-09-22,11,MGR032,2026-08-01,WFH,10:19,18:43,66,8.9,Yes,Verified,Success,Yes,Evening,5.4,No,None,3,30,Pending,6.7,5.4,7.0,145761,19827,8275,157313,75,68,70,5,49,AWS,22,79,Negative,No,79,0,Medium,Late,None,2026-09-22,4
EMP01897,Employee_1897,27,Male,HR,Analyst,MCA,Chennai,2022-06-16,19,MGR044,2026-08-01,Present,08:39,20:47,0,8.4,Yes,Verified,Success,Yes,Evening,3.4,Yes,Earned,8,3,Pending,8.7,5.4,2.8,148104,662,5444,143322,50,63,86,5,31,AWS,33,45,Neutral,No,73,93,Low,Late,Attrition,2026-06-16,5
EMP01898,Employee_1898,58,Male,Marketing,Specialist,MBA,Delhi,2020-01-29,15,MGR040,2026-08-01,Present,09:20,18:36,0,8.6,Yes,Verified,Failed,Yes,Evening,3.0,No,Casual,14,29,Rejected,6.3,5.6,6.8,44551,10660,8860,46351,61,81,85,4,70,Java,85,74,Negative,No,71,71,High,Leave,None,2026-01-29,12
EMP01899,Employee_1899,53,Male,Operations,Coordinator,MCA,Bangalore,2023-07-16,6,MGR013,2026-08-01,Present,09:42,20:02,0,9.0,Yes,Verified,Success,Yes,Morning,1.7,Yes,None,11,20,Approved,8.3,6.3,6.1,93038,18048,2253,108833,83,79,51,3,37,Power BI,85,66,Negative,No,80,5,High,Performance,Compliance,2026-07-16,6
EMP01900,Employee_1900,58,Female,Operations,Specialist,MBA,Chennai,2020-08-26,1,MGR056,2026-08-01,Present,09:04,18:07,0,9.0,Yes,Verified,Success,Yes,Night,3.6,Yes,Earned,12,20,Approved,7.2,7.7,5.7,111098,15,9610,101503,80,57,98,5,17,Power BI,30,96,Positive,No,77,36,Medium,Leave,Attrition,2026-08-26,2
EMP01901,Employee_1901,25,Male,Sales,Analyst,MBA,Delhi,2019-01-09,8,MGR040,2026-08-01,Present,09:04,19:59,0,7.6,Yes,Verified,Success,Yes,Evening,0.0,Yes,Casual,10,2,Approved,6.5,7.4,5.2,102843,12059,7509,107393,94,64,80,4,5,Java,74,46,Neutral,No,60,13,Low,None,Attrition,2026-01-09,3
EMP01902,Employee_1902,47,Female,Operations,Analyst,B.Tech,Hyderabad,2022-11-04,1,MGR007,2026-08-01,Present,08:48,20:45,0,7.9,Yes,Verified,Success,Yes,Morning,1.6,Yes,Casual,14,15,Approved,7.9,7.2,7.4,92174,11523,1159,102538,89,74,54,5,14,HRMS,55,91,Neutral,No,86,60,Low,Leave,Compliance,2026-11-04,3
EMP01903,Employee_1903,52,Female,Marketing,Specialist,Master,Bangalore,2021-07-16,8,MGR047,2026-08-01,Present,10:11,18:35,70,8.6,Yes,Failed,Success,Yes,Morning,0.0,No,Sick,11,12,Rejected,7.3,5.4,5.4,123724,7173,3377,127520,99,79,92,2,17,Power BI,39,81,Neutral,No,62,66,Low,Performance,Compliance,2026-07-16,6
EMP01904,Employee_1904,38,Female,IT,Executive,B.Tech,Chennai,2023-04-05,13,MGR020,2026-08-01,Present,10:43,19:52,74,7.0,Yes,Verified,Failed,Yes,Evening,3.1,No,Sick,11,14,Rejected,8.9,7.2,2.8,49871,3046,5304,47613,72,60,92,2,62,HRMS,76,77,Negative,No,78,98,Medium,Leave,None,2026-04-05,2
EMP01905,Employee_1905,48,Male,HR,Manager,MBA,Pune,2021-03-14,3,MGR047,2026-08-01,WFH,10:47,20:36,78,9.1,Yes,Verified,Failed,Yes,Morning,4.9,No,Sick,7,10,Rejected,7.1,6.8,4.4,123596,6865,9274,121187,66,42,89,5,58,SAP,39,45,Negative,No,46,13,Low,Performance,Payroll,2026-03-14,1
EMP01906,Employee_1906,29,Female,Sales,Specialist,B.Tech,Bangalore,2021-08-26,1,MGR042,2026-08-01,Present,09:11,18:32,0,8.3,Yes,Verified,Failed,Yes,Morning,0.7,Yes,Earned,11,2,Pending,7.9,5.9,6.9,103373,7242,2855,107760,86,76,64,3,78,Java,44,81,Positive,No,31,57,High,None,None,2026-08-26,6
EMP01907,Employee_1907,57,Female,Operations,Engineer,Bachelor,Hyderabad,2021-07-10,13,MGR032,2026-08-01,Present,09:25,19:03,0,9.3,Yes,Verified,Success,Yes,Morning,3.4,Yes,Earned,13,2,Rejected,6.5,7.2,5.3,56008,148,2302,53854,98,92,99,5,52,Excel,15,41,Negative,No,82,51,High,Performance,Compliance,2026-07-10,6
EMP01908,Employee_1908,54,Male,Sales,Specialist,Master,Bhubaneswar,2021-05-12,8,MGR028,2026-08-01,Present,08:33,18:08,0,10.0,Yes,Verified,Success,Yes,Morning,2.5,No,Earned,14,9,Rejected,8.6,7.2,3.0,125911,8269,8830,125350,80,74,88,5,33,Excel,61,74,Negative,No,81,60,Low,Leave,Compliance,2026-05-12,8
EMP01909,Employee_1909,21,Female,IT,Analyst,B.Tech,Hyderabad,2021-12-01,14,MGR007,2026-08-01,Present,10:57,20:16,62,8.6,Yes,Failed,Success,Yes,Evening,2.6,Yes,Sick,10,1,Pending,7.9,6.5,3.3,119908,10863,8946,121825,84,80,68,2,44,HRMS,69,72,Negative,No,83,30,Low,Late,None,2026-12-01,11
EMP01910,Employee_1910,57,Female,HR,Engineer,Master,Hyderabad,2023-05-20,18,MGR062,2026-08-01,Present,08:40,20:39,0,9.4,Yes,Verified,Success,Yes,Evening,6.0,No,Casual,1,11,Rejected,7.7,5.1,3.6,43746,17873,1961,59658,52,83,84,3,52,SAP,81,95,Negative,No,22,26,High,Late,Compliance,2026-05-20,12
EMP01911,Employee_1911,41,Male,IT,Manager,B.Tech,Pune,2019-03-05,7,MGR067,2026-08-01,Present,08:57,18:57,0,8.5,Yes,Verified,Success,Yes,Morning,0.2,No,Earned,15,15,Pending,7.5,4.1,6.9,113016,9212,7405,114823,61,77,100,5,64,AWS,7,68,Neutral,No,14,81,Low,Late,Attrition,2026-03-05,9
EMP01912,Employee_1912,36,Male,Operations,Analyst,Bachelor,Hyderabad,2019-01-01,9,MGR049,2026-08-01,Present,08:04,19:46,0,8.8,Yes,Verified,Failed,Yes,Morning,0.6,Yes,Earned,8,21,Pending,6.6,6.7,3.6,127800,7583,6343,129040,57,93,90,5,73,Java,73,49,Negative,No,63,93,High,Leave,None,2026-01-01,2
EMP01913,Employee_1913,26,Female,Operations,Coordinator,Master,Bhubaneswar,2023-12-18,20,MGR070,2026-08-01,Present,09:59,19:04,0,7.5,Yes,Failed,Success,Yes,Morning,1.4,Yes,Sick,1,23,Approved,7.0,6.9,4.8,25823,5935,3482,28276,64,40,99,3,79,Python,52,60,Neutral,No,28,61,Low,None,None,2026-12-18,7
EMP01914,Employee_1914,43,Female,Operations,Analyst,MBA,Bangalore,2021-10-17,13,MGR001,2026-08-01,Present,10:27,20:06,69,9.3,Yes,Verified,Failed,Yes,Morning,0.0,No,Casual,11,3,Pending,8.1,4.7,7.1,50463,5974,4105,52332,77,48,59,5,74,Power BI,29,86,Negative,No,46,95,Medium,Performance,None,2026-10-17,9
EMP01915,Employee_1915,22,Female,Sales,Coordinator,B.Tech,Pune,2021-05-17,20,MGR033,2026-08-01,Present,09:00,18:40,0,8.6,Yes,Failed,Success,Yes,Evening,0.5,No,Earned,6,18,Rejected,8.5,5.5,4.1,84319,9752,3984,90087,74,41,78,3,11,Power BI,35,97,Positive,No,80,32,High,Performance,Attrition,2026-05-17,6
EMP01916,Employee_1916,50,Male,Marketing,Analyst,Master,Chennai,2019-09-26,16,MGR068,2026-08-01,Present,08:51,20:53,0,7.9,Yes,Verified,Success,Yes,Morning,4.5,Yes,Sick,11,22,Pending,7.9,4.7,2.4,47823,6043,4879,48987,75,87,52,5,3,SAP,40,43,Neutral,No,83,58,Medium,Late,Compliance,2026-09-26,2
EMP01917,Employee_1917,21,Male,Sales,Engineer,B.Tech,Delhi,2023-02-10,8,MGR017,2026-08-01,Absent,10:58,19:56,60,9.7,Yes,Verified,Success,Yes,Evening,1.0,Yes,None,9,7,Pending,7.0,6.4,6.5,92051,18945,3277,107719,77,63,79,2,20,SAP,18,75,Neutral,No,80,14,High,Leave,None,2026-02-10,12
EMP01918,Employee_1918,23,Male,Sales,Executive,Bachelor,Delhi,2021-05-31,9,MGR053,2026-08-01,Present,09:27,19:43,0,8.5,Yes,Failed,Success,Yes,Evening,4.2,Yes,None,12,8,Pending,6.2,7.5,6.0,130817,7772,8344,130245,87,45,59,3,75,Excel,54,97,Positive,No,28,18,High,None,Compliance,2026-05-31,10
EMP01919,Employee_1919,30,Male,Marketing,Executive,B.Tech,Bangalore,2023-01-09,17,MGR055,2026-08-01,Present,10:22,18:39,76,8.3,Yes,Verified,Success,Yes,Evening,7.8,No,None,2,7,Rejected,8.6,7.7,4.9,124929,9742,7958,126713,89,78,55,3,38,Excel,69,55,Negative,No,66,86,Medium,None,Payroll,2026-01-09,4
EMP01920,Employee_1920,27,Female,Sales,Executive,Bachelor,Hyderabad,2018-02-26,2,MGR011,2026-08-01,WFH,10:34,20:35,80,8.5,Yes,Failed,Success,Yes,Evening,3.1,Yes,Casual,6,5,Rejected,8.5,5.2,5.0,133259,12314,605,144968,54,55,74,3,4,Java,24,68,Neutral,No,54,47,Medium,Performance,Attrition,2026-02-26,12
EMP01921,Employee_1921,54,Male,Sales,Executive,MBA,Delhi,2020-10-09,9,MGR058,2026-08-01,Present,10:54,18:29,69,9.0,Yes,Verified,Success,Yes,Night,3.8,Yes,Sick,4,20,Pending,7.4,6.4,4.9,68456,16610,4490,80576,89,80,74,5,26,Excel,60,47,Negative,No,19,76,Low,Leave,None,2026-10-09,8
EMP01922,Employee_1922,28,Female,HR,Engineer,B.Tech,Pune,2018-05-06,2,MGR028,2026-08-01,Present,10:18,18:35,74,9.9,Yes,Verified,Failed,Yes,Evening,3.1,No,Casual,3,25,Rejected,8.1,5.0,4.1,66066,1732,8655,59143,60,80,90,5,59,Power BI,35,57,Negative,No,66,44,Low,Performance,Compliance,2026-05-06,11
EMP01923,Employee_1923,32,Female,Operations,Specialist,MCA,Pune,2018-05-19,17,MGR053,2026-08-01,WFH,08:20,18:24,0,8.3,Yes,Verified,Success,Yes,Evening,1.9,No,Sick,4,16,Pending,7.1,4.3,7.9,51066,15833,10000,56899,51,55,70,3,46,AWS,70,46,Negative,No,17,86,High,None,Attrition,2026-05-19,7
EMP01924,Employee_1924,33,Female,HR,Analyst,MCA,Hyderabad,2018-05-02,6,MGR070,2026-08-01,Present,09:01,20:27,0,9.9,Yes,Failed,Failed,Yes,Night,8.3,Yes,Earned,13,16,Approved,8.3,7.4,4.5,87921,6087,1719,92289,94,100,57,5,1,SAP,84,73,Neutral,No,31,8,High,None,Attrition,2026-05-02,4
EMP01925,Employee_1925,32,Male,Finance,Engineer,MBA,Pune,2018-01-28,1,MGR003,2026-08-01,Present,10:21,20:28,63,9.6,Yes,Verified,Success,Yes,Morning,2.2,Yes,None,17,21,Rejected,7.1,5.3,6.0,29089,8840,7888,30041,50,81,56,2,69,SAP,67,77,Positive,No,17,83,Medium,Late,Payroll,2026-01-28,3
EMP01926,Employee_1926,33,Female,Marketing,Engineer,Master,Bangalore,2020-07-10,20,MGR011,2026-08-01,Absent,09:43,19:12,0,9.4,Yes,Verified,Success,Yes,Night,3.4,Yes,Casual,11,22,Approved,6.7,6.5,3.4,112012,8676,3309,117379,58,71,77,4,74,Python,32,92,Negative,No,71,83,Medium,Leave,Attrition,2026-07-10,11
EMP01927,Employee_1927,56,Male,Support,Coordinator,MCA,Pune,2020-07-30,13,MGR049,2026-08-01,Present,08:19,19:13,0,10.0,Yes,Verified,Success,Yes,Night,0.5,Yes,Casual,3,11,Rejected,8.3,6.0,3.3,134927,1004,7289,128642,52,89,54,2,9,Python,25,52,Negative,No,61,10,Low,Performance,Compliance,2026-07-30,8
EMP01928,Employee_1928,36,Female,HR,Analyst,B.Tech,Bangalore,2021-08-29,15,MGR072,2026-08-01,Present,08:53,19:55,0,8.1,Yes,Verified,Failed,Yes,Morning,1.0,No,Casual,13,11,Approved,6.0,5.1,5.9,66007,1971,3615,64363,77,90,50,2,21,SAP,30,51,Positive,No,61,78,High,Late,Attrition,2026-08-29,3
EMP01929,Employee_1929,42,Male,Support,Analyst,Bachelor,Bangalore,2023-10-21,18,MGR031,2026-08-01,Present,09:54,20:16,0,10.0,Yes,Failed,Failed,Yes,Evening,4.3,No,Earned,9,14,Rejected,7.7,5.4,4.3,27130,19249,8015,38364,97,62,88,2,67,SQL,97,93,Neutral,No,18,26,Low,Late,Compliance,2026-10-21,10
EMP01930,Employee_1930,34,Female,Operations,Engineer,Master,Bangalore,2019-08-18,2,MGR032,2026-08-01,Absent,10:14,18:56,69,7.2,Yes,Verified,Success,Yes,Night,3.2,Yes,Sick,9,12,Approved,6.6,7.0,5.6,119385,5461,1758,123088,93,40,87,3,43,SAP,82,51,Positive,No,31,3,Medium,Leave,Compliance,2026-08-18,1
EMP01931,Employee_1931,48,Male,IT,Coordinator,Bachelor,Hyderabad,2018-03-23,7,MGR068,2026-08-01,Present,09:19,18:31,0,9.6,Yes,Verified,Success,Yes,Morning,2.1,No,Earned,6,4,Pending,7.2,4.1,6.4,92035,14165,115,106085,81,64,98,2,29,Power BI,41,48,Neutral,No,94,31,High,Performance,Attrition,2026-03-23,8
EMP01932,Employee_1932,38,Male,Support,Analyst,Master,Pune,2020-11-25,11,MGR051,2026-08-01,Present,10:19,18:50,77,7.9,Yes,Verified,Success,Yes,Morning,4.8,Yes,Casual,2,18,Rejected,7.7,6.8,3.9,149341,18944,1550,166735,89,63,65,3,25,SAP,13,72,Negative,No,42,96,Low,Leave,None,2026-11-25,9
EMP01933,Employee_1933,30,Male,IT,Analyst,Bachelor,Hyderabad,2023-12-24,20,MGR012,2026-08-01,Present,10:59,20:56,71,9.5,Yes,Verified,Failed,Yes,Morning,1.8,No,Sick,0,18,Pending,6.8,7.7,7.0,111340,17861,5499,123702,62,95,58,3,15,SAP,1,55,Negative,No,56,93,Low,Leave,Compliance,2026-12-24,4
EMP01934,Employee_1934,57,Male,Sales,Specialist,Bachelor,Bangalore,2022-01-25,10,MGR050,2026-08-01,Present,10:45,19:55,68,7.4,Yes,Verified,Failed,Yes,Evening,3.7,No,Casual,0,30,Pending,7.0,5.6,4.2,121171,2264,6747,116688,81,82,78,3,16,Excel,43,82,Neutral,No,20,61,Low,Performance,Payroll,2026-01-25,12
EMP01935,Employee_1935,59,Female,Finance,Executive,Bachelor,Pune,2024-02-29,7,MGR041,2026-08-01,Present,09:03,19:45,0,8.5,Yes,Verified,Success,Yes,Night,0.4,Yes,Earned,5,23,Rejected,7.5,4.0,6.4,30621,11576,9487,32710,93,50,74,5,3,Power BI,81,72,Neutral,No,91,6,Low,Performance,None,2026-02-28,2
EMP01936,Employee_1936,30,Female,Operations,Specialist,B.Tech,Delhi,2018-04-16,19,MGR066,2026-08-01,WFH,09:03,20:34,0,9.8,Yes,Verified,Success,Yes,Night,3.7,No,Sick,9,12,Rejected,8.8,5.3,2.4,141765,4745,3184,143326,54,51,67,2,22,Power BI,76,66,Positive,No,64,98,High,None,Compliance,2026-04-16,9
EMP01937,Employee_1937,56,Female,Sales,Executive,MCA,Bangalore,2020-01-13,6,MGR075,2026-08-01,Present,08:20,19:46,0,8.4,Yes,Failed,Success,Yes,Night,1.8,No,Earned,19,7,Pending,7.7,7.3,6.0,132897,4726,1268,136355,72,61,87,4,56,SQL,10,89,Negative,No,89,61,High,Late,Payroll,2026-01-13,12
EMP01938,Employee_1938,34,Female,Operations,Specialist,B.Tech,Hyderabad,2023-10-26,14,MGR020,2026-08-01,Present,08:49,19:46,0,7.6,Yes,Verified,Failed,Yes,Night,3.2,Yes,Casual,16,13,Approved,7.0,6.6,5.7,27370,14203,3260,38313,75,59,53,5,61,HRMS,17,42,Negative,No,90,22,High,Late,None,2026-10-26,8
EMP01939,Employee_1939,38,Female,Marketing,Coordinator,Bachelor,Chennai,2021-06-13,4,MGR031,2026-08-01,Present,10:04,19:42,70,9.0,Yes,Verified,Success,Yes,Morning,2.5,No,Casual,8,10,Pending,8.9,5.4,6.7,108989,8058,2343,114704,57,56,64,2,39,Excel,69,99,Positive,No,54,7,Low,Performance,Compliance,2026-06-13,1
EMP01940,Employee_1940,58,Female,Support,Specialist,Master,Chennai,2021-11-29,17,MGR025,2026-08-01,Present,08:18,18:33,0,7.7,Yes,Verified,Success,Yes,Morning,1.0,No,None,1,14,Pending,7.9,6.6,3.7,57924,2453,5895,54482,80,65,68,3,18,Excel,50,79,Positive,No,73,82,Low,Late,Compliance,2026-11-29,5
EMP01941,Employee_1941,27,Female,HR,Analyst,MBA,Bangalore,2019-12-11,9,MGR041,2026-08-01,Absent,09:25,18:39,0,7.1,Yes,Verified,Success,Yes,Morning,3.1,No,Casual,14,26,Approved,7.7,6.2,7.4,101970,4978,1307,105641,60,68,99,5,4,Java,25,45,Neutral,No,31,14,Low,Performance,None,2026-12-11,8
EMP01942,Employee_1942,44,Female,IT,Executive,MCA,Delhi,2023-11-12,12,MGR035,2026-08-01,WFH,09:24,20:42,0,8.0,Yes,Verified,Success,Yes,Evening,3.8,No,Earned,5,0,Rejected,7.2,7.8,5.1,142134,13176,1482,153828,64,64,98,4,80,SAP,39,78,Positive,No,81,80,Low,Performance,None,2026-11-12,2
EMP01943,Employee_1943,26,Male,Operations,Executive,Bachelor,Pune,2020-04-06,9,MGR041,2026-08-01,Present,09:56,20:50,0,9.8,Yes,Failed,Failed,Yes,Night,3.4,Yes,Sick,6,27,Rejected,7.4,6.9,2.1,55465,7983,1926,61522,52,86,63,2,28,SAP,75,78,Positive,No,61,9,High,Leave,None,2026-04-06,3
EMP01944,Employee_1944,21,Male,Support,Analyst,MBA,Pune,2023-03-11,14,MGR055,2026-08-01,Present,09:41,18:18,0,9.9,Yes,Verified,Failed,Yes,Night,6.4,Yes,Earned,14,0,Approved,7.0,4.6,4.5,127294,14047,4216,137125,72,71,67,2,4,AWS,13,68,Neutral,Yes,43,38,Medium,None,Compliance,2026-03-11,9
EMP01945,Employee_1945,35,Female,IT,Engineer,MCA,Bhubaneswar,2024-02-14,12,MGR013,2026-08-01,Present,09:39,20:32,0,8.7,Yes,Verified,Success,Yes,Night,1.8,Yes,None,7,0,Pending,6.6,4.0,7.7,70000,4739,6428,68311,90,87,99,4,45,Python,59,90,Neutral,No,25,32,Low,Leave,Attrition,2026-02-14,9
EMP01946,Employee_1946,27,Male,Marketing,Engineer,Bachelor,Bhubaneswar,2023-03-30,19,MGR014,2026-08-01,Present,08:38,20:33,0,8.8,Yes,Verified,Failed,Yes,Evening,5.6,No,None,13,18,Rejected,8.5,5.1,5.7,88073,7911,3692,92292,89,73,91,2,28,HRMS,32,97,Neutral,No,87,1,High,Performance,None,2026-03-30,1
EMP01947,Employee_1947,31,Male,IT,Manager,Master,Pune,2022-10-17,10,MGR042,2026-08-01,Present,08:08,19:44,0,7.1,Yes,Failed,Success,Yes,Night,3.3,No,None,4,20,Approved,8.8,7.4,5.8,114583,6866,9055,112394,84,68,59,3,5,HRMS,78,65,Neutral,No,66,63,Medium,Performance,Attrition,2026-10-17,9
EMP01948,Employee_1948,37,Male,Marketing,Executive,Master,Bhubaneswar,2023-08-29,1,MGR051,2026-08-01,Present,09:13,18:39,0,8.0,Yes,Failed,Failed,Yes,Night,4.4,No,Sick,3,14,Pending,7.5,7.1,6.6,136884,325,8394,128815,65,65,79,3,2,HRMS,95,44,Negative,No,73,45,Low,None,Compliance,2026-08-29,9
EMP01949,Employee_1949,25,Female,HR,Analyst,MBA,Chennai,2018-11-11,17,MGR027,2026-08-01,Present,09:12,19:44,0,8.6,Yes,Failed,Failed,Yes,Evening,2.1,Yes,Sick,17,10,Pending,6.2,7.7,7.5,36575,11584,3350,44809,97,68,83,2,38,Excel,57,64,Positive,No,22,99,High,Late,Compliance,2026-11-11,6
EMP01950,Employee_1950,44,Male,Finance,Coordinator,B.Tech,Delhi,2023-05-12,6,MGR055,2026-08-01,Present,10:48,20:11,76,8.0,Yes,Failed,Success,Yes,Evening,1.8,Yes,None,3,19,Approved,8.8,7.2,6.4,103169,11635,3789,111015,85,76,82,5,10,Java,30,85,Positive,No,45,39,Medium,Performance,Payroll,2026-05-12,4
EMP01951,Employee_1951,46,Female,IT,Specialist,Master,Chennai,2021-07-01,20,MGR065,2026-08-01,Present,09:03,19:09,0,8.6,Yes,Failed,Success,Yes,Morning,2.3,Yes,None,2,1,Rejected,7.4,5.3,2.2,148306,5111,9125,144292,62,51,96,3,45,SAP,2,81,Neutral,No,46,10,Medium,Late,Compliance,2026-07-01,5
EMP01952,Employee_1952,54,Female,Support,Manager,B.Tech,Bangalore,2020-05-07,19,MGR029,2026-08-01,Present,08:17,18:40,0,10.0,Yes,Verified,Failed,Yes,Evening,4.7,No,None,5,4,Rejected,7.2,7.0,4.2,105539,10625,8262,107902,87,79,57,4,34,Excel,98,60,Positive,No,83,46,High,Leave,Attrition,2026-05-07,10
EMP01953,Employee_1953,53,Male,Sales,Engineer,B.Tech,Bangalore,2019-05-14,1,MGR013,2026-08-01,Present,09:41,18:30,0,9.8,Yes,Verified,Success,Yes,Evening,7.8,Yes,None,15,17,Pending,6.8,6.0,5.5,57411,14266,7961,63716,51,62,59,2,73,SQL,69,94,Neutral,No,47,6,High,None,None,2026-05-14,3
EMP01954,Employee_1954,50,Male,HR,Engineer,Bachelor,Bangalore,2021-11-02,5,MGR004,2026-08-01,WFH,09:28,18:59,0,8.9,Yes,Verified,Success,Yes,Evening,2.3,Yes,Casual,16,21,Rejected,6.8,7.2,6.8,91913,4998,5308,91603,56,66,67,5,58,AWS,85,43,Negative,No,63,4,High,Late,Compliance,2026-11-02,8
EMP01955,Employee_1955,39,Female,Finance,Manager,MCA,Bhubaneswar,2018-10-10,18,MGR027,2026-08-01,Present,10:51,18:55,77,9.7,Yes,Verified,Success,Yes,Evening,1.3,Yes,Sick,10,27,Approved,6.2,7.2,4.6,27770,4280,1140,30910,88,99,82,2,56,AWS,2,94,Neutral,No,69,81,High,None,None,2026-10-10,7
EMP01956,Employee_1956,42,Male,Sales,Coordinator,MBA,Delhi,2020-01-22,20,MGR076,2026-08-01,Present,09:38,18:12,0,9.5,Yes,Verified,Success,Yes,Morning,4.6,No,Sick,10,15,Approved,7.4,6.9,5.8,34958,14798,8084,41672,76,67,53,2,45,SAP,78,64,Neutral,No,26,60,Low,Late,None,2026-01-22,12
EMP01957,Employee_1957,59,Female,Support,Analyst,Bachelor,Pune,2019-01-27,4,MGR038,2026-08-01,Present,09:17,19:04,0,8.2,Yes,Verified,Success,Yes,Morning,2.8,No,None,16,7,Pending,6.1,6.2,3.7,43248,2803,8444,37607,80,73,70,3,28,SQL,40,85,Positive,No,27,80,Medium,Leave,Compliance,2026-01-27,10
EMP01958,Employee_1958,38,Female,Marketing,Manager,MCA,Bhubaneswar,2020-09-25,13,MGR018,2026-08-01,Present,10:42,19:51,63,7.4,Yes,Verified,Failed,Yes,Evening,1.2,No,None,18,14,Approved,7.1,7.4,7.4,114610,12455,5773,121292,62,52,90,2,28,Python,18,43,Neutral,No,80,23,Low,None,Payroll,2026-09-25,4
EMP01959,Employee_1959,53,Female,Support,Executive,MBA,Bangalore,2023-09-21,7,MGR019,2026-08-01,Present,09:05,18:13,0,8.6,Yes,Verified,Success,Yes,Night,2.4,No,Casual,3,0,Pending,8.4,4.2,2.8,57802,18774,7674,68902,100,94,70,3,8,Excel,6,96,Negative,No,90,75,High,Performance,Compliance,2026-09-21,10
EMP01960,Employee_1960,22,Female,HR,Engineer,MBA,Hyderabad,2021-05-02,12,MGR023,2026-08-01,Present,09:22,19:08,0,8.5,Yes,Verified,Success,Yes,Morning,4.0,No,None,13,18,Pending,8.3,5.4,5.4,109265,16325,8051,117539,69,47,92,4,72,Python,32,60,Neutral,No,83,6,Medium,Leave,Payroll,2026-05-02,12
EMP01961,Employee_1961,25,Male,Support,Specialist,B.Tech,Bhubaneswar,2023-07-29,0,MGR057,2026-08-01,Present,10:49,20:38,64,9.4,Yes,Verified,Success,Yes,Morning,1.7,Yes,Casual,20,27,Approved,8.7,4.5,4.2,129761,14009,6605,137165,79,69,70,5,23,SQL,52,52,Neutral,No,89,20,High,Leave,Payroll,2026-07-29,5
EMP01962,Employee_1962,54,Male,Support,Manager,MBA,Delhi,2021-12-26,7,MGR080,2026-08-01,Present,08:29,19:23,0,9.8,Yes,Failed,Failed,Yes,Morning,1.9,No,Casual,14,10,Rejected,7.5,6.0,3.8,67357,10045,7479,69923,60,47,60,5,0,Excel,99,70,Negative,No,37,52,Low,None,None,2026-12-26,5
EMP01963,Employee_1963,23,Female,Support,Analyst,B.Tech,Delhi,2021-08-12,6,MGR074,2026-08-01,Present,09:32,19:12,0,7.0,Yes,Verified,Success,Yes,Night,4.1,No,Earned,4,13,Approved,7.8,5.0,4.0,124427,9442,2191,131678,91,57,88,2,6,Excel,27,99,Positive,No,22,31,High,Late,Attrition,2026-08-12,12
EMP01964,Employee_1964,33,Male,HR,Manager,B.Tech,Pune,2018-05-26,13,MGR023,2026-08-01,WFH,09:32,19:22,0,8.6,Yes,Verified,Success,Yes,Morning,2.5,Yes,Earned,15,27,Approved,7.5,4.8,7.9,120840,1727,7383,115184,92,53,83,3,56,Java,20,65,Positive,No,46,0,High,Leave,Payroll,2026-05-26,8
EMP01965,Employee_1965,58,Male,Operations,Specialist,Bachelor,Bangalore,2022-01-05,16,MGR001,2026-08-01,Present,09:04,20:05,0,8.4,Yes,Failed,Success,Yes,Morning,6.4,Yes,Earned,12,14,Rejected,8.9,4.5,5.5,147845,5131,3070,149906,75,71,83,3,42,SAP,50,67,Positive,No,29,10,High,Performance,Attrition,2026-01-05,12
EMP01966,Employee_1966,49,Female,IT,Executive,MBA,Delhi,2021-03-04,16,MGR024,2026-08-01,Present,09:34,18:13,0,7.4,Yes,Failed,Success,Yes,Night,4.7,Yes,None,9,30,Approved,7.8,5.5,5.0,70290,12373,5897,76766,92,57,70,2,57,Excel,41,50,Neutral,No,43,4,Medium,None,Payroll,2026-03-04,11
EMP01967,Employee_1967,24,Female,Finance,Executive,MBA,Hyderabad,2024-05-27,8,MGR028,2026-08-01,Present,08:11,20:03,0,7.7,Yes,Verified,Success,Yes,Evening,3.2,Yes,Casual,13,24,Rejected,6.8,4.7,5.5,43756,16329,5096,54989,75,89,64,4,24,SAP,4,97,Negative,No,14,76,Medium,None,None,2026-05-27,4
EMP01968,Employee_1968,27,Female,Marketing,Manager,Master,Hyderabad,2024-10-20,2,MGR012,2026-08-01,Absent,08:34,19:44,0,7.9,Yes,Verified,Success,Yes,Morning,3.6,Yes,Sick,5,16,Approved,8.9,7.8,6.5,45461,14420,7096,52785,60,79,80,3,44,SAP,3,52,Neutral,No,13,79,Medium,None,None,2026-10-20,5
EMP01969,Employee_1969,27,Female,IT,Analyst,B.Tech,Chennai,2023-12-31,17,MGR041,2026-08-01,Present,09:30,19:18,0,7.5,Yes,Failed,Success,Yes,Night,1.2,No,Sick,4,3,Rejected,6.5,4.3,6.1,110556,8739,8528,110767,92,89,72,5,69,HRMS,76,49,Neutral,No,46,20,High,None,None,2026-12-31,4
EMP01970,Employee_1970,27,Male,HR,Executive,Bachelor,Hyderabad,2019-05-05,0,MGR038,2026-08-01,Present,09:31,20:41,0,9.0,Yes,Verified,Success,Yes,Evening,7.6,No,None,3,11,Approved,6.4,6.7,6.4,43085,16773,1343,58515,58,42,81,2,30,SAP,98,100,Positive,No,90,10,Medium,Late,None,2026-05-05,7
EMP01971,Employee_1971,46,Female,Sales,Executive,MBA,Bhubaneswar,2019-06-16,12,MGR050,2026-08-01,WFH,10:03,19:17,70,8.6,Yes,Failed,Failed,Yes,Night,2.3,No,Sick,1,8,Rejected,6.4,5.4,7.4,87744,3665,9532,81877,96,79,97,5,64,HRMS,37,94,Neutral,No,38,64,Medium,Leave,Payroll,2026-06-16,2
EMP01972,Employee_1972,49,Male,HR,Manager,MBA,Bangalore,2019-12-07,10,MGR035,2026-08-01,Present,09:29,20:13,0,9.7,Yes,Verified,Success,Yes,Morning,2.9,No,None,10,17,Pending,7.6,4.1,8.0,89679,13616,6907,96388,63,59,70,3,67,AWS,53,87,Negative,No,85,62,Medium,None,None,2026-12-07,5
EMP01973,Employee_1973,32,Female,IT,Engineer,MBA,Delhi,2022-02-13,5,MGR068,2026-08-01,Absent,09:40,19:00,0,9.7,Yes,Verified,Success,Yes,Evening,0.0,Yes,Casual,17,12,Approved,7.4,7.9,3.1,81925,7741,4959,84707,84,100,75,3,15,Power BI,12,44,Negative,No,42,1,High,Leave,Attrition,2026-02-13,5
EMP01974,Employee_1974,28,Male,HR,Coordinator,B.Tech,Bangalore,2019-09-27,15,MGR048,2026-08-01,Present,09:12,18:57,0,9.1,Yes,Verified,Success,Yes,Evening,2.9,Yes,None,3,27,Rejected,8.0,7.2,4.6,107850,10210,7662,110398,89,62,59,4,78,SAP,99,58,Negative,No,11,21,High,Late,Compliance,2026-09-27,11
EMP01975,Employee_1975,48,Male,Support,Specialist,Master,Chennai,2022-01-09,20,MGR067,2026-08-01,Present,09:03,19:18,0,8.7,Yes,Verified,Success,Yes,Night,3.3,Yes,Sick,20,10,Pending,7.3,4.8,5.7,114339,12244,9789,116794,98,84,53,4,39,SAP,82,60,Positive,No,91,0,Medium,Late,Payroll,2026-01-09,3
EMP01976,Employee_1976,34,Male,IT,Manager,B.Tech,Bhubaneswar,2021-08-05,14,MGR056,2026-08-01,Present,10:45,19:12,68,8.5,Yes,Verified,Failed,Yes,Night,7.0,No,None,12,16,Rejected,8.6,7.0,4.8,92879,19409,9521,102767,59,70,89,4,57,Power BI,65,41,Negative,No,27,63,Medium,None,Payroll,2026-08-05,1
EMP01977,Employee_1977,51,Male,Sales,Analyst,MCA,Delhi,2018-04-10,10,MGR058,2026-08-01,Present,09:09,19:56,0,8.1,Yes,Verified,Success,Yes,Evening,4.2,Yes,None,1,22,Approved,6.3,6.1,5.2,103842,17755,1640,119957,99,83,91,5,77,AWS,32,80,Negative,No,93,40,Low,None,None,2026-04-10,11
EMP01978,Employee_1978,33,Male,Marketing,Analyst,B.Tech,Delhi,2019-07-16,17,MGR033,2026-08-01,Present,08:26,20:58,0,7.1,Yes,Verified,Success,Yes,Morning,0.0,No,None,11,22,Pending,8.8,7.6,4.8,128102,13848,4031,137919,93,47,88,4,30,HRMS,29,78,Negative,No,88,66,High,Performance,Payroll,2026-07-16,2
EMP01979,Employee_1979,43,Female,Operations,Manager,Master,Bhubaneswar,2020-11-29,18,MGR006,2026-08-01,Present,09:10,19:30,0,7.4,Yes,Verified,Failed,Yes,Evening,1.2,Yes,Sick,18,25,Pending,7.2,4.2,7.8,118460,18740,910,136290,65,91,97,5,3,SAP,31,61,Neutral,No,63,6,Low,Performance,Attrition,2026-11-29,12
EMP01980,Employee_1980,43,Female,Finance,Manager,MCA,Chennai,2020-11-07,4,MGR041,2026-08-01,Present,08:36,18:15,0,7.8,Yes,Failed,Success,Yes,Night,4.2,No,Sick,20,13,Rejected,6.2,4.5,7.7,128396,14321,8455,134262,92,79,78,5,54,Java,49,63,Positive,No,18,90,High,Performance,Payroll,2026-11-07,12
EMP01981,Employee_1981,40,Male,Support,Engineer,MCA,Chennai,2021-10-16,7,MGR037,2026-08-01,Present,10:15,20:55,73,8.4,Yes,Verified,Success,Yes,Evening,5.0,Yes,Earned,15,27,Rejected,8.4,6.1,4.9,41733,7082,3796,45019,64,100,88,4,8,HRMS,82,78,Positive,No,34,79,Medium,Performance,Compliance,2026-10-16,4
EMP01982,Employee_1982,34,Female,Marketing,Analyst,Bachelor,Pune,2019-06-07,4,MGR020,2026-08-01,Present,09:11,19:30,0,7.9,Yes,Verified,Success,Yes,Morning,5.2,Yes,Sick,12,13,Rejected,6.2,5.5,3.4,147546,2889,6165,144270,82,46,90,5,67,Python,67,61,Neutral,No,44,22,Low,Performance,None,2026-06-07,10
EMP01983,Employee_1983,57,Female,Marketing,Engineer,MBA,Bhubaneswar,2024-10-16,12,MGR013,2026-08-01,Absent,09:29,18:13,0,9.7,Yes,Verified,Success,Yes,Evening,0.8,No,None,12,3,Approved,6.9,7.1,4.0,32225,15911,8973,39163,78,77,76,2,71,SQL,1,55,Positive,No,17,17,Low,Leave,None,2026-10-16,2
EMP01984,Employee_1984,34,Male,IT,Manager,B.Tech,Pune,2023-06-17,8,MGR002,2026-08-01,Present,09:55,20:18,0,7.0,Yes,Verified,Success,Yes,Evening,1.2,Yes,Sick,5,2,Approved,7.8,6.1,6.3,66835,10556,5050,72341,64,66,53,2,52,Excel,33,42,Neutral,No,20,25,Low,None,Payroll,2026-06-17,8
EMP01985,Employee_1985,35,Male,Sales,Executive,Bachelor,Pune,2020-02-02,4,MGR077,2026-08-01,Absent,09:26,20:57,0,9.1,Yes,Verified,Failed,Yes,Evening,1.8,No,Sick,14,17,Approved,6.9,7.3,5.9,91551,5585,3715,93421,65,54,72,2,19,SQL,40,65,Positive,No,28,27,High,Late,Payroll,2026-02-02,8
EMP01986,Employee_1986,26,Female,Finance,Coordinator,Bachelor,Bangalore,2021-06-09,14,MGR007,2026-08-01,Present,09:22,20:51,0,9.2,Yes,Verified,Failed,Yes,Evening,2.5,Yes,Earned,16,16,Rejected,8.6,4.4,5.1,99408,4345,8090,95663,76,97,80,5,79,Excel,78,89,Positive,No,65,76,Low,Leave,Payroll,2026-06-09,8
EMP01987,Employee_1987,55,Male,HR,Manager,B.Tech,Delhi,2020-01-29,20,MGR012,2026-08-01,Present,08:34,20:46,0,9.9,Yes,Verified,Success,Yes,Morning,3.9,No,Casual,10,21,Rejected,9.0,6.3,3.3,40903,2025,4953,37975,70,84,93,3,17,Java,77,52,Neutral,No,24,5,Medium,None,Attrition,2026-01-29,7
EMP01988,Employee_1988,47,Female,Support,Analyst,MBA,Bhubaneswar,2020-02-03,7,MGR079,2026-08-01,Present,10:48,20:25,70,7.4,Yes,Verified,Failed,Yes,Night,4.0,Yes,Earned,3,19,Approved,6.8,7.4,5.0,57765,221,1157,56829,55,46,69,2,65,Power BI,8,78,Negative,No,24,21,Low,Performance,Compliance,2026-02-03,5
EMP01989,Employee_1989,26,Female,Support,Analyst,MCA,Delhi,2021-03-22,11,MGR064,2026-08-01,Present,08:58,19:24,0,8.6,Yes,Verified,Success,Yes,Night,0.0,Yes,Sick,2,7,Approved,7.0,7.3,5.6,127240,13749,4778,136211,56,56,87,5,29,Power BI,94,73,Negative,No,29,99,Low,Late,Payroll,2026-03-22,12
EMP01990,Employee_1990,48,Male,Operations,Manager,B.Tech,Bhubaneswar,2024-11-02,19,MGR030,2026-08-01,Present,09:26,19:57,0,9.9,Yes,Verified,Failed,Yes,Evening,2.4,Yes,None,7,17,Pending,8.1,6.7,7.3,141805,15672,2739,154738,64,65,68,4,67,Python,1,96,Negative,No,31,85,Medium,Leave,None,2026-11-02,7
EMP01991,Employee_1991,52,Female,Support,Engineer,Master,Delhi,2021-01-07,3,MGR017,2026-08-01,Present,09:24,19:47,0,8.0,Yes,Verified,Success,Yes,Morning,1.9,No,Casual,11,0,Approved,6.2,7.3,5.7,89485,4783,7932,86336,63,99,85,2,23,Java,1,55,Positive,No,84,21,Low,Late,Payroll,2026-01-07,4
EMP01992,Employee_1992,22,Male,Sales,Executive,MCA,Hyderabad,2022-05-01,17,MGR007,2026-08-01,WFH,09:18,20:17,0,7.1,Yes,Verified,Success,Yes,Evening,1.1,No,Earned,9,27,Pending,6.2,5.9,4.9,75291,13914,3283,85922,86,49,94,4,29,Python,1,48,Negative,No,74,25,Medium,Late,Payroll,2026-05-01,5
EMP01993,Employee_1993,30,Male,IT,Coordinator,B.Tech,Delhi,2021-09-20,8,MGR035,2026-08-01,Present,09:03,18:04,0,7.0,Yes,Verified,Success,Yes,Night,3.1,No,Earned,15,19,Approved,6.7,7.8,4.6,135263,5617,8438,132442,66,97,88,4,48,Java,38,48,Negative,No,29,14,Medium,Performance,Compliance,2026-09-20,12
EMP01994,Employee_1994,35,Female,Marketing,Manager,MCA,Pune,2023-08-11,6,MGR047,2026-08-01,Present,09:08,20:12,0,9.2,Yes,Verified,Success,Yes,Night,0.0,No,None,18,11,Rejected,9.0,6.4,5.3,101475,14870,9514,106831,70,69,70,5,67,SQL,3,42,Positive,No,57,39,Medium,Performance,Payroll,2026-08-11,2
EMP01995,Employee_1995,30,Male,Support,Coordinator,Master,Bangalore,2020-01-06,16,MGR064,2026-08-01,Absent,09:48,18:28,0,9.8,Yes,Failed,Success,Yes,Night,5.3,Yes,Earned,15,16,Rejected,8.6,4.9,2.9,91979,1242,934,92287,58,63,92,4,7,SQL,100,63,Negative,No,56,57,Low,Late,Compliance,2026-01-06,3
EMP01996,Employee_1996,50,Female,Finance,Engineer,B.Tech,Delhi,2020-01-25,16,MGR067,2026-08-01,Present,09:13,18:03,0,9.7,Yes,Failed,Failed,Yes,Night,2.8,Yes,Casual,4,8,Approved,6.6,6.2,5.9,140902,1211,1476,140637,91,88,52,5,53,SQL,90,73,Neutral,No,52,51,High,Performance,Compliance,2026-01-25,8
EMP01997,Employee_1997,49,Male,Finance,Executive,B.Tech,Bangalore,2023-09-25,6,MGR076,2026-08-01,Present,09:03,20:09,0,7.4,Yes,Failed,Success,Yes,Morning,2.6,Yes,Casual,6,26,Approved,7.5,4.0,7.6,98084,9544,7865,99763,62,47,77,4,75,Java,81,95,Negative,No,71,34,Low,Leave,None,2026-09-25,9
EMP01998,Employee_1998,26,Female,HR,Engineer,Bachelor,Delhi,2023-12-14,12,MGR034,2026-08-01,Absent,08:38,20:08,0,7.3,Yes,Verified,Success,Yes,Evening,3.1,Yes,Earned,11,13,Approved,7.5,4.4,5.9,110415,14051,6081,118385,51,75,72,5,38,Python,80,90,Positive,No,17,24,Low,Leave,Compliance,2026-12-14,6
EMP01999,Employee_1999,47,Male,HR,Coordinator,B.Tech,Chennai,2021-08-14,9,MGR018,2026-08-01,Present,09:11,18:54,0,8.1,Yes,Verified,Success,Yes,Night,0.3,No,Earned,6,25,Approved,7.3,7.6,7.4,48730,362,5316,43776,52,64,95,5,2,SQL,95,88,Positive,No,39,80,Low,Late,Compliance,2026-08-14,3
EMP02000,Employee_2000,33,Female,Operations,Manager,MBA,Bangalore,2020-05-14,13,MGR043,2026-08-01,Present,09:50,18:24,0,8.4,Yes,Verified,Success,Yes,Morning,1.3,Yes,Earned,7,7,Rejected,6.5,5.3,7.4,118017,9987,3666,124338,61,50,64,4,79,SAP,18,57,Negative,No,78,33,Low,Performance,None,2026-05-14,10
